State,City,count
FL,Miami,163773
CA,Los Angeles,110272
TX,Houston,98324
NC,Charlotte,92184
FL,Orlando,89083
TX,Dallas,87031
NC,Raleigh,59286
TN,Nashville,54933
TX,Austin,54595
LA,Baton Rouge,52666
CA,Sacramento,49147
CA,San Diego,40661
AZ,Phoenix,40571
GA,Atlanta,40251
MN,Minneapolis,38084
VA,Richmond,32423
AZ,Tucson,32230
FL,Jacksonville,30210
MN,Saint Paul,27829
OK,Oklahoma City,27781
SC,Greenville,27685
OR,Portland,26535
LA,New Orleans,25730
SC,Columbia,25464
FL,Tampa,22560
CA,San Jose,22486
TX,San Antonio,22298
IL,Chicago,21013
CO,Denver,20765
NY,Bronx,20568
OK,Tulsa,20078
CA,Bakersfield,19435
CA,Riverside,19307
IN,Indianapolis,19264
FL,Fort Lauderdale,19150
MO,Kansas City,18597
NY,Rochester,18140
WA,Seattle,17835
FL,Hialeah,17728
CA,San Bernardino,17035
NY,New York,16736
UT,Salt Lake City,16371
DC,Washington,16263
NY,Brooklyn,15927
CA,Oakland,15731
CA,Anaheim,15653
PA,Philadelphia,15582
CA,Fresno,15199
TN,Chattanooga,14778
FL,Fort Myers,14626
CA,Ontario,14472
MI,Grand Rapids,14277
CA,Long Beach,14141
MI,Detroit,14139
CA,Corona,13723
FL,Sarasota,13464
OH,Dayton,13426
LA,Shreveport,13287
FL,Bradenton,13113
TX,Fort Worth,12984
FL,Kissimmee,12920
AL,Birmingham,12741
SC,Spartanburg,12286
CA,San Francisco,12170
TN,Memphis,12083
CA,Whittier,11933
FL,Pensacola,11752
OH,Columbus,11185
MO,Saint Louis,10233
TX,El Paso,10116
MI,Flint,10098
PA,Pittsburgh,9914
VA,Norfolk,9913
OH,Cincinnati,9907
KY,Louisville,9761
FL,Saint Petersburg,9512
CA,Stockton,8960
AL,Montgomery,8957
CA,Hayward,8802
WI,Milwaukee,8693
SC,Anderson,8368
VA,Henrico,8327
PA,Lancaster,8292
FL,Ocala,8264
FL,North Miami,8132
FL,Hollywood,7701
SC,Myrtle Beach,7541
OH,Cleveland,7439
CA,Tracy,7405
CA,Fontana,7270
AL,Huntsville,7247
CA,Irvine,7240
PA,York,7219
NY,Buffalo,7184
CA,Modesto,7181
NE,Omaha,7174
CA,Baldwin Park,7088
NJ,Newark,7057
SC,Greer,7054
GA,Augusta,6984
AZ,Tempe,6885
FL,Homestead,6877
VA,Fairfax,6824
CA,Santa Ana,6764
FL,West Palm Beach,6751
MO,Springfield,6728
CA,Pomona,6714
TN,Antioch,6630
SC,Summerville,6627
MD,Baltimore,6627
VA,Virginia Beach,6564
VA,Fredericksburg,6561
MD,Silver Spring,6524
CA,Pasadena,6493
CA,Fremont,6468
CA,Santa Rosa,6425
FL,Clearwater,6417
FL,Tallahassee,6382
SC,Lexington,6327
VA,Chesapeake,6309
CA,Sherman Oaks,6282
CA,Gardena,6232
SC,Florence,6232
MD,Frederick,6111
NC,Garner,6106
UT,Ogden,6010
CA,Salinas,5988
VA,Alexandria,5817
VA,Woodbridge,5773
CA,Colton,5756
CA,Livermore,5655
CA,Orange,5513
NV,Reno,5415
LA,Lafayette,5397
CA,Rowland Heights,5319
CA,Redlands,5302
VA,Arlington,5228
AL,Tuscaloosa,5220
CA,La Puente,5155
CA,Downey,5134
WA,Tacoma,5110
CA,Inglewood,5084
AZ,Scottsdale,5073
FL,Opa Locka,5044
CA,Diamond Bar,5031
FL,Pompano Beach,5028
CA,San Leandro,4968
CA,Compton,4922
CA,Escondido,4912
CA,Sylmar,4908
TX,Mesquite,4908
KS,Kansas City,4895
AL,Mobile,4888
SC,Simpsonville,4864
SC,Conway,4858
CA,Moreno Valley,4832
MD,Hyattsville,4788
CO,Colorado Springs,4787
AZ,Glendale,4684
CA,Fairfield,4645
SC,Charleston,4627
GA,Decatur,4612
FL,Riverview,4598
CA,Madera,4597
SC,Piedmont,4586
FL,North Miami Beach,4580
CT,Hartford,4551
CA,Hacienda Heights,4540
CA,Perris,4533
NY,Flushing,4520
SC,Fort Mill,4515
FL,Boca Raton,4496
TN,Knoxville,4489
CA,Los Gatos,4468
CA,Norwalk,4439
NY,Albany,4371
CA,San Mateo,4354
AZ,Chandler,4345
NM,Albuquerque,4334
CA,Visalia,4331
CA,Cerritos,4294
CA,Rancho Cucamonga,4287
AR,Little Rock,4277
AZ,Mesa,4276
CA,Garden Grove,4260
VA,Manassas,4233
PA,Norristown,4214
RI,Providence,4211
OR,Pendleton,4205
MD,Bethesda,4198
CA,Castro Valley,4090
VA,Springfield,4079
NC,Asheville,4070
CA,West Covina,4052
NJ,Fort Lee,4051
CA,Redwood City,4034
CA,North Hollywood,4021
TX,Tyler,3974
TN,Madison,3960
CA,Costa Mesa,3956
DE,Wilmington,3951
CA,Richmond,3930
CA,Fallbrook,3918
CA,Mira Loma,3918
SC,West Columbia,3900
CA,Torrance,3896
CA,Berkeley,3889
CA,Carson,3884
VA,Newport News,3881
CA,Chino,3871
OR,Bend,3868
UT,West Valley City,3858
OR,Salem,3812
NY,Staten Island,3791
VA,Centreville,3788
CA,Tustin,3777
CA,Bloomington,3777
FL,Winter Park,3737
CA,Napa,3736
NY,Jamaica,3735
SC,North Charleston,3712
CA,Palmdale,3673
SC,Orangeburg,3665
CO,Aurora,3663
TX,Irving,3644
CA,Santa Barbara,3602
CA,Ventura,3579
CA,Concord,3576
VA,Hampton,3572
NC,Durham,3557
CA,Vallejo,3554
PA,Harrisburg,3546
NY,Syracuse,3543
CA,Hesperia,3536
CA,Burbank,3534
FL,Palm Harbor,3525
CA,Petaluma,3499
CA,Newhall,3493
VA,Lorton,3467
VA,Stafford,3449
FL,Melbourne,3439
MA,Boston,3411
TX,Arlington,3350
FL,Bonita Springs,3289
CA,Glendora,3236
CA,Pacoima,3235
NJ,Jersey City,3225
OR,Eugene,3215
CA,Santa Cruz,3214
CA,Temecula,3212
SC,Taylors,3200
CA,Azusa,3200
FL,Lehigh Acres,3197
FL,New Port Richey,3179
SC,Boiling Springs,3171
NY,Yonkers,3159
SC,Easley,3158
SC,Gaffney,3152
NC,Cary,3118
CA,Lynwood,3112
VA,Falls Church,3095
CA,Santa Fe Springs,3093
CA,Pleasanton,3091
FL,Milton,3073
CA,Walnut Creek,3067
CA,El Monte,3064
KY,Lexington,3049
VA,Glen Allen,3020
VA,Charlottesville,3013
SC,Duncan,2980
CA,Van Nuys,2980
PA,West Chester,2973
CA,Watsonville,2971
CA,Pittsburg,2967
CA,Elk Grove,2961
CA,Murrieta,2954
GA,Marietta,2928
CA,Vista,2918
CA,Santa Maria,2904
CA,Glendale,2903
VA,Midlothian,2898
CA,Emeryville,2892
FL,Hallandale,2890
SC,Sumter,2882
CA,Carlsbad,2872
FL,Naples,2861
CA,Buena Park,2861
CA,Mission Viejo,2851
TX,Manor,2829
FL,North Fort Myers,2829
CA,Culver City,2826
CA,National City,2823
CA,Hawthorne,2822
CA,Mountain View,2808
CA,Encino,2793
CA,Roseville,2782
FL,Largo,2782
CA,Westminster,2777
ID,Meridian,2762
CA,Lebec,2748
CA,Gilroy,2745
OH,Akron,2745
FL,Lake Worth,2738
CA,Martinez,2732
CA,Fair Oaks,2727
MS,Jackson,2720
CA,Vacaville,2720
CA,Merced,2716
CA,Oroville,2697
IL,Elgin,2688
CA,Fullerton,2685
CA,San Dimas,2655
FL,Brandon,2653
CA,Lake Elsinore,2639
SC,Rock Hill,2635
CA,Lancaster,2633
CA,Lodi,2622
VA,Suffolk,2621
TX,Grand Prairie,2615
CA,San Rafael,2615
NC,Greensboro,2601
CA,North Highlands,2599
CA,Paramount,2599
OR,Klamath Falls,2593
VA,Sterling,2589
CA,Jurupa Valley,2577
CA,Sun Valley,2577
SC,Seneca,2575
CA,Bell Gardens,2569
CA,Auburn,2561
FL,Miami Gardens,2559
PA,Pottstown,2557
VA,Chester,2552
SC,Irmo,2546
FL,Boynton Beach,2541
MT,Bozeman,2540
CA,Alhambra,2538
FL,Plant City,2537
CA,Santa Monica,2535
VA,Mc Lean,2532
IA,Des Moines,2528
PA,Conshohocken,2525
FL,Saint Augustine,2518
NC,Knightdale,2516
CA,San Pablo,2503
FL,Gainesville,2497
CA,Oceanside,2475
ID,Boise,2475
CA,Sunol,2465
OR,La Grande,2465
MD,Halethorpe,2452
FL,Lutz,2446
FL,Wesley Chapel,2405
CA,Brea,2398
CA,Morgan Hill,2398
CA,Covina,2394
SC,Walterboro,2391
TX,Pflugerville,2381
FL,Lakeland,2349
CT,Waterbury,2347
NC,Morrisville,2342
CA,San Marcos,2338
CA,Castaic,2333
FL,Lake City,2333
CA,Upland,2328
CA,Carmichael,2324
NY,Woodside,2312
CA,Palo Alto,2311
CO,Englewood,2304
CA,Placerville,2295
CA,Oxnard,2291
CT,East Hartford,2288
SC,Aiken,2280
SC,Ladson,2279
FL,Sanford,2266
VA,Petersburg,2261
VA,Williamsburg,2249
FL,Venice,2241
CA,Hollister,2240
FL,Winter Garden,2237
NJ,Trenton,2235
CA,Manteca,2226
NV,Sparks,2224
WA,Bellevue,2217
CA,Phelan,2215
SC,Inman,2215
DE,New Castle,2214
WI,Madison,2212
NC,Winston Salem,2193
FL,Orange Park,2177
NC,Wake Forest,2174
UT,Draper,2171
FL,Delray Beach,2166
UT,Park City,2164
CA,West Sacramento,2160
AL,Madison,2159
CA,Tulare,2149
CA,Seal Beach,2148
MD,Hagerstown,2144
PA,King of Prussia,2141
CA,Claremont,2139
CA,Marysville,2137
FL,Palmetto,2132
TN,Brentwood,2118
WA,Renton,2118
CA,Newark,2116
FL,Apopka,2096
PA,Allentown,2079
CA,Acton,2077
MN,Burnsville,2069
OR,Ashland,2066
CA,Sunnyvale,2066
CA,Camarillo,2065
SC,Lancaster,2063
CA,San Juan Capistrano,2062
FL,Panama City,2061
CT,Norwalk,2059
CT,Meriden,2059
AZ,Peoria,2047
CA,San Lorenzo,2042
GA,Norcross,2039
CA,Dixon,2038
CA,Grass Valley,2037
NC,Apex,2032
CA,Woodland Hills,2029
CA,Bellflower,2018
FL,Cutler Bay,2015
WA,Vancouver,2015
KS,Overland Park,2015
GA,Savannah,2012
CA,Mission Hills,2008
NC,Holly Springs,2004
OR,Grants Pass,1992
FL,Cocoa,1987
IL,Elmhurst,1984
CA,Milpitas,1980
OR,Albany,1980
SC,Greenwood,1974
TX,Garland,1973
GA,Macon,1971
NJ,Edison,1971
FL,Brooksville,1970
CA,Sonoma,1963
CA,Walnut,1959
CA,Montclair,1953
MD,Laurel,1950
TX,Del Valle,1949
UT,Heber City,1944
CT,New Haven,1942
NY,Schenectady,1940
TN,Hermitage,1935
FL,Davenport,1934
UT,Sandy,1929
TX,Richardson,1924
CA,Davis,1924
CA,Turlock,1910
TX,Carrollton,1906
CT,Bridgeport,1899
NJ,Bellmawr,1898
CA,Victorville,1893
TX,Wichita Falls,1885
NJ,Clifton,1883
WA,Spokane,1877
CA,Fountain Valley,1875
NY,Rye,1872
CT,Greenwich,1866
TN,Johnson City,1864
CA,San Clemente,1861
CO,Golden,1861
CA,Union City,1857
VA,Leesburg,1842
MI,Grand Blanc,1841
VA,Ashland,1839
NY,Brewster,1838
CA,Redding,1836
CA,South El Monte,1835
UT,Lehi,1816
CA,South Gate,1814
CT,Westport,1810
MD,Rockville,1808
CA,Encinitas,1806
TX,Plano,1803
KS,Lenexa,1802
IL,Gurnee,1801
CA,Novato,1798
CA,Rancho Cordova,1797
MN,Hopkins,1794
VA,North Chesterfield,1794
FL,Doral,1792
PA,Reading,1779
VA,Dumfries,1779
CA,Valencia,1778
CA,Chico,1770
VA,Roanoke,1770
CO,Pueblo,1769
MO,St Louis,1767
CA,Hanford,1766
FL,St Petersburg,1766
IL,Lake Zurich,1758
NJ,Kearny,1757
FL,Miami Beach,1754
VA,Winchester,1747
VA,Chantilly,1741
FL,Clermont,1738
WV,Charleston,1737
AL,Dothan,1728
MN,Monticello,1728
MA,Dorchester,1725
FL,Estero,1722
PA,Lansdale,1721
NJ,Elizabeth,1721
OR,Roseburg,1714
FL,Pinellas Park,1710
CA,Arcadia,1708
SC,Moncks Corner,1705
LA,Port Allen,1705
MD,Pikesville,1702
IN,Gary,1698
WA,Everett,1693
AZ,Buckeye,1692
TX,Lewisville,1690
FL,Land O Lakes,1685
NJ,Union,1677
CA,Monrovia,1671
MD,Rosedale,1670
NC,Huntersville,1665
CA,Truckee,1658
TN,Ooltewah,1658
MI,Southfield,1654
VA,Vienna,1653
NY,Corona,1652
FL,Fort Walton Beach,1649
MD,Annapolis,1648
OR,The Dalles,1648
AZ,Avondale,1644
IL,Downers Grove,1643
CA,Alamo,1643
FL,Deerfield Beach,1631
MN,Maple Grove,1627
MN,Forest Lake,1627
MN,Elk River,1625
CA,Rosemead,1624
CA,Huntington Park,1622
FL,Spring Hill,1621
SC,Chapin,1612
CA,Lathrop,1612
PA,Plymouth Meeting,1609
CA,Antioch,1607
AL,Northport,1606
MN,Saint Cloud,1605
SC,Beaufort,1605
CA,Santa Clarita,1603
NY,Oakland Gardens,1601
CA,Porterville,1600
SC,Cowpens,1596
CO,Littleton,1595
TX,Spring,1594
NY,Clifton Park,1588
FL,Palm Beach Gardens,1585
NC,Zebulon,1580
MN,Eden Prairie,1577
CA,North Hills,1575
VA,Ashburn,1574
AR,North Little Rock,1574
OR,Huntington,1573
CA,Granada Hills,1572
CA,Sonora,1570
MN,Osseo,1570
NY,White Plains,1570
CA,Goleta,1566
PA,Downingtown,1562
VA,Staunton,1561
MN,Mankato,1560
UT,Midvale,1555
TX,Denton,1555
KS,Shawnee,1553
CA,Aptos,1546
MO,Independence,1541
KY,Covington,1541
SC,Lugoff,1533
PA,Huntingdon Valley,1533
CT,Stamford,1533
PA,Johnstown,1528
SC,Murrells Inlet,1526
TX,Humble,1519
IL,Libertyville,1519
CA,Atwater,1515
CA,Monterey Park,1514
AZ,Goodyear,1514
OR,Baker City,1513
CA,Chula Vista,1509
CA,Daly City,1506
VA,Portsmouth,1504
CA,Woodland,1501
PA,Ambler,1499
PA,Bethlehem,1499
CA,Rialto,1498
NJ,East Orange,1486
CA,Montebello,1475
OR,Redmond,1468
MD,Glen Burnie,1468
KS,Olathe,1468
MI,Ann Arbor,1467
AZ,Surprise,1466
MN,Duluth,1465
CA,Cupertino,1464
MD,Upper Marlboro,1463
CA,San Luis Obispo,1463
NY,New Rochelle,1461
CA,Galt,1459
DE,Newark,1459
CT,Milford,1458
AZ,Flagstaff,1454
VA,Annandale,1453
MS,Hattiesburg,1453
CA,Danville,1447
NJ,Cherry Hill,1443
CA,Selma,1441
VA,Harrisonburg,1439
CA,Menifee,1439
PA,Coatesville,1436
CA,Los Banos,1433
CA,Tehachapi,1432
CA,Willits,1428
MN,Rochester,1428
VA,Salem,1428
CA,Orinda,1427
CA,Calabasas,1427
UT,Provo,1426
CA,South San Francisco,1423
NY,Latham,1422
SC,Blythewood,1421
CA,Canyon Country,1420
CA,Dublin,1419
KS,Wichita,1417
OR,Blue River,1415
SC,Travelers Rest,1414
SC,Darlington,1409
UT,Tooele,1408
FL,Seffner,1399
MD,Lutherville Timonium,1395
PA,Altoona,1394
CA,Malibu,1394
NY,Maspeth,1391
PA,Willow Grove,1391
PA,Bala Cynwyd,1388
MT,Livingston,1386
UT,Clearfield,1386
IN,Hammond,1383
CA,Lafayette,1379
TN,Goodlettsville,1379
MD,Oxon Hill,1378
WA,Lynnwood,1377
PA,Ephrata,1374
FL,Longwood,1373
SC,Pelzer,1373
CA,Laguna Hills,1373
OR,Medford,1372
TN,Hixson,1363
VA,Ruther Glen,1358
GA,Lithonia,1357
AL,Clanton,1352
CA,Paso Robles,1350
IL,La Grange,1345
OH,Toledo,1345
GA,Stockbridge,1343
SC,Blacksburg,1341
PA,Williamsport,1341
NY,Utica,1341
CA,El Dorado Hills,1339
CO,Castle Rock,1336
AL,Prattville,1334
AL,Daphne,1334
OR,Seaside,1333
VA,Sandston,1331
FL,Hudson,1331
MI,Highland Park,1329
LA,Zachary,1329
FL,Merritt Island,1328
NJ,Irvington,1327
CA,Duarte,1327
IL,Waukegan,1325
FL,Altamonte Springs,1323
FL,Fort Pierce,1319
VA,Chesterfield,1315
NY,Elmhurst,1309
MO,Saint Charles,1306
WA,Olympia,1300
SC,Camden,1300
MN,Shakopee,1298
SC,North Augusta,1297
SC,Clinton,1296
SC,Gaston,1295
MT,Billings,1295
SC,Little River,1288
WA,Kent,1287
OK,Edmond,1287
SC,Ridgeville,1286
SC,Yemassee,1283
CT,West Hartford,1282
CA,Ripon,1281
CA,Menlo Park,1280
SC,Bowman,1280
PA,Carlisle,1279
CA,Mill Valley,1274
CA,Brentwood,1273
CA,Sanger,1270
NY,Elmsford,1270
PA,Manheim,1269
IL,Lake Forest,1268
CA,Delano,1267
MD,Fort Washington,1266
PA,Exton,1265
UT,Cedar City,1264
SC,Clover,1264
CA,Simi Valley,1263
CA,Santa Clara,1263
UT,West Jordan,1263
PA,North Wales,1262
UT,Layton,1260
CA,Yuba City,1258
NY,Nanuet,1255
MN,Inver Grove Heights,1252
OK,Yukon,1251
SC,Hartsville,1249
UT,South Jordan,1245
CA,Antelope,1241
MD,Suitland,1241
CA,Sausalito,1240
IL,Lombard,1240
CA,Ukiah,1234
NC,Hendersonville,1233
CA,Ceres,1233
SC,Ridgeland,1233
MD,Gaithersburg,1231
MD,Temple Hills,1231
OR,Chiloquin,1231
NY,Merrick,1229
TX,Round Rock,1224
IL,Des Plaines,1223
IL,Mundelein,1223
CA,San Bruno,1223
SC,Laurens,1223
VA,Colonial Heights,1222
FL,Gibsonton,1220
GA,Duluth,1219
CA,Clovis,1218
IL,Oak Brook,1216
CT,Windsor,1212
UT,Spanish Fork,1212
CA,Valley Village,1208
CA,San Juan Bautista,1207
CA,Lost Hills,1206
CA,Nipomo,1203
SC,Hardeeville,1203
SC,Belton,1201
MD,Catonsville,1200
PA,Hanover,1198
NJ,Paramus,1198
MT,Missoula,1197
SC,Elgin,1197
PA,Malvern,1195
IL,Addison,1192
MI,Burton,1187
UT,Orem,1186
LA,Metairie,1185
OH,Miamisburg,1182
AL,Athens,1181
CO,Broomfield,1180
NJ,Mount Laurel,1180
CA,Oakdale,1176
CA,Citrus Heights,1174
FL,Sunny Isles Beach,1174
OR,Madras,1171
PA,Elkins Park,1168
CA,Nevada City,1168
PA,Collegeville,1168
IL,Grayslake,1166
PA,Chester,1165
FL,Seminole,1162
MI,Saint Clair Shores,1159
MD,Waldorf,1159
MN,Faribault,1158
NC,Statesville,1157
OR,Beaverton,1155
NY,Roslyn Heights,1155
CA,Los Alamitos,1152
FL,Wildwood,1152
SC,Fountain Inn,1152
NY,Nyack,1151
FL,Ormond Beach,1143
FL,Tarpon Springs,1143
SC,Goose Creek,1139
CA,Winchester,1138
CA,Kingsburg,1137
AL,Cullman,1137
CA,Lompoc,1136
WA,Federal Way,1135
MD,Beltsville,1133
VA,Mechanicsville,1131
MD,Lanham,1131
GA,Forest Park,1131
SC,Loris,1130
SC,Chesnee,1129
SC,Roebuck,1128
PA,Royersford,1127
OR,Tualatin,1126
WA,Auburn,1125
CA,La Jolla,1124
NY,Forest Hills,1123
PA,Phoenixville,1122
CA,Shingle Springs,1120
CA,Mojave,1119
CA,Olivehurst,1118
NY,Little Neck,1118
FL,Daytona Beach,1118
NY,Fresh Meadows,1118
VA,Warrenton,1117
CT,Stratford,1114
NC,Dunn,1114
CA,La Canada Flintridge,1113
NV,Carson City,1112
MI,Farmington,1111
MI,Lansing,1111
MN,Rogers,1110
CA,Red Bluff,1107
NJ,Paterson,1107
NJ,Linden,1106
CA,Isleton,1105
IL,Barrington,1104
TX,Kingwood,1104
FL,Miami Lakes,1100
CA,Orangevale,1100
NJ,Bloomfield,1098
MI,Davison,1095
OR,Springfield,1094
CA,Rosamond,1093
FL,Dade City,1089
MI,Plymouth,1088
MD,Towson,1088
MN,Lakeville,1087
PA,Fort Washington,1086
CA,Sebastopol,1085
CT,Fairfield,1085
NC,Arden,1085
CA,Crescent City,1085
FL,Lake Mary,1082
MT,Kalispell,1082
SC,Westminster,1081
PA,Bellefonte,1081
MD,Brandywine,1077
UT,North Salt Lake,1075
NJ,Parsippany,1075
CA,Patterson,1073
SC,Dillon,1071
MD,Joppa,1068
SC,Newberry,1068
MO,Lees Summit,1067
NY,Newburgh,1061
NY,Hopewell Junction,1057
NJ,Woodbury,1056
OR,Oregon City,1056
CA,Arroyo Grande,1054
CA,City Of Industry,1053
CA,Tarzana,1053
CA,Altadena,1052
WA,Puyallup,1052
CA,Gustine,1049
NY,West Harrison,1048
SC,Pickens,1044
CA,Carpinteria,1043
NJ,North Bergen,1043
CA,Chatsworth,1042
CA,Pleasant Hill,1042
FL,Ocoee,1042
NJ,Bordentown,1041
CT,Middletown,1040
GA,McDonough,1039
MD,Linthicum Heights,1038
CA,Norco,1038
SC,Liberty,1037
NY,Ballston Spa,1035
MI,Clio,1032
SC,Georgetown,1031
VA,King George,1030
CA,Agoura Hills,1029
GA,Tucker,1029
CA,Lawndale,1028
NY,Huntington Station,1027
NJ,South Amboy,1027
AL,Troy,1026
CA,San Gabriel,1025
OR,Jordan Valley,1023
NJ,Teaneck,1021
MD,Chevy Chase,1020
CA,Castroville,1019
CA,Burlingame,1018
RI,Warwick,1016
UT,Kaysville,1015
GA,Kennesaw,1013
FL,Punta Gorda,1011
NY,Valley Stream,1011
NY,Bay Shore,1011
FL,Port Saint Lucie,1010
SC,Longs,1009
CA,Grand Terrace,1008
MD,Gwynn Oak,1006
NJ,Secaucus,1005
FL,Deland,1005
CA,Highland,1002
PA,Bensalem,1001
MI,Madison Heights,1001
MD,Greenbelt,1000
MD,Aberdeen,998
SC,Timmonsville,996
SC,Winnsboro,994
CA,Newbury Park,991
NC,Wendell,986
NY,Whitestone,985
MN,Anoka,985
WA,Bothell,985
FL,Summerfield,984
UT,Magna,983
SC,Latta,983
CA,Carmel,981
PA,Lititz,979
IL,Willowbrook,978
CA,Pinole,977
MN,Hastings,977
CA,Lemoore,976
CT,Wethersfield,976
SC,Swansea,976
CA,Chowchilla,975
PA,Harleysville,973
CA,Eureka,973
OR,Central Point,972
NY,Brentwood,972
FL,Navarre,969
MD,Capitol Heights,966
OR,Arlington,966
MI,Novi,964
CA,Benicia,962
NJ,East Brunswick,962
PA,Glenside,961
UT,Coalville,960
PA,Wayne,960
FL,Ruskin,959
FL,Coral Gables,959
CA,Santa Paula,958
NC,Fletcher,957
PA,State College,956
MD,Ellicott City,955
CO,Larkspur,954
FL,Saint Cloud,953
OR,Ontario,953
MD,Elkridge,953
FL,North Port,952
UT,Roy,951
MA,Andover,951
IL,West Chicago,949
MN,Albert Lea,948
PA,Jenkintown,946
CA,Acampo,946
CA,Calistoga,945
SC,Saint Matthews,945
GA,Smyrna,945
FL,Crestview,944
VA,Woodford,944
CT,Darien,944
AZ,Maricopa,940
WA,Lakewood,940
FL,Defuniak Springs,940
OR,La Pine,939
CA,Lake Forest,939
NY,Westbury,938
AZ,Tolleson,937
CA,French Camp,936
FL,Gulf Breeze,936
PA,Abington,936
MD,Curtis Bay,935
OR,Wolf Creek,934
FL,Holiday,933
CA,March Air Reserve Base,933
CA,Rocklin,931
MI,Warren,929
NJ,Cranford,929
NC,Matthews,925
OR,Clackamas,925
FL,Aventura,923
FL,Palm City,923
UT,Nephi,920
NJ,Hillside,919
FL,Port Richey,919
CA,Corning,918
OR,Maupin,917
CA,Commerce,917
MD,College Park,916
FL,Ellenton,915
TX,Rockwall,913
CA,Alta,913
FL,Oviedo,910
GA,Newnan,905
SC,Gray Court,904
CA,American Canyon,904
IL,Niles,903
OR,Cottage Grove,902
CA,Laguna Niguel,902
NY,Wantagh,901
NY,Bayside,901
NY,Melville,900
CA,Apple Valley,900
PA,Somerset,899
CA,Jamestown,899
TN,Murfreesboro,896
CO,Glenwood Springs,895
CA,Running Springs,894
VA,Quinton,893
NY,Long Island City,893
PA,Elizabethtown,893
CA,Salida,892
IA,Cedar Rapids,885
SC,Wellford,885
OR,Astoria,884
CA,El Sobrante,884
CA,Anderson,883
OR,Woodburn,882
NY,South Ozone Park,880
FL,Rockledge,880
OH,Delaware,875
IL,Hillside,874
CA,Coalinga,874
NJ,Weehawken,874
CA,Huntington Beach,874
NY,Old Westbury,874
GA,Austell,873
VA,Buchanan,873
MD,Nottingham,873
CA,Studio City,872
MI,Romulus,872
SC,Chester,872
CA,Soda Springs,871
VA,Triangle,870
FL,Cantonment,870
CA,Fowler,870
FL,Sebring,868
GA,Buford,867
CA,Camp Pendleton,867
UT,Farmington,865
CA,Rio Linda,865
FL,Yulee,865
NJ,Toms River,863
NC,Mooresville,862
NJ,Blackwood,862
CO,Fort Collins,860
AL,Decatur,860
SC,Saint George,860
CO,Commerce City,859
SC,York,858
UT,Fillmore,857
FL,Hobe Sound,857
SC,Manning,856
FL,Quincy,853
OR,Aurora,852
NY,West Nyack,851
PA,Columbia,850
SC,Woodruff,848
CA,Los Altos,847
TX,Balch Springs,845
SC,Moore,844
SC,Bennettsville,844
MI,Fenton,842
CT,Danbury,840
MD,Parkville,840
NC,Waynesville,838
MO,Liberty,838
CA,Westlake Village,837
AL,Leeds,837
NY,Mount Vernon,836
CA,Earlimart,836
MN,Northfield,836
CA,Colfax,836
CA,Half Moon Bay,835
CA,Barstow,834
NY,Jericho,834
CA,San Martin,834
CA,Cottonwood,833
AZ,Sedona,832
CA,Moorpark,831
IL,Joliet,829
IL,Bolingbrook,828
LA,Lake Charles,826
PA,Mechanicsburg,824
MD,Bowie,824
MN,Owatonna,823
VA,Wytheville,822
CT,Plainville,821
CO,Johnstown,821
PA,Clearfield,819
PA,Greensburg,819
NY,Great Neck,817
CA,Yorba Linda,816
NY,Watervliet,816
NY,Astoria,816
PA,Bloomsburg,815
OR,Coos Bay,815
CA,Coarsegold,814
NY,East Elmhurst,811
AZ,Gilbert,811
FL,Polk City,810
NY,Webster,810
NY,Rome,809
MI,Dearborn,808
CA,Monterey,808
NY,Katonah,806
TX,Duncanville,806
CA,South Lake Tahoe,806
CA,Delhi,805
ID,Nampa,804
MI,Roseville,804
TX,Conroe,801
MI,Jackson,801
CA,Arvin,801
TX,Lancaster,800
NY,Yorktown Heights,799
VA,Herndon,799
CA,San Pedro,798
PA,Hatfield,794
OR,Hermiston,794
CA,Bishop,794
CA,King City,793
FL,Jupiter,793
NY,Tarrytown,793
IL,Woodridge,792
NY,Wappingers Falls,791
CA,Susanville,790
TN,Joelton,790
NY,Cortlandt Manor,789
MA,Quincy,789
FL,Dover,788
MD,Bel Air,788
MT,Clinton,788
CA,Ojai,785
CA,Del Mar,784
NE,Bellevue,783
CA,La Crescenta,783
VA,Lexington,782
NY,West Hempstead,777
CA,San Ramon,777
FL,South Miami,777
NC,Wilmington,775
NJ,Iselin,774
GA,Lithia Springs,773
IL,Tinley Park,772
OR,Eagle Point,772
AZ,Black Canyon City,770
FL,Zephyrhills,768
IL,Carol Stream,768
VA,Powhatan,768
CA,Littlerock,767
CA,Royal Oaks,767
OR,North Powder,766
CA,Lincoln,765
OR,Hood River,765
NC,Winston-Salem,765
CO,Vail,765
RI,Cranston,764
IN,Lake Station,764
SC,Williamston,764
CA,Thousand Oaks,763
SC,Pendleton,762
NY,Saratoga Springs,761
IA,Council Bluffs,761
SC,Bluffton,761
GA,Alpharetta,761
AL,Bessemer,760
UT,American Fork,759
IL,Round Lake,757
SC,Bishopville,757
MI,Brighton,757
MI,Mount Morris,757
IL,Lisle,757
MD,Millersville,756
UT,Morgan,756
CA,Valyermo,756
FL,Live Oak,755
OR,West Linn,755
AZ,Kingman,753
OR,Tillamook,753
NY,Tonawanda,753
MO,Hazelwood,752
FL,Marianna,752
RI,Pawtucket,751
WA,Bellingham,751
MD,Jessup,750
NJ,Camden,749
PA,Easton,749
MI,Kalamazoo,748
TN,Whites Creek,748
IL,Hanover Park,747
FL,Crawfordville,746
NY,Massapequa,746
GA,Griffin,746
CO,Parker,744
CA,Valley Springs,744
CA,Byron,743
PA,Hatboro,742
MI,Livonia,741
FL,Lake Worth Beach,741
OR,Corbett,741
PA,Blue Bell,741
PA,King Of Prussia,739
CA,Reedley,739
FL,Palmetto Bay,738
CA,San Carlos,738
IL,Wheaton,737
CA,San Fernando,736
PA,Horsham,733
GA,Clarkston,731
NY,Bronxville,730
NJ,East Rutherford,729
CT,Cromwell,728
CA,Harbor City,726
MD,Windsor Mill,726
FL,Dania,725
LA,Baker,725
NY,Manhasset,724
UT,Hurricane,723
AZ,Payson,723
MN,Sauk Centre,722
IL,North Chicago,721
IL,Glen Ellyn,720
AL,Cottondale,720
CA,Mariposa,720
PA,Chambersburg,719
PA,Danville,718
SC,Richburg,716
KY,Ft Mitchell,716
VA,Quantico,715
NC,Concord,715
CA,Lakehead,713
VA,Fairfax Station,713
NY,Hauppauge,713
FL,Maitland,712
AL,Oneonta,709
NY,Pittsford,708
CA,Bonsall,708
SC,Leesville,708
VA,Gainesville,708
MT,Helena,706
OR,Cascade Locks,706
WA,Marysville,706
CT,Farmington,705
AR,Benton,704
OR,Myrtle Creek,704
IA,Iowa City,703
CA,La Verne,702
CA,Rio Vista,701
CA,Somis,701
GA,Forsyth,701
AZ,Mayer,700
GA,Hephzibah,699
CA,Firebaugh,696
MI,Canton,696
CA,Kerman,695
NY,Troy,695
VA,Christiansburg,694
NJ,Gloucester City,692
MD,Myersville,690
IN,Greenfield,690
WA,Kirkland,690
OR,Wasco,689
SC,Hopkins,689
NJ,Clark,689
AZ,Marana,687
OR,Hillsboro,687
VA,Lanexa,687
CA,Newcastle,687
CA,Belmont,686
MD,Easton,686
LA,Bossier City,685
TX,Pasadena,685
WI,Waukesha,685
CA,Chino Hills,684
MN,Alexandria,684
VA,Abingdon,684
SC,Pawleys Island,684
CA,Healdsburg,684
NY,Gansevoort,683
CO,Arvada,682
SC,Marion,682
CA,Oakhurst,682
CA,Folsom,681
MI,Hazel Park,679
VA,McLean,678
FL,Panama City Beach,676
NC,Fayetteville,675
OR,Government Camp,675
PA,Lewistown,674
IL,East Saint Louis,674
IL,Naperville,674
MD,Elkton,673
CA,Crestline,673
CO,Wheat Ridge,672
NY,Roosevelt,672
CA,Soquel,672
SC,Fair Play,671
IL,Lansing,671
AZ,Sun City,670
PA,Gettysburg,668
CA,Dinuba,667
CA,Porter Ranch,666
SC,Lake City,666
CA,Soledad,666
FL,Leesburg,666
MI,Taylor,665
CA,Mendota,664
CA,Exeter,664
SC,Eastover,663
OR,Gold Hill,663
VA,Doswell,662
MI,Ypsilanti,661
AL,Jemison,660
NY,Queens Village,659
CA,Rodeo,659
FL,Monticello,657
CA,Scotts Valley,656
NY,Bellmore,655
TX,Hurst,654
GA,Columbus,654
FL,Titusville,654
MA,Medford,654
CT,Trumbull,653
IA,Urbandale,653
AL,Opelika,653
LA,Greenwell Springs,653
IN,New Albany,651
CA,Granite Bay,650
FL,Alachua,649
IL,Buffalo Grove,649
KY,Erlanger,649
CA,Winton,649
UT,Brigham City,649
CA,Wilmington,649
CA,Hercules,648
MN,Brainerd,648
GA,Suwanee,647
CA,Mc Farland,647
WV,Huntington,646
MD,District Heights,646
CA,Templeton,646
PA,Philipsburg,645
CA,Livingston,645
MN,Clearwater,644
CA,Boulder Creek,643
OR,Jefferson,643
CA,Lakeport,641
IL,Bensenville,641
TX,Forney,640
CA,Pollock Pines,640
CA,Ladera Ranch,639
IL,Hinsdale,639
NC,Clyde,639
UT,Centerville,639
VA,Waynesboro,639
TN,La Vergne,638
GA,Lawrenceville,638
NY,Fishkill,637
PA,Tyrone,637
CA,Orland,637
NC,Gastonia,637
OR,Lakeview,636
MI,Swartz Creek,636
NC,Salisbury,636
MN,Winona,636
FL,St Augustine,635
CA,Pioneer,634
CA,Kelseyville,634
NY,Farmingdale,631
VA,Lynchburg,630
NJ,Hightstown,630
IL,Bartlett,630
OR,Wilsonville,629
CO,Frisco,629
MT,Saint Regis,628
OR,Oakland,626
CA,Artesia,626
IL,Deerfield,626
FL,Okeechobee,626
CA,Wildomar,625
CA,Yreka,625
FL,Palm Bay,624
MA,Waltham,624
SC,Central,623
MA,Braintree,623
NY,Port Chester,623
CO,Brighton,623
FL,Reddick,623
IL,Wadsworth,622
CA,Escalon,622
GA,Jackson,622
MD,Perryville,621
MO,Blue Springs,620
NJ,New Brunswick,620
SC,Union,620
CT,Southington,619
CT,Rocky Hill,619
IN,Fort Wayne,618
CA,Lindsay,618
IL,Palatine,617
CA,Millbrae,617
CA,Norden,615
IL,Villa Park,614
MI,Royal Oak,614
PA,Marcus Hook,612
NY,Hawthorne,612
TX,Buda,611
FL,Windermere,611
PA,Selinsgrove,611
CO,Fountain,610
NY,Bellerose,610
IN,Lebanon,610
CA,Atascadero,610
PA,Penfield,609
FL,Palm Coast,609
MD,Abingdon,609
MO,Bridgeton,608
MD,Clinton,608
CA,Cardiff By the Sea,607
NJ,Woodbridge,605
MN,Chaska,604
CA,Nuevo,602
OR,Oakridge,602
MN,Newport,600
CA,Buttonwillow,600
TX,Katy,600
CA,Wasco,599
WV,Martinsburg,598
MA,Dorchester Center,598
UT,Richfield,598
PA,Lemoyne,597
NC,Lexington,596
WA,Arlington,596
CA,Huron,594
WI,Brookfield,594
GA,Stone Mountain,593
CA,Campbell,593
NY,Suffern,593
NY,West Babylon,593
SC,Harleyville,592
GA,Cartersville,592
MA,Milton,592
NJ,Princeton,592
PA,Kennett Square,591
CA,Kettleman City,591
AL,Tanner,591
WI,Green Bay,591
NY,Catskill,591
MN,Saint Michael,590
FL,Macclenny,590
MN,Circle Pines,589
OR,Vale,589
NY,Sloatsburg,589
OR,Clatskanie,589
AL,Jasper,588
IL,Lake Villa,588
CT,New Britain,587
SC,Townville,586
MN,South Saint Paul,586
MI,Holland,586
NY,Beacon,586
MD,Mount Airy,586
MN,Saint Peter,586
FL,Opa-Locka,585
CA,Wilton,584
CT,North Haven,584
NY,Commack,584
SC,Graniteville,583
MN,North Branch,579
PA,New Cumberland,579
NC,Godwin,578
SC,Enoree,578
DE,Middletown,577
NC,Kernersville,576
TX,Grapevine,576
NY,Kingston,576
NC,Lumberton,575
VA,Purcellville,575
IL,Antioch,574
IN,Merrillville,573
AZ,Tonopah,573
NY,Scarsdale,571
FL,Deltona,571
KS,Leawood,571
PA,Washington,571
VA,Strasburg,571
NH,Manchester,570
TX,Webster,570
FL,Nokomis,570
NY,Ronkonkoma,569
VA,Elliston,568
FL,Englewood,568
MN,Cannon Falls,568
IA,West des Moines,567
PA,Denver,567
PA,Whitehall,566
NC,Pineville,565
CA,Saratoga,565
CO,Longmont,564
NY,Queensbury,564
CA,Saint Helena,564
VA,New Kent,564
PA,Duncansville,562
AZ,Williams,562
CO,Loveland,562
TN,Franklin,562
MD,Hanover,561
SC,Effingham,561
IL,Schaumburg,560
FL,Apollo Beach,560
MA,Weston,560
NY,Howard Beach,560
MN,Stillwater,560
AR,Fort Smith,560
NY,Spring Valley,559
OH,Dublin,559
SC,Okatie,558
NY,Fairport,558
LA,Breaux Bridge,558
CA,Rancho Santa Fe,558
OR,Corvallis,558
MN,Hugo,557
PA,Bedford,557
PA,Wyncote,557
UT,Woods Cross,556
TN,Cordova,556
NY,Ridgewood,556
VA,Spotsylvania,556
OR,Newberg,555
MT,Columbus,555
OR,Prineville,555
CA,Hopland,555
SC,Beech Island,554
CA,Mount Shasta,554
UT,Riverton,554
CA,Middletown,553
CA,Dos Palos,553
VA,Gloucester,553
MI,Wyoming,553
OR,Happy Valley,552
CA,Pixley,551
CT,Branford,550
CA,Floriston,549
MI,Flushing,549
AZ,Lake Havasu City,548
MI,Battle Creek,547
VA,Bristol,547
IL,Glendale Heights,547
PA,New Castle,547
WA,Mountlake Terrace,547
UT,Snowville,547
MD,Germantown,545
MD,Columbia,545
SC,Summerton,545
GA,Conyers,544
PA,Carnegie,544
FL,Key Biscayne,544
MT,Butte,544
MD,Brooklyn,543
MD,Williamsport,543
FL,Pembroke Pines,543
VA,Weyers Cave,543
CA,Fort Bragg,542
CA,Crockett,540
FL,Dunedin,540
CT,Orange,539
NY,Mamaroneck,539
CT,Wallingford,539
PA,Du Bois,539
FL,Parrish,539
FL,Dunnellon,539
OH,Grove City,539
IL,Vernon Hills,539
NY,Lake George,538
UT,Thompson,538
MN,Ellendale,537
FL,Vero Beach,536
SC,Ridgeway,534
FL,Micanopy,534
NC,Hillsborough,534
VA,Louisa,533
MO,Chesterfield,533
FL,Arcadia,532
LA,Scott,532
TN,Old Hickory,532
NJ,Elmwood Park,531
OH,Westerville,531
FL,Santa Rosa Beach,530
CA,Fillmore,530
CA,Tahoe City,529
PA,Jonestown,528
NC,Chapel Hill,528
MD,Riverdale,528
SC,Holly Hill,528
PA,Milton,527
IL,Itasca,527
CT,West Haven,527
CA,Pismo Beach,527
PA,Muncy,527
CA,Montague,527
OR,Florence,526
CA,Taft,526
CO,Silver Plume,526
NJ,Eatontown,525
CA,Blythe,525
FL,Cape Coral,525
CA,Ridgecrest,525
SC,Campobello,525
PA,Stroudsburg,524
OR,Dayton,524
AL,Calera,524
MN,Hinckley,523
PA,Brookville,523
AZ,Laveen,523
NJ,Kenilworth,522
PA,Camp Hill,522
FL,Mims,522
GA,Acworth,521
CA,Moss Landing,521
GA,Morrow,520
CA,Weed,520
CO,Westminster,520
OR,Burns,520
NY,Liverpool,520
WA,Sumner,519
WI,Oak Creek,519
WI,Appleton,519
TX,Allen,518
OR,Meacham,518
NJ,Saddle Brook,517
PA,Lewisburg,517
CA,Clearlake Oaks,517
NJ,Ridgefield Park,517
CA,Lamont,517
NC,Candler,516
MA,Billerica,516
CA,Williams,516
MI,Allen Park,516
NC,Benson,516
WV,South Charleston,516
IL,Zion,515
NJ,Lakewood,515
NY,Springfield Gardens,515
AL,Warrior,514
CA,Santa Margarita,514
TX,San Marcos,514
MN,Zumbrota,513
FL,Davie,513
OR,Union,512
PA,Montgomeryville,511
MA,Lexington,510
MD,Ijamsville,510
AR,West Memphis,510
AR,Fayetteville,509
WA,Gig Harbor,509
FL,Kenansville,509
CA,Aromas,508
CA,Arcata,508
UT,Beaver,507
OR,Weston,507
OR,Brookings,506
IL,East Peoria,505
NY,Plainview,505
CA,Bay Point,505
NJ,Ridgefield,504
LA,Houma,504
MI,Monroe,503
CA,Corte Madera,503
MD,Clarksburg,502
LA,Kenner,502
MN,Bemidji,502
OH,Independence,500
VA,Max Meadows,500
MN,Little Falls,499
CA,Newport Beach,499
SC,Honea Path,497
AL,Alabaster,497
MA,Reading,496
NY,East Syracuse,496
SC,Prosperity,495
FL,Odessa,495
OR,Otis,495
SC,Little Mountain,495
SC,Walhalla,495
NJ,Bedminster,494
CA,Homeland,494
MA,Methuen,494
CA,Redondo Beach,493
GA,Canton,493
NY,New Paltz,493
SC,Lynchburg,492
KY,Newport,492
NY,Pelham,492
SC,Santee,492
MA,Tewksbury,491
NV,Fallon,491
PA,Lenhartsville,490
CA,Rohnert Park,489
PA,Telford,488
CO,Evergreen,488
PA,Sewickley,488
NY,Islandia,488
VA,Bealeton,488
SC,Lyman,487
NY,Rosedale,487
PA,Grantville,486
MA,Peabody,485
OR,Damascus,485
CT,Cheshire,485
ID,Caldwell,485
TN,Cleveland,484
NY,Putnam Valley,484
LA,Hammond,484
DE,Claymont,483
VA,Hillsville,483
WV,Morgantown,483
OR,Coquille,481
NY,Saugerties,481
NY,Hempstead,481
CO,Morrison,480
FL,Wimauma,480
MT,Belgrade,480
PA,Narberth,479
NY,Batavia,479
CA,Mentone,479
IL,Forest Park,479
IL,Northbrook,479
UT,Grantsville,478
PA,Gladwyne,478
MD,Ocean City,477
AZ,Ganado,477
IL,Posen,477
VA,Reston,476
PA,Dillsburg,476
CA,Placentia,476
CA,La Palma,476
MI,Clarkston,476
TX,Bedford,476
VA,Emporia,475
PA,Essington,475
VA,Rocky Mount,475
OR,Chemult,474
PA,Middletown,474
VA,Middletown,474
IN,Clarksville,473
IL,Plainfield,472
MT,Whitehall,472
NJ,Hackensack,472
MI,Harper Woods,471
CA,Quincy,470
AZ,New River,470
MA,Randolph,470
FL,New Smyrna Beach,469
TN,Lenoir City,469
CO,Henderson,468
NY,Syosset,468
GA,Pooler,468
CA,Jackson,468
CA,El Segundo,467
CA,Cotati,467
NJ,Fords,466
IL,Wauconda,466
MD,Havre de Grace,466
NJ,Morristown,466
CA,Felton,466
MI,Benton Harbor,465
CA,Lower Lake,464
OR,Gilchrist,464
MD,Parkton,464
PA,Wynnewood,464
NC,Burlington,464
MN,Rosemount,463
MN,Savage,463
NY,Grand Island,463
MO,Wentzville,463
MN,Carlton,462
NY,Spencerport,462
MI,Belleville,462
IL,Roselle,462
MD,Owings Mills,461
IN,Zionsville,461
IL,Skokie,461
WA,Snohomish,461
UT,Wendover,461
OR,Warrenton,461
MA,Framingham,461
SC,Landrum,461
CA,South Pasadena,460
TN,Arlington,460
IL,Pekin,459
TN,Cookeville,459
MT,Laurel,459
IL,Berkeley,458
CA,Windsor,458
DE,Bear,458
MA,Woburn,458
CA,Hilmar,457
CA,Linden,457
OR,Rainier,457
NY,Poughkeepsie,457
NY,Brockport,457
AL,Wetumpka,456
PA,Shippensburg,456
NY,Hudson,456
TX,Georgetown,455
OR,Idleyld Park,455
OH,Canton,455
SC,Gilbert,455
MS,Southaven,455
NJ,West Orange,455
IL,Elk Grove Village,454
PA,Mill Hall,454
NJ,Carteret,454
AL,Phenix City,453
PA,Bradford,453
CA,Big Sur,453
IL,Highland Park,452
LA,Slidell,452
NY,Ossining,452
CO,Dillon,451
PA,Schwenksville,451
IA,Davenport,451
FL,Immokalee,450
IL,Hoffman Estates,450
PA,Bryn Mawr,449
PA,Ebensburg,449
IL,South Holland,449
IL,Berwyn,449
VA,Aldie,448
IL,Hazel Crest,447
MN,Pine City,447
NV,Wells,446
TX,Euless,446
MA,Charlestown,446
PA,Woodlyn,446
GA,Douglasville,445
PA,Langhorne,445
PA,Huntingdon,445
PA,Scranton,445
MA,Foxboro,444
CA,Loomis,444
FL,Port Charlotte,444
GA,Woodstock,444
VA,Front Royal,443
NJ,Brick,443
CA,Needles,443
MN,Buffalo,443
GA,Ringgold,443
PA,Souderton,442
CA,Llano,442
FL,Oldsmar,442
CA,Riverdale,442
OR,Creswell,441
CO,Monument,440
MO,Grandview,440
FL,Groveland,439
PA,Loganton,439
NC,Morganton,439
CA,Upper Lake,438
IA,Ankeny,438
IL,Bloomingdale,438
CA,Seaside,438
NC,Hickory,437
VA,Greenville,437
SC,Kershaw,437
VA,Raphine,437
VA,Dunn Loring,436
NY,Garden City,436
CA,La Mirada,436
MA,Chelmsford,436
PA,Irwin,436
AL,Theodore,436
OR,Sheridan,435
MT,Drummond,435
MN,Cottage Grove,435
NJ,Rutherford,434
VA,Yorktown,434
CA,Lakewood,434
VA,Toano,433
CA,Stevenson Ranch,433
CT,Manchester,433
GA,Commerce,433
OR,Grand Ronde,433
GA,Union City,432
CA,Wofford Heights,432
NY,Rensselaer,432
UT,Saint George,431
SC,Andrews,431
NC,Clayton,431
WA,Issaquah,430
UT,Paragonah,430
CA,Ione,430
CA,Discovery Bay,430
IL,Justice,430
NJ,Marlton,428
CA,Winters,428
CA,Gonzales,428
RI,Lincoln,428
TN,Smyrna,427
VA,Woodstock,427
CT,Newtown,427
OR,Sisters,427
FL,Oxford,427
NC,Canton,427
KS,Mission,427
CA,Willows,427
FL,Middleburg,427
MI,Grandville,426
IL,Darien,426
FL,Belleview,426
PA,Quakertown,426
TX,Lake Dallas,426
NY,Rhinebeck,426
UT,Springville,426
CA,Orosi,425
MN,Albertville,425
MD,Stevensville,424
CA,Capitola,424
MN,Austin,424
CT,Southbury,423
OR,North Bend,423
SC,Aynor,423
SC,Saluda,423
IN,Richmond,423
NC,Cornelius,422
MD,Queenstown,422
IL,Arlington Heights,422
TX,Sunnyvale,422
IL,Bridgeview,421
NV,Washoe Valley,421
NJ,Elizabethport,420
GA,Perry,420
GA,Locust Grove,420
NJ,Swedesboro,419
NY,Southfields,419
FL,Jasper,418
PA,Port Matilda,418
TX,New Braunfels,418
IL,Maywood,418
RI,East Providence,418
FL,Casselberry,418
VA,Troutville,418
NY,Henrietta,417
FL,San Antonio,417
FL,Bushnell,417
MD,Denton,417
NY,Roslyn,417
CA,Newman,417
NY,North Salem,417
TX,Leander,417
AR,Conway,417
OR,Reedsport,417
CA,Caliente,417
GA,Fairburn,416
MA,Canton,416
CA,Cloverdale,416
SC,Abbeville,416
OR,Lebanon,416
CA,Pico Rivera,415
MA,Wilmington,415
MN,Jordan,415
CA,Lake Arrowhead,415
FL,Valrico,414
LA,Youngsville,414
UT,Green River,414
VA,Covington,413
VA,Providence Forge,413
SC,Mullins,413
SC,Kingstree,413
CO,Boulder,413
PA,Erie,412
FL,Chipley,412
IN,Chesterton,412
MI,Portage,411
MN,Sauk Rapids,411
MN,Princeton,411
PA,Hamburg,411
PA,Gilbertsville,411
MN,Detroit Lakes,410
NY,Seaford,410
PA,Leola,410
VA,Marion,409
TX,Cedar Park,409
CA,Tipton,409
GA,Brunswick,409
MA,Lowell,409
OR,Boardman,409
TX,Schertz,409
PA,Springfield,408
CA,Caruthers,408
NY,Selkirk,408
NY,New Windsor,408
TX,North Richland Hills,407
NJ,Hammonton,406
CA,Pala,406
SC,Iva,406
AL,Pike Road,405
CA,McArthur,405
MO,Columbia,405
NC,Leland,405
GA,Gainesville,405
VA,Dinwiddie,405
GA,Covington,404
FL,Lake Placid,404
WA,Mount Vernon,404
VA,Carrollton,404
MO,O Fallon,403
SC,Warrenville,403
SC,Lamar,403
LA,Grosse Tete,403
AR,Marion,403
MD,Dundalk,403
NY,Penfield,402
NJ,Lawrence Township,402
GA,Ellenwood,402
FL,Madison,401
MA,Haverhill,401
PA,Howard,400
MT,Cardwell,400
CA,Pacifica,399
NJ,Bridgewater,399
NY,Carmel,398
MD,Middletown,398
VA,Marshall,398
OH,Lewis Center,398
NJ,Holmdel,397
OR,Lake Oswego,397
TX,Bellaire,397
CA,Hughson,397
NC,Marion,397
OR,John Day,397
NJ,Pennsauken,397
CA,Brisbane,396
WA,Mercer Island,396
LA,Covington,396
MO,Fenton,396
NC,Fuquay Varina,396
PA,Woodland,396
CA,Marina,395
TX,McKinney,395
MI,Holly,395
OR,Brothers,395
MD,Cumberland,394
NJ,Perth Amboy,394
PA,Annville,393
FL,Citra,393
NY,Woodbury,393
NY,North Babylon,393
MD,Monrovia,393
FL,Midway,392
TX,Rowlett,392
VA,Verona,392
VA,Mount Crawford,391
CA,Pleasant Grove,391
CA,Guerneville,391
WV,Inwood,391
CT,Southport,390
PA,Ridley Park,390
NJ,Keasbey,390
CA,Strathmore,389
CA,Santa Ynez,389
FL,Saint Johns,388
CA,Groveland,388
NY,Halfmoon,388
FL,DeLand,388
IL,Warrenville,388
VA,Mineral,388
OR,Mcminnville,387
RI,Johnston,387
SC,Marietta,387
CA,Topanga,387
PA,Media,387
WY,Rock Springs,387
CA,Forestville,387
NY,Holbrook,387
MT,Wolf Creek,387
MT,Superior,387
NC,Selma,386
PA,Kane,386
UT,Bountiful,386
MI,Saginaw,386
OH,Perrysburg,386
CA,Shaver Lake,386
LA,LA Place,386
PA,Lebanon,385
TX,Burleson,385
FL,Palatka,385
GA,Villa Rica,385
FL,Freeport,384
TN,Lebanon,384
UT,Payson,384
CA,Rancho Santa Margarita,384
MD,North East,383
PA,Sunbury,383
NJ,Little Falls,383
CA,San Andreas,383
AR,Springdale,383
NY,Medford,382
NY,Mount Kisco,382
VA,Culpeper,382
CA,Mckinleyville,382
OR,Toledo,382
MO,Maryland Heights,381
CA,Solana Beach,380
ND,Fargo,380
MN,Chanhassen,380
CA,Greenbrae,380
MI,Clinton Township,380
NJ,Burlington,379
PA,Feasterville Trevose,379
IL,Melrose Park,379
AL,Pelham,379
MN,Ashby,379
PA,Lock Haven,379
IL,Schiller Park,379
NC,Wade,378
MO,Lee's Summit,378
MN,Rush City,378
SC,Pamplico,378
MA,Cambridge,378
MD,Reisterstown,378
CA,Magalia,378
OR,Troutdale,377
NJ,Monroe Township,377
FL,Gotha,377
MI,Whitmore Lake,377
CT,East Haven,376
UT,Willard,376
MI,Auburn Hills,376
NC,Mebane,376
NY,Lagrangeville,376
MN,Champlin,376
MN,Lake Elmo,376
OR,Elgin,375
OR,Culver,375
MN,Hibbing,374
NY,Armonk,374
CA,Hemet,374
LA,Denham Springs,374
VA,Edinburg,374
NY,Phelps,373
IL,Ingleside,373
NC,Belmont,373
CA,Arnold,373
NY,Central Valley,373
CA,Elverta,373
MD,Edgewood,373
GA,Port Wentworth,372
UT,Fairview,372
CA,Live Oak,372
IL,Westmont,372
OR,Banks,372
MO,Saint Peters,372
VA,Keswick,372
CA,Arbuckle,371
PA,Monroeville,371
AZ,El Mirage,371
NY,Binghamton,370
VA,South Chesterfield,370
TX,Baytown,370
WA,Bremerton,370
CA,Helendale,370
CA,Wheatland,369
MA,Chelsea,369
OR,Cloverdale,369
FL,Callahan,369
CA,Colusa,368
NJ,Piscataway,368
SC,Alcolu,368
NY,Uniondale,367
CA,Vernon,367
NC,High Point,367
NE,Gretna,367
IL,Rolling Meadows,367
VA,Berryville,366
AZ,Prescott,366
MA,Worcester,366
SC,Scranton,366
OR,Echo,365
WA,Ridgefield,365
CA,Greenfield,365
OR,Irrigon,365
NJ,Phillipsburg,364
OR,Detroit,364
NY,Richmond Hill,364
AR,Rogers,364
MN,Worthington,364
PA,Duncannon,364
NY,Amsterdam,364
CA,Ben Lomond,363
NJ,Bayonne,363
PA,Villanova,363
CA,Wrightwood,363
MD,Cabin John,363
OR,Dallas,362
NJ,Wayne,362
SC,Hemingway,362
OH,Bedford,361
PA,New Holland,361
CA,Lake Isabella,361
NJ,Merchantville,361
PA,Lafayette Hill,361
VA,Haymarket,360
GA,Jefferson,360
PA,Morgantown,360
TN,Jonesborough,360
VA,Stephens City,360
NY,Cambria Heights,360
VA,Amelia Court House,360
FL,Holt,359
TX,Cypress,359
PA,Berwyn,359
MD,Essex,359
AL,Heflin,359
OR,McMinnville,359
OR,Powell Butte,358
OR,Harrisburg,358
AL,Fairfield,358
AL,Vance,358
MN,Wayzata,356
FL,Bonifay,356
CA,Sloughhouse,355
AL,Shorter,355
PA,Ardmore,355
UT,Monticello,355
NY,Highland Falls,354
OR,Bandon,354
IL,Lake Bluff,354
TX,Weatherford,354
TX,Royse City,354
FL,Sun City Center,354
VA,Burke,354
OR,Junction City,353
IN,Columbus,353
OH,West Chester,353
MI,Lincoln Park,352
NC,Whitsett,352
MN,Wyoming,352
SC,North,352
SC,Hodges,352
MI,Troy,351
DE,Dover,351
OR,Cave Junction,351
PA,Berlin,350
MD,Perry Hall,350
OR,Vida,350
NJ,Metuchen,350
NY,Rego Park,349
MA,Jamaica Plain,349
MA,North Billerica,349
WY,Wamsutter,349
TX,Spicewood,349
CA,Laytonville,349
AZ,Salome,349
MT,Bigfork,349
SC,Pageland,348
FL,Cottondale,348
PA,Jersey Shore,348
LA,Broussard,347
FL,Christmas,347
TN,Guild,347
CA,Blue Lake,346
NY,Patchogue,346
TN,Clarksville,346
OR,White City,346
UT,Lindon,346
CA,Corcoran,346
MA,Burlington,345
CA,Adelanto,345
CA,Sunland,345
AZ,Casa Grande,345
NJ,Springfield,344
NY,Kew Gardens,344
FL,Homosassa,344
CA,Garberville,344
PA,Dover,344
OR,Molalla,344
MN,Grand Rapids,344
PA,Wilkes Barre,344
NY,Holtsville,344
GA,Roswell,344
MA,Roxbury,343
CA,Loma Linda,343
AZ,Wickenburg,343
NJ,Belmar,343
CA,Carmel Valley,343
VA,Austinville,343
MA,Attleboro,342
SC,Batesburg,342
PA,Mount Joy,342
NY,Irvington,342
MT,Whitefish,342
NC,Sanford,342
AL,Mc Calla,342
UT,Helper,341
PA,Windber,341
MS,Moss Point,341
CA,Terra Bella,340
PA,Morrisdale,340
MI,Harrison Township,340
PA,Breezewood,340
PA,Mifflinburg,339
CA,Mammoth Lakes,339
NC,Henderson,339
MD,Thurmont,339
GA,Conley,339
CA,Friant,339
CT,Middlebury,338
CA,Walnut Grove,338
OR,Boring,338
FL,Silver Springs,338
CA,Angels Camp,337
NY,Middletown,337
CO,Fairplay,337
CA,Cutler,336
CA,La Grange,336
CA,Hornbrook,336
NY,Amityville,336
UT,Vernal,336
OR,Sandy,336
VA,Ruckersville,336
CA,Geyserville,335
NY,Corfu,335
NJ,Wharton,335
FL,Key Largo,334
VA,Brodnax,334
IL,Alsip,334
MN,Willmar,334
OR,Jacksonville,334
NY,Victor,333
CA,Myers Flat,333
OR,Newport,332
CA,Doyle,332
AL,Hanceville,332
PA,Spring Grove,332
CA,Camino,332
UT,Salina,331
WA,Spanaway,331
PA,Trout Run,331
FL,Miramar Beach,331
AZ,Yuma,331
PA,Aston,331
CO,Trinidad,330
VA,Luray,330
PA,Mifflintown,330
NY,Malverne,330
FL,Fleming Island,330
CA,Penn Valley,329
FL,Perry,329
SC,Starr,329
AL,Verbena,328
NJ,Harrison,328
MN,Aitkin,328
VA,Crozet,328
CA,Montrose,328
IL,Calumet City,327
AZ,Congress,327
AL,Letohatchee,327
NY,Red Hook,327
MD,Kingsville,326
SC,Dalzell,326
TN,Dandridge,326
UT,Santaquin,326
SC,Cheraw,326
PA,Punxsutawney,325
OH,Reynoldsburg,325
IL,Granite City,325
MD,Cockeysville,325
VA,Broadway,325
MN,Dakota,325
IL,Aurora,325
CT,Guilford,325
AL,Loxley,325
NC,Flat Rock,325
SC,West Union,324
SC,Rembert,324
TN,Crossville,324
ID,Eagle,324
MA,Rockland,324
PA,Morrisville,324
CA,Fortuna,324
FL,Avon Park,324
MI,Hamtramck,323
TX,Terrell,323
MN,Osakis,323
CA,Shafter,323
MA,Duxbury,323
FL,Stuart,322
SC,Dorchester,322
CA,Markleeville,322
CO,Thornton,321
NJ,Neptune,321
NJ,Lodi,321
MN,Elko New Market,321
OR,Halsey,321
MT,Forsyth,321
FL,Myakka City,320
MA,Mattapan,320
OR,Umatilla,320
AR,Malvern,320
VA,Gordonsville,320
FL,Eglin AFB,320
CA,Pinon Hills,320
CT,Plantsville,320
NH,Nashua,319
NJ,Barrington,319
MN,Blue Earth,318
CA,Penngrove,318
CA,Shingletown,318
AL,Blountsville,318
MI,Linden,318
MA,Sharon,318
NY,Bohemia,318
CA,Trinidad,317
PA,Centre Hall,317
VA,Greenwood,317
NY,Canastota,317
WY,Laramie,317
CA,Klamath,317
MD,Salisbury,317
SC,Barnwell,317
NJ,Monmouth Junction,316
CT,Shelton,316
MD,Boonsboro,316
PA,Parkesburg,316
SC,Mauldin,316
NY,Churchville,316
CA,Marina Del Rey,316
PA,Kutztown,315
AZ,Show Low,315
WV,Nitro,315
MO,Belton,315
NJ,Matawan,315
CO,Lone Tree,315
OR,Gold Beach,314
FL,Osprey,314
OR,Gervais,314
GA,Grovetown,314
CA,Gridley,314
IN,Pendleton,314
FL,Alva,313
PA,Wellsboro,313
NJ,Englewood,313
NJ,Leonia,313
CA,Frazier Park,312
CA,Cambria,312
NJ,Old Bridge,312
MA,Dedham,312
PA,Colmar,312
VA,Martinsville,312
VA,Delaplane,311
CO,Usaf Academy,311
CA,Coleville,311
NE,Papillion,311
NJ,Union City,311
OR,Silverton,311
OR,Drain,311
NJ,Hackettstown,311
WA,Dupont,311
PA,Red Lion,310
CA,Trabuco Canyon,310
VA,The Plains,310
CA,Murphys,310
VA,Dublin,310
AL,Greenville,310
TN,Mc Donald,310
SC,Galivants Ferry,309
CA,Bella Vista,309
IL,Romeoville,309
GA,Richmond Hill,308
CA,Mokelumne Hill,308
CA,Burney,308
NJ,Mount Holly,308
MN,Stewartville,308
MS,Gulfport,308
SC,Pelion,308
LA,Saint Rose,308
MA,Allston,307
IL,Shorewood,307
MA,Revere,307
NC,Mocksville,307
OH,Sunbury,307
NY,Pleasantville,307
NC,Smithfield,307
CA,Hayfork,307
OR,Wilderville,307
CA,Shandon,307
MO,Florissant,306
NY,Le Roy,306
GA,Byron,306
OH,Powell,305
MO,Republic,305
NJ,North Brunswick,305
MI,Port Huron,305
CT,Hamden,305
FL,Surfside,305
IA,Ames,304
NC,Graham,304
NY,Wallkill,304
CA,Capistrano Beach,304
PA,Newville,304
AZ,Coolidge,304
NC,Monroe,303
VA,Fancy Gap,303
LA,Westlake,303
FL,Thonotosassa,303
NY,Verona,303
CA,Signal Hill,303
SC,Johnsonville,303
NJ,Westville,303
OR,Estacada,303
VA,Natural Bridge,302
PA,Gap,301
CA,Keene,301
VA,New Market,301
CA,Summerland,301
NJ,Egg Harbor Township,301
GA,Hogansville,300
PA,Montoursville,300
MA,Saugus,300
NJ,Totowa,300
IN,Rensselaer,299
OR,Stanfield,299
VA,South Hill,299
NY,Nassau,299
CA,Plymouth,299
NY,Warrensburg,299
IN,Evansville,299
SC,Round O,298
NV,Gardnerville,298
FL,Eustis,298
IL,New Lenox,298
NJ,Mahwah,298
CA,Los Osos,298
NY,Smithtown,297
WA,Lake Stevens,297
NY,New City,297
NC,Old Fort,297
MI,Byron Center,297
WY,Cheyenne,296
AR,Hot Springs National Park,296
MO,Arnold,296
MN,Cambridge,296
OR,Hubbard,296
AL,Grand Bay,296
FL,Zolfo Springs,296
MN,Stacy,296
MD,Derwood,296
NC,China Grove,296
MD,Sykesville,295
PA,Wexford,295
NY,Briarcliff Manor,295
TN,Manchester,295
NC,Greenville,295
SC,Mount Pleasant,295
CA,Maricopa,295
PA,Latrobe,295
NY,Larchmont,294
FL,Destin,294
VA,Fishersville,294
FL,Havana,294
MD,Marriottsville,294
PA,Broomall,294
GA,Valdosta,294
MS,Vicksburg,294
PA,Chester Springs,293
CA,Twain Harte,293
TN,Harrison,293
NC,Lowell,293
CA,Pebble Beach,293
PA,New Oxford,292
PA,Coraopolis,292
FL,Labelle,292
IL,Long Grove,292
MN,Lake Crystal,292
VA,Bedford,292
NJ,Maple Shade,292
MN,New Ulm,291
MN,Fairmont,291
WV,Fairmont,291
OR,Talent,291
NJ,Red Bank,291
CA,Avenal,291
AL,Hayden,291
MN,Eyota,291
NJ,Columbus,291
FL,Mount Dora,290
AL,Robertsdale,290
AZ,Chambers,290
NV,Elko,290
CA,Copperopolis,290
OR,Forest Grove,290
MD,Berlin,290
VA,Hamilton,290
PA,Berwick,289
MN,Eveleth,289
CA,Cameron Park,289
OR,Camp Sherman,289
CA,Kings Beach,289
FL,Glen Saint Mary,289
VA,Jarratt,288
MD,Knoxville,288
NY,Dunkirk,288
WI,Kenosha,288
OH,Hamilton,288
OR,Crescent,288
PA,Glen Rock,288
TX,Channelview,287
MI,Redford,287
CA,El Dorado,287
TX,Sugar Land,287
OR,Mitchell,287
MT,Columbia Falls,286
FL,Ochopee,286
NC,Wilson,286
IN,Crown Point,286
IN,Fishers,286
CA,Denair,286
OR,Tangent,286
CA,Crows Landing,285
MD,Crownsville,285
NJ,Carlstadt,285
MN,Marshall,285
WV,Wheeling,285
MO,Riverside,285
NC,Saint Pauls,285
CT,Norwich,285
NY,Peekskill,285
GA,LaGrange,285
NY,Tuxedo Park,285
NY,West Coxsackie,284
SC,Cross,284
AL,Auburn,284
MA,Abington,284
CA,McKinleyville,284
FL,Chattahoochee,284
AR,Jonesboro,284
CA,Foresthill,284
KS,Bonner Springs,283
VA,Toms Brook,283
MN,Onamia,283
RI,East Greenwich,283
MA,Littleton,283
PA,Everett,282
PA,Belle Vernon,282
NY,Westfield,282
FL,Coral Springs,282
VA,Fincastle,282
NY,Mechanicville,281
MN,Red Wing,281
SC,Batesburg-Leesville,281
CO,Platteville,281
NE,La Vista,281
SC,Ninety Six,281
NJ,Mays Landing,280
NY,Waterloo,280
TX,Missouri City,280
MS,Madison,280
WA,Pacific,280
NC,Davidson,280
FL,Mary Esther,280
CA,Edwards,280
UT,Pleasant Grove,279
OR,Yoncalla,279
MT,Huntley,279
AZ,Ash Fork,279
OR,Myrtle Point,279
CT,Sandy Hook,279
NY,Shortsville,279
NY,Hillburn,279
CA,Glen Ellen,279
OR,Milton Freewater,279
OR,Silver Lake,279
NY,East Meadow,278
AR,Jacksonville,278
NY,Rockville Centre,278
MD,Severn,278
TX,Tomball,278
TX,Haltom City,278
OK,Broken Arrow,278
WA,Chehalis,278
MD,Hancock,278
PA,Pennsburg,278
PA,Dresher,278
OH,Brookville,278
NJ,Robbinsville,278
PA,Bristol,277
PA,Reynoldsville,277
FL,Fernandina Beach,277
LA,Alexandria,277
AR,Lonoke,277
OR,Shaniko,277
IN,Franklin,277
VA,Stony Creek,277
IL,Franklin Park,277
GA,Dalton,277
MA,Somerville,277
PA,Boalsburg,276
SC,Waterloo,276
CO,Idaho Springs,276
CA,Lucerne,275
TX,Waxahachie,275
MT,Manhattan,275
MN,Melrose,275
CO,Lakewood,275
MI,Muskegon,274
NV,Verdi,274
FL,Port St Lucie,274
NC,Rocky Mount,274
CA,San Miguel,274
IL,Riverdale,274
FL,Greenville,273
VA,Hayes,273
MA,Hopkinton,273
MN,Windom,273
MN,Adrian,272
OR,Dundee,272
OH,Richfield,272
PA,Lewisberry,272
FL,Inverness,272
CT,Riverside,272
TN,Caryville,272
IL,Markham,272
FL,Crystal River,272
PA,Hughesville,272
NY,Ballston Lake,272
CA,Bodega Bay,272
CA,Redwood Valley,272
MD,La Plata,271
NY,Monroe,271
OH,Springfield,271
PA,Glenmoore,271
SC,Kinards,271
SC,Huger,271
CT,East Lyme,271
MN,Big Lake,270
WV,Beckley,270
NJ,Cape May Court House,270
MA,Danvers,270
OR,Juntura,270
WV,Parkersburg,270
FL,Fort Myers Beach,269
CT,Old Lyme,269
OH,Youngstown,269
CA,Willow Creek,269
NY,New Hartford,269
IL,Rockford,269
MD,Westminster,269
CA,Kyburz,269
MN,Saginaw,269
MN,Glencoe,269
FL,Debary,269
MI,Milford,268
MI,Caledonia,268
CA,Nicolaus,268
IN,Anderson,268
IL,Collinsville,268
IL,Lincolnshire,267
CA,Boron,267
MS,Pearl,267
WA,Port Orchard,267
PA,Mansfield,267
OH,Elyria,266
OR,Glendale,266
PA,Pittston,266
OR,Prospect,265
VA,Catlett,265
PA,Hollidaysburg,265
AZ,Paradise Valley,265
TN,Signal Mountain,265
SC,Bonneau,265
SC,Salem,264
PA,Middleburg,264
CA,San Ardo,264
AL,Owens Cross Roads,263
NJ,Tuckerton,263
MA,Stoughton,263
PA,Ridgway,263
MN,Excelsior,263
VA,Radford,263
MT,Anaconda,263
UT,Tremonton,262
CA,Gerber,262
MI,Wixom,261
AZ,Littlefield,261
VA,Draper,261
WA,Redmond,261
FL,Niceville,261
GA,Braselton,261
MN,Belle Plaine,261
OR,Scappoose,261
TN,Soddy Daisy,261
NJ,Middletown,261
PA,Lansdowne,261
CA,Gasquet,261
FL,Orange City,260
PA,Enola,260
TX,Stafford,260
CA,Valley Center,260
NY,Weedsport,260
CA,Hoopa,260
OR,Sutherlin,260
IL,Springfield,259
FL,Conservation,259
CA,Covelo,259
NY,Huntington,259
CA,Penryn,259
NJ,Penns Grove,258
CO,Erie,258
OR,Elkton,258
MT,Great Falls,258
PA,Bridgeville,258
AZ,Gila Bend,258
OR,Port Orford,258
TX,Kyle,258
SC,Nichols,258
OR,Enterprise,258
UT,New Harmony,257
VA,Great Falls,257
AL,Hope Hull,257
IA,Grinnell,257
UT,Springville-Mapleton,257
PA,Canonsburg,257
NY,Whitesboro,257
CA,Aliso Viejo,256
CA,Nicasio,256
FL,Winter Haven,256
FL,Sebastian,256
VA,Glasgow,256
NY,Scottsville,256
NJ,Mt Laurel,256
CA,Auberry,256
UT,Moab,256
FL,Williston,255
PA,Drums,255
VA,Afton,255
CA,Oceano,255
FL,Green Cove Springs,255
IN,Sellersburg,255
CA,Midway City,254
GA,Temple,254
CA,Bradley,254
NY,Somers,254
CA,Lewiston,253
CA,Inyokern,253
OR,Mount Hood Parkdale,253
PA,Quarryville,253
PA,Myerstown,253
MD,Clear Spring,253
GA,Calhoun,253
VA,Charles City,252
NY,Harrison,252
NC,Rolesville,252
MN,Virginia,252
CA,Stevinson,252
VA,Alberta,252
OR,Bonanza,251
CT,Uncasville,251
CA,Dunsmuir,251
MS,Richland,251
FL,Miami Shores,251
IA,Altoona,251
LA,Carencro,251
CA,Orange Cove,251
AR,Bentonville,251
NY,Ardsley,251
MI,Comstock Park,251
AZ,Holbrook,251
CA,Lone Pine,251
MA,Wakefield,251
NY,Fort Montgomery,250
CA,Jenner,250
OR,Walton,250
AZ,Seligman,250
AZ,Eloy,250
CA,Waterford,250
WI,Sturtevant,250
SC,Heath Springs,250
NY,Niagara Falls,250
PA,Ronks,250
NV,Crescent Valley,249
MN,Sandstone,249
MN,Hutchinson,249
AR,Arkadelphia,249
SC,Pomaria,249
FL,Port Orange,249
IL,Oak Park,249
NC,Saluda,249
NY,Irving,249
MT,Alberton,249
PA,Cheltenham,248
PA,Hellertown,248
TX,Friendswood,248
MT,Big Timber,248
NC,Willow Spring,248
IN,Jeffersonville,248
GA,Greensboro,248
PA,Clarion,247
MN,Lakefield,247
PA,Bridgeport,247
MI,Howell,247
NC,Hampstead,247
SC,Clemson,247
CA,Leggett,247
MT,Stevensville,247
VA,Bland,247
FL,Youngstown,246
PA,Saint Marys,246
VA,Tappahannock,246
CA,Dutch Flat,246
AL,Hazel Green,246
NJ,Fairfield,246
CT,Glastonbury,246
AL,Tuskegee,245
MT,Glendive,245
OR,Stayton,245
AZ,Golden Valley,245
PA,Spring Mills,244
OR,Mapleton,244
CA,Marina del Rey,244
MD,Kensington,244
PA,Greencastle,244
PA,East Stroudsburg,244
CA,Cool,244
TN,Kingsport,243
UT,Washington,243
IN,Michigan City,243
MN,Milaca,243
IL,Wood Dale,243
NJ,Cranbury,243
NC,New Hill,243
AL,Bay Minette,243
MD,Pasadena,243
NJ,Columbia,242
SC,Jonesville,242
WY,Hanna,242
IA,Newton,242
PA,New Columbia,242
CA,Larkspur,242
UT,Duchesne,242
OH,Germantown,242
FL,The Villages,242
NC,Goldsboro,242
MD,Queen Anne,242
DE,Smyrna,242
PA,Birdsboro,242
FL,Jennings,242
MT,Three Forks,242
NH,Concord,241
NY,Cohoes,241
FL,High Springs,241
IN,Cloverdale,241
CA,Silverado,241
CA,Pine Grove,241
OH,Hilliard,241
UT,Kamas,240
VA,Moseley,240
LA,Gretna,240
MT,Gallatin Gateway,240
UT,Sevier,240
AZ,Apache Junction,240
IN,Crawfordsville,240
OH,Lebanon,240
NY,Castleton on Hudson,240
MT,Deer Lodge,239
NJ,Sewell,239
PA,Paradise,239
AZ,Prescott Valley,239
NH,Londonderry,239
MI,Parma,239
IA,Clive,239
WA,Cle Elum,239
MN,Foley,239
MA,Brighton,238
NJ,Hazlet,238
PA,Mountville,238
AZ,Bullhead City,238
OH,Vandalia,238
IL,Matteson,238
NY,Hamburg,238
MI,Paw Paw,237
MN,Motley,237
PA,Warfordsburg,237
TN,Rockwood,237
NC,Asheboro,237
CA,Woodlake,237
OR,Westfir,237
NC,Kannapolis,236
IN,Mooresville,236
CA,Laton,236
MD,Accokeek,236
NJ,Lawnside,236
KS,Gardner,236
PA,Paoli,235
OR,Glide,235
MN,Le Sueur,235
CA,Mt Baldy,235
AL,Enterprise,235
MN,Saint Charles,235
NY,Hilton,234
PA,Pine Grove,234
CA,Diamond Springs,234
SC,Six Mile,234
FL,Sorrento,234
VA,Clear Brook,234
NY,Marcy,233
MA,Westford,233
OR,Gladstone,233
NY,New Hyde Park,233
UT,Cedar Valley,233
SC,Gable,233
IL,Mokena,233
OH,Strongsville,233
OR,Nehalem,233
FL,Hernando,232
FL,Winter Springs,232
WI,Janesville,232
AZ,Sun City West,232
PA,Stevens,232
NY,Pomona,232
CA,Oakley,232
AR,Texarkana,232
VA,Manakin Sabot,232
CA,Camp Pendleton Marine Corps Base,232
OR,Terrebonne,232
IN,Hobart,232
AR,Van Buren,231
OH,Clayton,231
MT,Lodge Grass,231
PA,Mercer,231
FL,Wauchula,231
MI,Lowell,231
NY,Canaan,231
TX,Hutchins,231
MA,Newton,231
AL,Trussville,231
AL,Gardendale,231
OR,Waldport,231
FL,St Cloud,231
IL,East St Louis,230
NJ,Freehold,230
NJ,Colonia,230
NC,Mint Hill,230
OR,Haines,230
MN,Avon,230
IL,Willow Springs,229
MO,Platte City,229
OH,Hudson,229
CA,Moss Beach,229
SC,Pacolet,229
IA,Cambridge,229
MN,Jackson,229
PA,Etters,229
MI,Goodrich,229
MA,Holbrook,229
OR,Idanha,229
MT,Big Sky,229
OH,Canal Winchester,228
MN,Hampton,228
CA,Coronado,228
MA,Lynnfield,228
CA,Lee Vining,228
GA,Monroe,228
CA,Loleta,228
MO,Pacific,228
SC,Hamer,228
FL,Plantation,228
WI,Neenah,228
MN,Esko,228
CO,Walsenburg,228
CT,Vernon Rockville,227
AL,Hartselle,227
PA,Coopersburg,227
PA,Shamokin Dam,227
MN,Pine Island,227
NJ,Vineland,227
NC,Roanoke Rapids,226
FL,Fountain,226
CA,Suisun City,226
CA,Browns Valley,226
MN,Dalton,226
VA,Glade Spring,226
NC,Enfield,226
VA,Mount Jackson,226
CA,Orick,226
WI,De Pere,226
LA,Keithville,226
GA,Fort Valley,226
AR,Bryant,226
CA,June Lake,225
VA,Elkton,225
NY,Goshen,225
PA,Avondale,225
CA,Coulterville,225
MD,Centreville,225
MN,Cloquet,225
NC,Thomasville,225
UT,Mona,225
FL,Trenton,225
OH,Groveport,225
MI,Northville,225
IN,Terre Haute,224
WI,Portage,224
MT,Clancy,224
MT,Polson,224
FL,Newberry,224
NY,Little Falls,224
MI,Zeeland,224
NJ,Hasbrouck Heights,224
GA,Albany,224
KY,Independence,223
PA,Center Valley,223
IN,Portage,223
VA,Clifton,223
FL,Grand Ridge,223
MI,Otisville,223
AZ,Dewey,223
SC,Cassatt,223
VA,Forest,223
WA,Poulsbo,223
PA,New Kensington,222
NJ,Englishtown,222
OR,Wallowa,222
CA,Lockeford,222
UT,Syracuse,222
CA,Paradise,222
VA,Pulaski,222
FL,Elkton,222
GA,Fayetteville,222
OR,Monmouth,222
MA,Hyde Park,222
OR,Rickreall,221
NC,Lincolnton,221
FL,Lake Butler,221
CA,Oak View,221
TN,Hendersonville,221
FL,Lee,221
SC,Seabrook,221
NJ,Denville,221
IL,Peoria,221
CO,Rifle,220
NY,Stony Point,220
VA,Cana,220
SC,Saint Stephen,220
UT,Panguitch,220
VA,Fairfield,220
IN,Brazil,220
OR,Pilot Rock,220
AR,Winslow,220
MT,Hamilton,220
IN,Whitestown,219
OR,Buxton,219
OR,Grass Valley,219
SC,St Matthews,219
WA,Burlington,219
MD,Davidsonville,219
SC,Eutawville,219
OR,Vernonia,219
NY,Floral Park,219
CA,Parlier,219
TN,Kingston,219
CA,Durham,219
IN,Kokomo,219
CO,De Beque,219
NY,Duanesburg,219
CA,Squaw Valley,218
AL,Brundidge,218
LA,Ponchatoula,218
NY,Highland Mills,218
WV,Elkview,218
AR,Pine Bluff,218
CO,Gypsum,217
AL,Millbrook,217
MD,Cambridge,217
PA,East Berlin,217
MN,Minnetonka,217
OR,Antelope,217
MN,Evansville,217
AL,Harvest,217
AL,Altoona,217
CA,Clarksburg,217
WI,Oconomowoc,217
MA,Roslindale,217
NC,Kings Mountain,217
CT,Old Saybrook,217
CA,Los Molinos,217
MN,Park Rapids,217
OR,Lincoln City,217
PA,Spring City,216
PA,Moscow,216
FL,Hawthorne,216
IA,North Liberty,216
GA,Jonesboro,216
PA,Emlenton,216
PA,Bethel,216
NY,Lockport,216
NY,Cicero,216
PA,Flourtown,216
OR,Long Creek,215
VA,Timberville,215
WY,Rawlins,215
IN,Greenwood,215
WA,Fife,215
SC,St George,215
MI,New Baltimore,214
IN,Hebron,214
NY,Riverhead,214
PA,Glen Mills,214
CA,Nice,214
LA,Vinton,214
SC,Williston,214
NY,Old Chatham,214
NV,Fernley,214
NJ,Howell,213
PA,Wrightsville,213
MN,Brook Park,213
IN,Noblesville,213
OH,Cleves,213
NJ,Fair Lawn,213
AZ,Winslow,213
MS,Flowood,213
PA,New Freedom,213
OR,Fairview,212
NY,Ripley,212
OR,Neskowin,212
IL,Winfield,212
OH,Beachwood,212
CT,New Canaan,212
UT,Saratoga Springs,212
NJ,Summit,212
OK,Choctaw,212
MN,Brewster,212
GA,Adairsville,212
NC,Troutman,212
WV,Scott Depot,212
CA,French Gulch,212
CA,Stratford,211
MN,Long Prairie,211
PA,Fredericksburg,211
CA,Springville,211
MO,Valley Park,211
PA,Stoystown,211
TX,League City,211
WA,Kelso,211
FL,Lamont,211
OR,Gates,210
FL,Umatilla,210
CA,El Cerrito,210
NC,Oxford,210
MI,Erie,210
CA,Farmington,210
NY,Centereach,210
NY,Holmes,210
CA,Somerset,210
NJ,Basking Ridge,210
NJ,Belleville,209
PA,Green Lane,209
OR,Selma,209
VA,Warsaw,209
OR,Harper,209
CA,Dunnigan,209
GA,Loganville,209
VA,Heathsville,209
GA,Lagrange,209
OK,Mustang,209
NJ,Rochelle Park,209
NJ,Somerset,209
CA,San Quentin,209
AR,Cabot,209
NY,Pleasant Valley,208
NV,Glenbrook,208
CA,Morro Bay,208
OH,Marysville,208
MA,Brockton,208
IL,Lemont,208
MS,Oxford,207
SC,Saint Helena Island,207
NC,Hope Mills,207
MN,Clarks Grove,207
NY,Mohegan Lake,207
PA,Mountain Top,207
OR,Azalea,207
VA,La Crosse,207
NY,West Henrietta,207
MA,Hanover,207
MI,Bay City,207
CA,Vernalis,206
MI,Hudsonville,206
OR,Riddle,206
CA,Esparto,206
IL,Morton,206
VA,Warfield,206
CA,La Honda,205
IL,Bellwood,205
CA,Tujunga,205
SC,Cope,205
MN,Medford,205
WA,Shelton,205
CA,Portola Valley,205
KY,Florence,204
WI,New Berlin,204
IA,Swisher,204
AZ,Litchfield Park,204
CA,Alturas,204
MN,Wadena,204
AL,Irvington,204
NJ,Millville,204
NY,Coram,204
MD,New Market,204
CA,McCloud,204
CA,Echo Lake,204
OR,Independence,203
WI,Eau Claire,203
FL,Malabar,203
PA,Montgomery,203
MN,Montevideo,203
SC,Cayce,203
NY,Clinton,203
CO,Dumont,203
WV,Bruceton Mills,202
MD,Jefferson,202
NJ,Atlantic City,202
OR,Walterville,202
PA,New Milford,202
TX,Converse,202
NJ,Absecon,202
MI,Rockford,201
SC,Chesterfield,201
OR,Gardiner,201
MT,West Yellowstone,201
LA,Sulphur,201
MN,Chatfield,201
MN,Kimball,201
AL,Cleveland,201
MI,Grand Haven,201
WA,Rochester,201
IL,Champaign,201
AL,Saraland,200
WI,Delafield,200
VA,Lawrenceville,200
OR,Depoe Bay,200
VA,Bristow,200
AL,Deatsville,200
CA,Stanton,200
SC,Hilton Head Island,200
NC,Four Oaks,200
MS,Brandon,200
NY,East Rochester,200
AL,Lincoln,200
PA,Tannersville,200
CA,Sutter Creek,199
SC,Bamberg,199
WA,Woodland,199
CA,Knights Landing,199
MT,Boulder,199
FL,Lecanto,199
FL,White Springs,199
PA,Jeannette,199
OH,Loveland,199
NY,Lancaster,199
CA,Le Grand,199
MA,West Roxbury,198
NJ,Runnemede,198
FL,Marathon,198
GA,Cumming,198
TN,South Pittsburg,198
VA,Boones Mill,198
MT,Lolo,198
FL,Old Town,198
MD,Potomac,198
TX,Elgin,198
IA,Bettendorf,197
OR,Willamina,197
MI,Charlotte,197
NY,Central Islip,197
MN,Deer River,197
NH,Hooksett,197
FL,Hastings,197
MO,High Ridge,197
MI,Montrose,196
TX,Sanger,196
OR,Camas Valley,196
NY,Honeoye Falls,196
VA,Rockingham,196
PA,Chadds Ford,196
MA,Concord,196
MN,Brownton,196
NY,Schodack Landing,196
TN,Monterey,196
NC,Creedmoor,196
NY,Shirley,196
IN,Thorntown,196
MI,Galesburg,195
CA,Twin Peaks,195
TN,Pioneer,195
NY,Rush,195
MO,Grain Valley,195
IL,Chicago Heights,195
WV,Bunker Hill,195
IL,Channahon,195
IN,Knightstown,195
MN,Dundas,195
IA,Sioux City,195
CA,Pescadero,194
IN,Plainfield,194
PA,Nescopeck,194
CA,Georgetown,194
AR,Biscoe,194
SC,North Myrtle Beach,194
CO,Louisville,194
AR,Widener,194
PA,Thomasville,194
AZ,Quartzsite,194
OH,Englewood,194
NY,Freeport,194
FL,Flagler Beach,194
FL,Ocklawaha,194
SC,Wallace,193
NV,Ely,193
KY,Fairdale,193
PA,Dauphin,193
VA,Danville,193
OH,Middletown,193
IA,West Branch,193
IN,Seymour,193
FL,Ponce de Leon,193
WA,Milton,193
PA,East Freedom,193
ID,Garden City,193
FL,Starke,192
IL,Western Springs,192
AL,Pell City,192
PA,Milford,192
PA,Willow Street,192
OH,Pataskala,192
PA,Oxford,192
SC,Ware Shoals,192
VA,Blackstone,192
OH,Maumee,191
PA,Crum Lynne,191
VA,Madison Heights,191
TX,Waco,191
PA,Lehighton,191
NC,Advance,191
PA,Upper Darby,191
OR,Eagle Creek,191
MA,Auburn,190
NY,Clinton Corners,190
MO,Joplin,190
NY,Hicksville,190
CO,Berthoud,190
PA,Moosic,190
PA,Littlestown,190
NY,Fultonville,190
SC,Cottageville,190
PA,Reedsville,190
NY,Chappaqua,190
CA,Weaverville,190
MI,Sterling Heights,190
CA,Smartsville,190
WY,Fort Bridger,190
OR,Adel,190
CA,Palo Cedro,189
NY,Salt Point,189
MN,Redwood Falls,189
OR,Phoenix,189
WA,Ferndale,189
WI,Oshkosh,189
CA,Laguna Beach,189
WV,Ripley,189
PA,Rockton,189
NV,Minden,189
TX,Brookshire,189
TN,Decherd,189
MN,Finlayson,189
CA,Oak Hills,189
VA,Rural Retreat,188
TX,Aledo,188
MD,Sparks Glencoe,188
TX,Von Ormy,188
NJ,Lebanon,188
SC,Edgefield,188
NJ,Warren,188
CA,Prather,188
TN,Calhoun,188
CT,Enfield,187
SC,Pauline,187
PA,Kinzers,187
NM,Gallup,187
DE,Townsend,187
PA,Roaring Spring,187
CO,Watkins,187
SC,Elloree,187
CA,Yucaipa,187
VA,Linden,187
OH,Moraine,187
WI,Pewaukee,187
VA,Fort Monroe,187
MD,Woodbine,186
NY,Farmington,186
CT,Waterford,186
CT,Tolland,186
VA,Hopewell,186
VA,Round Hill,186
MN,Afton,186
NV,Incline Village,186
PA,Merion Station,185
MN,Barnum,185
FL,Fellsmere,185
TN,White House,185
TX,La Porte,185
OR,Canby,185
WV,Barboursville,185
IN,Lafayette,185
NY,Dobbs Ferry,185
AL,Tuscumbia,185
NC,Burgaw,185
KY,Shepherdsville,184
FL,Auburndale,184
NY,Monsey,184
NY,Silver Creek,184
WY,Evanston,184
PA,White Haven,184
IN,Beech Grove,184
OR,Amity,184
TN,Mount Juliet,184
FL,Trinity,184
MN,Clear Lake,184
CA,Clayton,183
NY,Montgomery,183
TX,Desoto,183
MT,Cascade,183
UT,Price,183
AL,Meridianville,183
WI,Deforest,183
NJ,Roseland,183
NJ,Manahawkin,183
NC,Efland,183
MA,Lawrence,183
MI,Oak Park,183
NJ,Forked River,183
VA,Ridgeway,183
WV,Falling Waters,183
CA,Snelling,183
PA,Mount Pleasant,183
GA,Carnesville,183
WA,Spokane Valley,182
VA,Bassett,182
WI,Fond du Lac,182
NY,Glenmont,182
PA,New Stanton,182
VA,Mount Sidney,182
AL,Anniston,182
CA,Ross Valley,182
IL,Park Ridge,182
IL,Westchester,182
MN,Willow River,182
CA,Biggs,182
SC,Ruffin,182
CA,Smith River,182
PA,Port Royal,181
VA,Locust Grove,181
NY,Seneca Falls,181
WA,Graham,181
MN,Rice,181
PA,York Haven,181
OH,Mansfield,181
CA,Tuolumne,181
CA,Old Station,181
MN,Dassel,181
TN,Jackson,181
VA,Smithfield,181
MI,Belmont,181
MN,Webster,181
NJ,Vincentown,181
PA,Halifax,181
OR,Noti,181
WV,Hurricane,181
UT,Wallsburg,180
TN,Athens,180
NC,Reidsville,180
PA,Bernville,180
FL,Lauderdale Lakes,180
NJ,Bound Brook,180
NJ,Whippany,180
NY,Mahopac,180
NM,Las Cruces,180
SC,Coward,180
CA,Coyote,180
LA,Prairieville,180
FL,Haines City,180
CA,Rescue,179
GA,West Point,179
CA,Solvang,179
CA,Herald,179
AL,Falkville,179
MN,Sherburn,179
MO,Festus,179
CO,Canon City,179
PA,Apollo,179
AR,Heth,179
OR,Gresham,179
GA,Grantville,178
CA,Janesville,178
NV,Overton,178
CT,Groton,178
OH,Mason,178
MN,Saint Joseph,178
PA,Knox,178
OH,Wilmington,178
CO,Greeley,178
NJ,Passaic,178
CA,Winterhaven,178
VA,Boydton,178
OR,Prairie City,178
WV,Princeton,178
CT,Seymour,177
AL,Atmore,177
CA,Bridgeville,177
TN,Powell,177
FL,Molino,177
IL,Thornton,177
NE,Lincoln,177
MD,Smithsburg,177
WA,Monroe,177
NJ,Somers Point,177
KY,Latonia,177
CO,Salida,177
MS,Ridgeland,176
MN,Albany,176
MN,Oronoco,176
CA,Greenville,176
SC,Wedgefield,176
MN,Staples,176
MN,Litchfield,176
VA,North Dinwiddie,176
OH,Milford,176
PA,Marietta,176
SC,Trenton,175
SC,Neeses,175
IN,Edinburgh,175
CA,Dana Point,175
UT,Stockton,175
AR,Forrest City,175
NC,Clemmons,175
PA,Reinholds,175
SC,Jefferson,175
GA,Hoschton,175
FL,Lake Wales,174
TX,Frisco,174
AZ,Fort McDowell,174
PA,Haverford,174
MA,Springfield,174
CO,Edwards,174
MA,Wellesley Hills,174
CA,Del Rey,174
OR,Lowell,174
UT,Taylorsville,174
MI,Wayland,174
IN,Bloomington,174
NJ,Blairstown,174
NY,Akron,174
OH,Medina,173
CA,Applegate,173
OH,Avon,173
FL,Medley,173
MN,Becker,173
IL,Washington,173
SC,Wagener,173
VA,Maidens,173
OR,Crescent Lake,173
CA,Castella,173
GA,Warner Robins,173
NY,Lindenhurst,173
AL,Brownsboro,173
CA,Pope Valley,172
NY,Baldwin,172
NY,South Richmond Hill,172
NV,Silver Springs,172
PA,Watsontown,172
CA,Mill Creek,172
MI,Marshall,172
PA,Manns Choice,172
AL,Fosters,172
AZ,Camp Verde,172
PA,Perkiomenville,172
PA,Snow Shoe,171
OH,Lima,171
PA,Oreland,171
FL,Fort White,171
OH,Pickerington,171
PA,York Springs,171
MD,Chester,171
ND,Mandan,171
CA,Cayucos,171
AR,Maumelle,171
NJ,Asbury,171
VA,Mc Kenney,171
NY,Purdys,171
MN,Randolph,170
GA,Madison,170
GA,Trenton,170
SC,Vance,170
OR,Veneta,170
TX,Southlake,170
NY,Manorville,170
PA,Northumberland,170
TX,Coppell,170
CA,Douglas City,170
ID,Mountain Home,169
IA,Coralville,169
MD,Takoma Park,169
MS,Biloxi,169
NY,Bethpage,169
MN,Rushford,169
MS,Hernando,169
NY,Fort Ann,169
PA,Thompsontown,169
OR,Heppner,169
OR,Scottsburg,169
OH,Batavia,168
MN,Wells,168
OR,Moro,168
MT,Park City,168
WA,Port Angeles,168
NH,Merrimack,168
KS,Topeka,168
OH,Euclid,168
NJ,Jamesburg,168
MD,Mechanicsville,168
PA,Boswell,168
PA,Ligonier,168
OR,Philomath,168
CA,Forest Ranch,168
FL,West Miami,168
IL,Beach Park,167
NC,Rural Hall,167
PA,Donegal,167
CA,Emigrant Gap,167
PA,East Earl,167
OH,Galena,167
IA,West Des Moines,167
WV,Dunbar,167
MD,White Marsh,167
MN,Granite Falls,167
WV,Saint Albans,167
CT,Madison,166
NC,Columbus,166
VA,Moneta,166
AL,Fultondale,166
FL,Chiefland,166
TX,Dickinson,166
TN,Portland,166
NC,Newton,166
AL,Maplesville,166
AL,Selma,166
CA,San Ysidro,166
NJ,Nutley,166
FL,Clewiston,166
GA,Bloomingdale,166
PA,Dallastown,166
MN,Fergus Falls,166
OR,Shedd,166
PA,Beaver Falls,165
MN,Harris,165
FL,Montverde,165
SC,Mc Coll,165
GA,Rex,165
PA,Benton,165
NJ,Cedar Knolls,165
PA,North East,165
PA,Catawissa,165
CA,Catheys Valley,165
CA,Mt Wilson,165
OH,Warren,165
TX,Roanoke,164
MN,Moose Lake,164
CA,McFarland,164
MD,Dickerson,164
OR,Timber,164
SC,Catawba,164
MN,Zimmerman,164
CT,Naugatuck,164
AR,Brinkley,164
TN,Harriman,164
OH,North Ridgeville,164
NJ,Alpine,164
GA,Tifton,164
PA,Allenwood,164
MN,Sleepy Eye,164
MI,Davisburg,163
PA,Meyersdale,163
VA,Cape Charles,163
PA,Hawley,163
FL,Osteen,163
MA,West Newton,163
OR,Keno,163
CA,Clearlake,163
SC,Pinewood,163
OR,Sweet Home,163
NC,Jonesville,163
MD,Annapolis Junction,163
MD,Grasonville,163
FL,Baker,162
CA,Blairsden Graeagle,162
VA,Chatham,162
PA,Rockwood,162
MN,Floodwood,162
IN,Memphis,162
CA,Carmel-by-the-Sea,162
OR,Mosier,162
AR,Crawfordsville,161
GA,Pendergrass,161
LA,Duson,161
IN,La Porte,161
PA,Palmyra,161
OH,Sidney,161
IN,West Lafayette,161
PA,Blairsville,161
IN,Shelbyville,161
NJ,Ledgewood,161
NC,Sylva,160
MD,Trappe,160
IL,Morris,160
NY,East Greenbush,160
NJ,Lawrence Twp,160
WA,Castle Rock,160
PA,Lewis Run,160
FL,East Palatka,160
CA,Carlotta,160
OR,Sherwood,160
PA,Honey Brook,160
OH,Fremont,160
MI,Williamston,160
VA,Midland,159
IN,Henryville,159
WA,North Bend,159
MN,Blooming Prairie,159
CA,Buellton,159
AL,Florence,159
CT,Berlin,159
OR,Aumsville,159
FL,Safety Harbor,158
MN,Dodge Center,158
VA,Prince George,158
MO,Oak Grove,158
CA,Calimesa,158
MI,Milan,158
VA,Broad Run,158
MN,Backus,158
OR,Lyons,158
VA,Chilhowie,158
NY,Chester,158
CT,Woodbridge,158
MN,Chisago City,158
CA,View Park,158
FL,St. Petersburg,158
NY,Hollis,157
NJ,Asbury Park,157
OR,Gales Creek,157
CT,East Windsor,157
NY,Canajoharie,157
UT,Dugway,157
RI,North Kingstown,157
IN,Demotte,157
CO,Bennett,157
CA,North Fork,157
VA,Lovettsville,157
NY,Islip,157
NV,Dayton,156
GA,Lavonia,156
NJ,Oakland,156
NC,New Bern,156
CA,Paicines,156
OH,Stow,156
ID,Coeur D Alene,156
NY,Levittown,156
VA,Daleville,156
OR,Kerby,156
NM,Casa Blanca,156
OH,Streetsboro,156
CA,Sutter,156
AR,Carlisle,155
NY,Hoosick Falls,155
AZ,Morristown,155
LA,Greenwood,155
SC,Great Falls,155
FL,Oakland Park,155
AZ,Rimrock,155
NJ,Mt Holly,155
AL,Eutaw,155
MN,Shafer,155
FL,Okahumpka,155
FL,Wellborn,155
MN,Eagle Lake,155
WA,Roy,155
NY,Carle Place,154
FL,Lake Helen,154
PA,Clairton,154
NY,Clifton Springs,154
GA,Thomson,154
OH,London,154
PA,Barnesville,154
NY,Port Byron,154
CA,Maxwell,154
CA,Glenn,154
NC,Weaverville,154
WI,Mequon,154
IN,New Haven,154
AZ,Ajo,154
CA,Riverbank,154
MN,Heron Lake,154
NC,Jacksonville,154
FL,Crescent City,154
PA,West Newton,154
NY,Kirkville,154
AZ,Cibola,153
GA,Ellabell,153
TX,Manchaca,153
MN,Prior Lake,153
PA,Belleville,153
CA,Salyer,153
TX,Pearland,153
OR,Hines,153
CA,Fulton,153
NY,Fayetteville,153
SC,Green Sea,153
OH,Amherst,153
MI,New Hudson,153
TN,Jasper,152
NJ,Port Reading,152
AZ,Willcox,152
PA,Kersey,152
CA,Philo,152
CO,Avon,152
SC,Blackville,152
OH,Lockbourne,152
CA,Gualala,152
AL,Oxford,152
MN,Brandon,152
SC,Fort Lawn,152
CO,New Castle,152
PA,Smethport,152
TX,West Lake Hills,152
NC,Colfax,152
MT,Ronan,152
NH,Portsmouth,151
SC,Cleveland,151
NC,Kenly,151
OH,Willoughby,151
OR,Blodgett,151
MT,Saltese,151
NC,Linwood,151
CA,Armona,151
NY,Mt Vernon,151
MO,St Charles,151
CA,Cantil,151
MN,Akeley,151
VA,Stuart,151
AR,Atkins,151
AL,Ozark,151
PA,Shippenville,151
NC,Conover,151
NY,West Islip,151
PA,West Decatur,151
IA,Waukee,150
AZ,Superior,150
MN,New London,150
NY,Eden,150
OR,Yamhill,150
NC,Trinity,150
SC,Blackstock,150
PA,Mc Connellsburg,150
PA,Corsica,150
MN,Rushmore,150
SC,Sunset,150
SC,Cordova,150
PA,Girard,150
MA,Avon,150
CA,Three Rivers,150
TX,Ferris,149
WI,Caledonia,149
MO,Kearney,149
MA,Everett,149
MD,Federalsburg,149
CO,Rye,149
PA,Orangeville,149
IA,Pleasant Hill,149
MN,Glenville,149
CO,Penrose,149
NJ,Sayreville,149
FL,Jay,149
SC,Donalds,149
IN,Remington,149
VA,Bowling Green,148
AZ,Cottonwood,148
MS,Meridian,148
NY,Valhalla,148
FL,Miami Springs,148
FL,Fort Mc Coy,148
MN,Waseca,148
OR,Seal Rock,148
SC,Cross Hill,148
VA,Chase City,148
AR,Morrilton,148
CO,Peyton,148
VA,Orange,148
FL,Hallandale Beach,148
AL,Fort Deposit,148
CA,Universal City,148
CA,Hinkley,148
GA,Franklin,148
CA,Piercy,148
MD,District 4 Kent Island,148
PA,Winfield,147
MD,Middle River,147
MS,Horn Lake,147
PA,Coudersport,147
OR,Scio,147
MN,Perham,147
CA,Macdoel,147
FL,Florida City,147
NC,Black Mountain,147
NY,East Islip,147
FL,Miramar,147
GA,Soperton,147
SC,Green Pond,147
IL,Wilmington,147
CT,Jewett City,147
GA,Ellijay,147
ID,Idaho Falls,147
NY,Averill Park,146
PA,Breinigsville,146
GA,Juliette,146
CT,Mystic,146
OH,Zanesville,146
IL,Belvidere,146
MT,East Helena,146
MI,Huntington Woods,146
MD,Andrews Air Force Base,146
CT,South Windsor,146
FL,Sanderson,146
OR,Adams,146
CA,Bridgeport,146
MN,Mora,146
MS,Gautier,146
PA,Elysburg,146
PA,Portage,146
MN,La Crescent,145
SC,Society Hill,145
GA,Athens,145
NY,Purchase,145
PA,Gordonville,145
PA,Havertown,145
NC,Swannanoa,145
FL,Bowling Green,145
PA,West Grove,145
UT,Herriman,145
MD,Chestertown,145
TX,Deer Park,145
VA,Gretna,144
VA,Bluemont,144
WI,Beloit,144
MN,Byron,144
IL,Country Club Hills,144
TN,Dickson,144
NJ,Williamstown,144
NY,Greenwich,144
PA,Narvon,144
NC,Nashville,144
NJ,Rockaway,144
NY,Rexford,144
MI,Cedar Springs,143
PA,Newtown Square,143
MN,Walker,143
CA,Montgomery Creek,143
CA,Monte Rio,143
CA,Sun City,143
FL,Century,143
FL,Wellington,143
PA,South Fork,143
OH,North Canton,143
MI,Grass Lake,143
MI,Newport,143
MA,Leominster,143
VA,Scottsville,143
MN,Lake City,142
PA,Liberty,142
MA,Needham Heights,142
VA,Burkeville,142
NJ,Orange,142
FL,Islamorada,142
NY,Deer Park,142
MN,Cold Spring,142
OR,Saint Paul,142
KY,Walton,142
TN,Newport,142
VA,Clifton Forge,142
TX,Hutto,142
IL,Round Lake Beach,142
OH,Westlake,142
MO,Foristell,142
VA,Bracey,142
MA,Webster,141
NC,Harrisburg,141
MA,Newton Lower Falls,141
MT,Greycliff,141
PA,New Alexandria,141
MN,Paynesville,141
SC,Olanta,141
MA,Raynham,141
MN,Lakeland,141
FL,Webster,141
TN,Charleston,141
NJ,Washington,141
CO,Eagle,141
OH,Franklin,141
NJ,Neptune City,141
VA,Barboursville,141
MO,Eureka,141
FL,Archer,141
CO,Bailey,141
PA,Ashland,140
IN,Scottsburg,140
WI,Wausau,140
FL,Bartow,140
VA,Waverly,140
NJ,Annandale,140
GA,Dacula,140
VA,Crewe,140
PA,Dubois,140
MN,Saint James,140
MT,Dillon,140
CA,Oro Grande,140
IN,Fair Oaks,140
VA,Windsor,140
FL,Lady Lake,140
IN,Frankfort,140
NC,Whitakers,140
OR,Riley,140
NC,Youngsville,139
SC,Allendale,139
PA,Williamsburg,139
NY,Selden,139
MN,Nicollet,139
WI,Sun Prairie,139
NV,Laughlin,139
MN,Henderson,139
NC,Lillington,139
FL,Caryville,139
IL,Morton Grove,139
OR,Dexter,139
IN,South Bend,139
PA,Nicholson,139
MA,Stoneham,139
PA,Elverson,139
OH,Chagrin Falls,139
WA,Snoqualmie,139
CA,Sheridan,139
SC,Mc Cormick,138
RI,West Greenwich,138
VA,Troy,138
CA,Piru,138
LA,Mandeville,138
VA,Remington,138
AL,Georgiana,138
VA,Stuarts Draft,138
SC,Gresham,138
MN,Chisholm,138
GA,Midway,138
PA,Greentown,138
SC,Estill,138
MA,Acton,138
WA,Belfair,138
PA,Carrolltown,137
NV,Mesquite,137
AR,Blytheville,137
PA,Cranberry Township,137
TN,Kodak,137
OH,North Olmsted,137
SC,Johnston,137
OR,Yachats,137
ID,Jerome,137
NY,Lynbrook,136
OR,Warm Springs,136
WA,Toledo,136
NJ,Dover,136
UT,Huntsville,136
CA,Westwood,136
CA,Lake Hughes,136
OH,Barberton,136
MD,Big Pool,136
CA,Long Barn,136
NC,Indian Trail,136
MN,Royalton,136
ME,Portland,136
NJ,Watchung,136
WY,Green River,136
MA,Marlborough,136
AL,Semmes,136
IL,Hampshire,136
NJ,Morganville,136
NC,Rocky Point,136
PA,Pottsville,136
NC,Franklin,135
IA,Atlantic,135
MA,Norwood,135
CA,Big Pine,135
OR,Sublimity,135
AR,Ozark,135
MD,Church Hill,135
IL,Lockport,135
UT,Delta,135
NC,Clinton,135
PA,Northern Cambria,135
PA,Curwensville,135
NC,Louisburg,135
CO,Gunnison,135
CA,Chester,135
AR,Hazen,135
PA,Martinsburg,134
NV,Winnemucca,134
NJ,Sicklerville,134
CA,Arleta,134
NY,Bergen,134
AL,Duncanville,134
IN,Muncie,134
TN,Silver Point,134
AZ,San Simon,134
CA,Cardiff By The Sea,134
NC,St Pauls,134
OR,Dufur,134
MN,Dover,134
MO,Strafford,134
MS,Byram,134
LA,Laplace,134
MS,Canton,134
FL,Interlachen,134
OR,Foster,134
OR,Rockaway Beach,134
NC,Angier,133
AZ,Chino Valley,133
MN,Houston,133
AL,Knoxville,133
NY,Delanson,133
VA,Saluda,133
TX,Mansfield,133
OH,Painesville,133
GA,Social Circle,133
VA,Nokesville,133
IL,Minooka,133
WA,Woodinville,133
PA,Charleroi,133
CA,Cazadero,133
AL,Eight Mile,133
CO,Fort Morgan,133
MI,Trenton,133
SC,Mountain Rest,133
FL,Edgewater,133
FL,Key West,133
MN,Sturgeon Lake,133
NH,Bow,132
VA,Amherst,132
VA,Stanley,132
SC,Varnville,132
NH,Salem,132
SC,Clio,132
VA,Markham,132
OR,Canyonville,132
PA,Tremont,132
FL,Oak Hill,132
OH,Hebron,132
TN,Greeneville,132
AZ,Willow Beach,132
IL,Glenview,132
CA,Meridian,132
NC,Rutherfordton,132
WA,Goldendale,132
NJ,Livingston,131
MO,Imperial,131
NY,Farmingville,131
MN,New York Mills,131
FL,Pierson,131
FL,Clearwater Beach,131
OR,Saint Helens,131
MN,Madelia,131
PA,Landisville,131
MA,Westwood,131
TN,Monteagle,131
MT,Pompeys Pillar,131
LA,Rayne,131
PA,Dushore,131
PA,Fairfield,131
NE,Elkhorn,131
CA,Hawaiian Gardens,131
MN,Frazee,131
MN,Laporte,131
IL,Monee,131
NY,Islip Terrace,130
OR,Gaston,130
CO,Cascade,130
GA,Mableton,130
PA,Ruffs Dale,130
UT,Ferron,130
VA,Rustburg,130
NY,Chatham,130
PA,Darby,130
OH,New Albany,130
IN,Cambridge City,130
MI,Southgate,130
CA,Ivanhoe,130
MD,Preston,130
IL,Fox Lake,130
SD,Sioux Falls,130
IA,Cumming,129
PA,Wampum,129
MA,East Boston,129
MN,Utica,129
UT,Blanding,129
NY,Stony Brook,129
MO,Lake Saint Louis,129
VA,Quicksburg,129
PA,Drexel Hill,129
CO,Georgetown,129
OR,Richland,129
MD,Sparrows Point,129
CA,Gold Run,129
MI,Lennon,129
PA,Manchester,129
OK,Newalla,129
IL,Winnetka,129
FL,Lake Panasoffkee,129
FL,Lithia,129
MA,Chestnut Hill,129
NY,College Point,129
NY,Frankfort,129
IA,Stuart,128
NY,Vestal,128
SC,Smoaks,128
GA,Wildwood,128
NY,Fort Edward,128
IA,Anita,128
MT,Huson,128
MN,Pillager,128
IL,Edwardsville,128
OH,West Jefferson,128
AZ,Gold Canyon,128
FL,Weirsdale,128
NJ,Egg Harbor City,128
CA,Ferndale,128
TX,Addison,128
VA,Sutherland,128
PA,Murrysville,128
OR,Trail,128
ID,Pocatello,128
CT,Westbrook,127
NC,Raeford,127
MD,Mt Airy,127
FL,Wilton Manors,127
GA,Palmetto,127
CA,Oak Park,127
NJ,Mount Ephraim,127
WV,Charles Town,127
NJ,Egg Harbor Twp,127
CA,Redcrest,127
WA,Naselle,127
VA,Mt Crawford,127
CA,Canby,127
AL,Springville,127
NY,Port Jefferson Station,127
PA,Mc Veytown,127
PA,Nottingham,127
CT,Willington,127
MI,Ada,127
IL,Oak Forest,127
PA,Milroy,127
IL,Huntley,127
CA,Independence,127
OR,Nyssa,127
NJ,Milltown,126
TX,Beaumont,126
CA,Portola,126
NJ,Haddon Heights,126
AR,Gurdon,126
CA,Occidental,126
TX,Argyle,126
CA,Scotia,126
UT,Huntington,126
SC,Branchville,126
PA,Liverpool,126
TN,Collierville,126
MI,Stevensville,126
CA,Fort Jones,126
SC,Edgemoor,126
NY,South Salem,126
GA,Townsend,126
PA,Devon,126
OH,Milan,126
PA,North Versailles,126
NC,Maxton,125
TN,Gordonsville,125
OH,Cuyahoga Falls,125
PA,East Greenville,125
MD,Newburg,125
GA,Senoia,125
NJ,Montvale,125
GA,Waco,125
WI,Sheboygan,125
OK,Jones,125
IL,Caseyville,125
FL,Vernon,125
NY,Granville,125
MN,Alden,125
MN,Glenwood,125
LA,Livingston,125
KS,Edgerton,125
NH,Bedford,125
CA,Junction City,125
NY,Millbrook,125
MA,Attleboro Falls,125
OH,Chardon,125
AZ,Queen Creek,125
AL,Toney,125
MN,Baxter,124
LA,Marrero,124
UT,Roosevelt,124
CA,New Cuyama,124
MT,Plains,124
CA,Cedarpines Park,124
NY,Babylon,124
LA,Gonzales,124
AR,Hope,124
VA,Paeonian Springs,124
CT,Torrington,124
PA,Lake Harmony,124
NY,Bellport,124
SC,Whitmire,124
CO,Lamar,124
NY,Hartsdale,124
CA,Point Reyes Station,124
NJ,Bridgeton,124
NY,Fort Plain,124
SC,Bethune,123
OH,Mentor,123
WI,Edgerton,123
SC,Denmark,123
TX,Longview,123
NY,Sayville,123
CO,Carr,123
NY,Whitehall,123
CA,Vidal,123
PA,Beech Creek,123
PA,Cogan Station,123
VA,Maurertown,123
VA,Farmville,123
CA,McClellan,123
PA,Fleetwood,123
IA,Elkhart,123
CA,Sierraville,123
PA,Weedville,123
MO,Harrisonville,123
PA,Ellwood City,123
MD,Union Bridge,123
NY,Port Jervis,123
CT,New London,123
FL,Howey in the Hills,123
IA,Williams,122
CA,Klamath River,122
WY,Rock River,122
MN,Waterville,122
FL,Moore Haven,122
AR,White Hall,122
OH,Kent,122
TN,Kingston Springs,122
AZ,Florence,122
CA,Tulelake,122
MA,Taunton,122
VA,Meadowview,122
NC,Connelly Springs,122
MN,Caledonia,121
MO,Peculiar,121
WA,Stanwood,121
SC,Mc Bee,121
PA,Mahaffey,121
IA,Tiffin,121
SC,Mayesville,121
AZ,Heber,121
NJ,Berkeley Heights,121
CT,Stonington,121
MA,Sturbridge,121
FL,Campbellton,121
TX,Galveston,121
IA,Waterloo,121
MT,Garrison,121
AZ,Globe,121
WI,Richfield,121
SC,Salters,121
IL,Clarendon Hills,121
IA,Colfax,121
MN,Farmington,121
PA,Claysville,121
WA,Anacortes,121
UT,Milford,121
FL,De Leon Springs,121
NC,Taylorsville,121
WA,Eatonville,120
FL,Grant,120
NC,Cameron,120
NY,Westmoreland,120
FL,Westville,120
NY,Highland,120
MN,Delano,120
NC,Elkin,120
UT,Honeyville,120
NJ,Bayville,120
MD,Flintstone,120
NY,Hastings on Hudson,120
IA,Ellsworth,120
GA,Rome,120
AZ,Roll,120
UT,Mantua,120
MI,New Boston,120
SC,Salley,120
LA,Harvey,120
TN,Cross Plains,120
AR,Wheatley,120
NJ,Voorhees,120
VA,Oakton,120
CA,Bonita,119
NC,Shelby,119
NC,Mc Leansville,119
OH,Ravenna,119
MN,Welch,119
AZ,Bapchule,119
GA,Flowery Branch,119
NH,Dover,119
MN,Remer,119
NC,Haw River,119
TN,Fairview,119
VA,Rockville,119
RI,Smithfield,119
OR,Colton,119
MD,Bladensburg,119
PA,Hollsopple,119
VA,Carson,119
CT,Stafford Springs,119
NJ,Avenel,119
AL,Moody,119
WI,Tomah,119
WI,Baraboo,119
MO,Brookline,119
AZ,Wellton,119
CA,Albion,119
CA,Ahwahnee,119
TN,Cosby,118
MA,Fall River,118
PA,Hazleton,118
NC,Dobson,118
OK,Bethany,118
NY,Orangeburg,118
MS,Nesbit,118
VA,Gum Spring,118
WV,Ona,118
PA,Montrose,118
MD,Darlington,118
PA,Beaver Springs,118
MD,Walkersville,118
NY,Angola,118
NC,Rowland,117
OH,Troy,117
UT,Mount Pleasant,117
NJ,Oaklyn,117
GA,Sharpsburg,117
OR,Helix,117
MN,Freeport,117
MO,Ballwin,117
NC,Castle Hayne,117
VA,Stanardsville,117
SC,Bradley,117
UT,Garland,117
MN,Slayton,117
NJ,Clinton,117
NJ,Pleasantville,117
CA,Meadow Vista,117
MN,Deerwood,117
NJ,Riverdale,116
PA,Shermans Dale,116
NY,Hampton Bays,116
OR,Tidewater,116
AR,Scott,116
ID,Malta,116
PA,Uniontown,116
TX,Boerne,116
MA,Halifax,116
IA,Walcott,116
OR,Winston,116
MN,Cass Lake,116
MI,East Lansing,116
TN,Heiskell,116
NY,West Sand Lake,116
NC,Murphy,116
MN,Ogilvie,116
PA,West Mifflin,115
MA,Millbury,115
CT,Clinton,115
FL,Loxahatchee,115
PA,Alexandria,115
MI,Midland,115
OH,Macedonia,115
PA,Landenberg,115
CA,Planada,115
MN,Gaylord,115
CA,Earp,115
VA,West Point,115
AL,Ardmore,115
AL,Luverne,115
MN,Nisswa,115
MN,New Prague,115
NJ,Clementon,115
PA,Central City,115
NC,Hamptonville,115
OR,Canyon City,115
OH,Maple Heights,114
VA,Oilville,114
AL,Midland City,114
CO,Limon,114
WA,Washougal,114
GA,Moreland,114
IL,North Aurora,114
PA,West Middlesex,114
NY,North Tonawanda,114
CA,California Hot Springs,114
NY,Mohawk,114
TX,Manvel,114
NM,Santa Rosa,114
NV,Golconda,114
CA,Foothill Ranch,114
MN,Scandia,114
MD,Gambrills,114
NJ,Hawthorne,114
OR,Alsea,114
AR,Palestine,114
WA,Maple Valley,113
PA,Millerstown,113
MA,Plymouth,113
MI,South Haven,113
NC,Washington,113
CA,Garden Valley,113
IN,Daleville,113
CA,Los Olivos,113
MN,Montgomery,113
MN,Kenyon,113
CT,Windsor Locks,113
MD,Port Deposit,113
PA,Portersville,113
SC,Monetta,113
NY,Amenia,113
IA,Adel,113
MD,Pocomoke City,113
NJ,Pedricktown,113
MI,Coopersville,113
NJ,Rahway,113
WV,Williamstown,113
MN,Richmond,112
IL,Rochelle,112
IA,Story City,112
CA,Tranquillity,112
CA,Zamora,112
CA,Millville,112
PA,Doylestown,112
GA,Dublin,112
PA,Scotrun,112
OR,Hebo,112
OR,Bridal Veil,112
FL,Bunnell,112
MN,Moorhead,112
NC,Kinston,112
FL,Waldo,112
OH,Mount Sterling,112
MD,Bishopville,112
CA,Mendocino,112
FL,Jacksonville Beach,112
NY,Valatie,112
IN,Rockport,112
NJ,Waretown,112
MT,Hardin,112
WV,Milton,112
FL,Blountstown,111
WI,Osseo,111
IL,Marengo,111
WA,Longview,111
UT,Kanosh,111
WI,Poynette,111
OH,Solon,111
IA,De Soto,111
PA,Warminster,111
PA,Biglerville,111
DE,Hockessin,111
MA,South Boston,111
NM,Deming,111
NJ,Berlin,111
IN,Crothersville,111
DE,Milford,111
NY,Johnson City,111
WV,Gallagher,111
PA,Petersburg,111
MA,Roxbury Crossing,111
GA,Bremen,111
MN,Grove City,111
CA,Grenada,111
PA,Linden,111
FL,Ponte Vedra Beach,111
VA,Middleburg,111
CA,North San Juan,111
MN,Lewiston,111
CA,West Point,111
SC,Coosawhatchie,110
NJ,Barnegat,110
NC,Lenoir,110
PA,Chalfont,110
OR,Eddyville,110
MS,Ocean Springs,110
VA,Waterford,110
PA,Harrisville,110
MN,Pierz,110
PA,Newport,110
GA,Milledgeville,110
SC,Cameron,110
MD,Sudlersville,110
CA,Bolinas,110
OH,Fairfield,110
IL,Peotone,110
CA,Bodfish,110
PA,Grove City,110
TN,Millington,110
NJ,Dayton,110
SC,Windsor,110
VA,North Garden,110
AZ,Parker,110
NY,Nesconset,109
NC,Walkertown,109
LA,Norco,109
IL,Effingham,109
OR,Drewsey,109
TN,Mason,109
LA,West Monroe,109
MT,Lakeside,109
MA,Lynn,109
NV,Yerington,109
MD,Emmitsburg,109
OR,Pleasant Hill,109
MI,Gaines,109
PA,Spring Run,109
AL,Mathews,109
MD,West Friendship,109
CA,Burnt Ranch,109
MT,Bonner,109
NY,Patterson,108
UT,Logan,108
NH,Warner,108
NY,Tully,108
MN,Kasson,108
NJ,Florham Park,108
MD,Fallston,108
NJ,Parlin,108
GA,Norwood,108
TN,Loudon,108
PA,Mount Union,108
TN,Pelham,108
TN,Waverly,108
FL,Beverly Hills,108
OR,Warren,108
WA,Centralia,108
CA,Onyx,107
MI,Mattawan,107
MA,Newton Center,107
MI,Coloma,107
IL,Kankakee,107
NY,Yaphank,107
MN,Janesville,107
MI,Albion,107
AL,Elkmont,107
PA,Gibsonia,107
NY,Harriman,107
TN,Pleasant View,107
PA,Houtzdale,106
MI,Fennville,106
WA,Kalama,106
NY,Cold Spring,106
CA,Berry Creek,106
CO,Rocky Ford,106
SC,Pineville,106
SC,Jackson,106
IA,Oxford,106
NH,Windham,106
MI,Plainwell,106
CO,Kremmling,106
NY,Copiague,106
MN,Olivia,106
WI,Menomonie,106
MN,Dexter,106
CA,Soulsbyville,106
ND,Mapleton,106
TN,Hillsboro,105
MI,Fowlerville,105
NM,Laguna,105
TX,Midland,105
UT,St George,105
PA,Port Allegany,105
PA,Export,105
WI,Wisconsin Dells,105
CO,Leadville,105
MA,Boxford,105
FL,Morriston,105
MO,Saint Joseph,105
OH,Wickliffe,105
OH,Harrison,105
PA,Fort Littleton,105
CA,Los Alamos,105
CA,Kentfield,105
FL,Satsuma,105
MO,Warrenton,105
MN,Cushing,105
CA,Camptonville,105
MN,Mountain Lake,105
TN,Columbia,105
IN,Austin,105
CA,Freedom,105
TX,Porter,105
PA,Grampian,105
MN,Garfield,105
VA,Fort Belvoir,105
MD,Boyds,105
NY,Garrison,104
CA,Canoga Park,104
VA,Skippers,104
CA,Weldon,104
ID,Hazelton,104
SC,Springfield,104
MN,Belgrade,104
WI,Kaukauna,104
WA,Oak Harbor,104
MN,Garrison,104
OR,Mount Vernon,104
NJ,Hampton,104
SC,Jamestown,104
SC,Turbeville,104
NY,East Chatham,104
MI,Niles,104
FL,Bell,104
NJ,Short Hills,104
NV,Imlay,104
IL,Dekalb,104
FL,Bristol,104
MA,New Bedford,104
TN,Christiana,104
OK,Moore,104
PA,Cochranville,104
NY,Ozone Park,104
MT,Libby,104
PA,Glenolden,104
KY,Lebanon Junction,104
MT,Gold Creek,104
CA,Mt Shasta,104
NY,Craryville,103
NC,Parkton,103
IA,Windsor Heights,103
KY,Edgewood,103
MD,Charlotte Hall,103
IA,Adair,103
IL,Chicago Ridge,103
NC,Fairmont,103
MI,Climax,103
PA,Wilcox,103
MT,Havre,103
PA,Shamokin,103
VA,Bastian,103
IN,Brownsburg,103
AR,Lowell,103
CO,Divide,103
NY,Camden,103
PA,Tobyhanna,103
MD,Havre De Grace,103
CT,Colchester,103
NY,Endicott,103
NJ,Moorestown,103
IN,Centerville,103
NJ,Boonton,103
PA,Jim Thorpe,103
NY,Bedford Hills,103
PA,Cresson,103
AZ,Wittmann,103
FL,Bronson,103
WV,Eskdale,103
AL,Remlap,103
MO,St. Louis,103
CA,Pacific Palisades,103
WV,Triadelphia,103
GA,Darien,102
PA,Brockway,102
NC,Garysburg,102
PA,Penn Valley,102
CA,East Tehama,102
MO,Pevely,102
FL,Branford,102
SC,Blenheim,102
VA,Jetersville,102
PA,Confluence,102
NC,Vanceboro,102
SC,Mountville,102
NY,Oneida,102
OR,Sumpter,102
OR,Seneca,102
MT,Corvallis,102
SC,Lake View,102
IA,Avoca,102
FL,Mc David,102
AR,Russellville,102
CA,Mount Hamilton,102
MI,Grand Ledge,102
CO,Byers,102
VA,Shenandoah,102
MN,Norwood Young America,101
AZ,Cave Creek,101
WA,Liberty Lake,101
AL,McCalla,101
NY,Southampton,101
TX,Ennis,101
MD,Fort George G Meade,101
MN,Clara City,101
VA,Kenbridge,101
MS,Olive Branch,101
NH,Tilton,101
PA,Feasterville-Trevose,101
IA,Kellogg,101
NY,Chestertown,101
TX,Seguin,100
AZ,Miami,100
NJ,Mullica Hill,100
IL,Fairview Heights,100
NJ,Allentown,100
MT,Arlee,100
MA,Fitchburg,100
NC,Rockingham,100
IA,Grimes,100
MT,Townsend,100
MO,Wright City,100
FL,Dania Beach,100
NY,Oakdale,100
AL,Chelsea,100
CT,Old Greenwich,100
NC,Valdese,100
FL,Satellite Beach,100
SC,Gadsden,100
NY,Tuckahoe,100
CA,Reseda,100
MN,Bovey,100
NV,Sun Valley,100
NC,Faison,100
NJ,Wyckoff,100
CT,Bristol,100
PA,Franklin,100
OR,Fossil,100
PA,Douglassville,99
NY,Ancram,99
NJ,Lincroft,99
CO,Breckenridge,99
TX,Odessa,99
FL,Tavares,99
MO,Rocheport,99
VA,Fort Myer,99
AL,Elmore,99
CA,Raymond,99
OH,Newark,99
PA,Shrewsbury,99
NY,Rosendale,99
TX,La Marque,99
OH,Wapakoneta,99
NC,Whittier,99
GA,Leesburg,99
MN,Winthrop,99
PA,Eighty Four,99
MN,Morris,98
IL,South Elgin,98
TX,Cedar Hill,98
CA,San Simeon,98
MI,Allendale,98
PA,Brockport,98
LA,St Rose,98
NJ,Saddle River,98
GA,Lake Park,98
MN,Butterfield,98
ND,Bismarck,98
NJ,Netcong,98
NJ,Thorofare,98
MD,Hughesville,98
AZ,Tuba City,98
CA,Hamilton City,98
OR,Siletz,98
MT,Miles City,98
MT,Cameron,98
FL,Gulfport,97
CA,Stanford,97
NY,Baldwinsville,97
MT,Saint Ignatius,97
CA,Clements,97
NY,Bayport,97
AL,Attalla,97
PA,Coal Township,97
MT,Reed Point,97
SC,Patrick,97
MI,Bloomfield Hills,97
AR,Mayflower,97
MA,Bolton,97
WA,Shoreline,97
MN,Orr,97
MN,Cologne,97
CA,El Nido,97
NY,Germantown,97
CA,MI Wuk Village,97
TN,Blountville,97
CA,Cardiff by the Sea,97
VA,Clarksville,97
FL,St Johns,97
NJ,Wall Township,97
FL,Mt Dora,97
PA,Towanda,97
CA,Palermo,97
MN,Cottonwood,97
MN,Montrose,97
NY,Warners,97
MT,Troy,97
MT,Kila,97
NC,Princeton,96
MN,Raymond,96
CA,Columbia,96
WV,Ravenswood,96
CT,Niantic,96
TX,Seagoville,96
CA,Pilot Hill,96
SC,Sharon,96
MA,Westborough,96
CA,Stinson Beach,96
NY,Boonville,96
NC,Mills River,96
AZ,Fort Mohave,96
CA,Tupman,96
CA,Leona Valley,96
MT,Florence,96
MT,Victor,96
NC,Newton Grove,96
NC,Butner,96
MO,Bates City,96
NC,Hayesville,96
NH,Derry,96
NY,Herkimer,96
VA,Lyndhurst,96
MN,Wanamingo,96
UT,Parowan,96
AL,Laceys Spring,95
GA,Riceboro,95
NY,Cross River,95
VA,Atkins,95
NY,Kirkwood,95
IA,Missouri Valley,95
MN,Lynd,95
WA,Lynden,95
PA,Peach Bottom,95
LA,Pineville,95
CA,Rio Oso,95
SC,Ridge Spring,95
NC,Laurinburg,95
CA,Pearblossom,95
CA,Ballico,95
IN,Spiceland,95
PA,Slippery Rock,95
DE,Georgetown,95
NJ,Lyndhurst,95
NY,Fulton,95
MT,Lewistown,95
OH,Castalia,94
WA,Camas,94
VA,South Boston,94
VA,Rocky Gap,94
PA,Mount Carmel,94
TN,Crab Orchard,94
VA,Washington,94
GA,Resaca,94
PA,Mc Alisterville,94
MA,Needham,94
MN,Bingham Lake,94
NY,La Fayette,94
PA,Crystal Spring,94
GA,Winder,94
NV,Battle Mountain,94
VA,Eagle Rock,94
MI,Center Line,94
MI,Saint Joseph,94
AR,Plumerville,94
MI,Chelsea,94
IN,Whiteland,94
AL,Brewton,94
WI,Watertown,94
AL,Somerville,94
NJ,Palisades Park,94
PA,Stahlstown,94
CO,Calhan,94
CA,Tollhouse,94
AL,Coker,93
CA,Kenwood,93
MI,Bridgman,93
NJ,South Plainfield,93
CT,North Stonington,93
PA,Turbotville,93
VA,Colonial Beach,93
MO,Earth City,93
PA,Sugarloaf,93
CA,Carnelian Bay,93
TX,Richmond,93
NY,Elmont,93
IL,McHenry,93
NJ,Stewartsville,93
IL,Countryside,93
UT,Portage,93
CA,Redway,93
IA,Marion,93
OR,South Beach,93
NY,Hillsdale,93
CA,Mather,93
NV,Zephyr Cove,93
AL,Pinson,93
NJ,Marmora,92
MI,Holt,92
OR,Mount Angel,92
IA,Ottumwa,92
GA,Elko,92
CA,Dorris,92
NJ,Port Republic,92
MA,Mansfield,92
VA,Port Royal,92
MI,Spring Lake,92
CA,San Marino,92
VA,Montross,92
MT,Frenchtown,92
MI,La Salle,92
CA,Avila Beach,92
MA,Bridgewater,92
OH,Mantua,92
NC,Tarboro,92
OH,Lancaster,92
VA,Appomattox,92
CA,Death Valley,92
MT,Jefferson City,92
NJ,Butler,92
VA,Vinton,92
NC,Marshall,92
PA,Tarentum,92
WA,Blaine,92
OH,Plain City,92
OH,Xenia,92
TN,Sale Creek,92
IA,Crescent,92
MI,Martin,92
OR,Cheshire,92
AR,Turrell,92
FL,Lauderhill,92
FL,Astor,92
MT,Wyola,92
ID,Mullan,92
MI,Hartford,91
NC,Mount Airy,91
MI,Casco,91
NM,Santa Fe,91
CA,Kernville,91
VA,Courtland,91
CA,Davenport,91
MN,Hill City,91
MN,Hector,91
OK,Owasso,91
GA,Danville,91
OR,Lexington,91
FL,Alford,91
PA,Osceola Mills,91
OH,Fairborn,91
VA,Disputanta,91
NJ,Woodcliff Lake,91
VA,Lambsburg,91
PA,Wilkes-Barre,91
IA,Johnston,91
OK,Norman,91
IA,Minden,91
MN,Cotton,91
PA,Lawrenceville,91
CA,Keyes,91
VA,Churchville,91
VA,Franklin,91
IL,Oak Lawn,91
IN,West Harrison,91
MD,Leonardtown,91
NC,Roxboro,91
MN,Fairfax,91
ND,Grand Forks,91
ND,Valley City,91
OR,Mulino,91
WA,Montesano,90
PA,Emmaus,90
PA,James Creek,90
GA,Waverly,90
CA,West Contra Costa,90
MD,Cooksville,90
OR,Joseph,90
FL,Melbourne Beach,90
MI,Dexter,90
WA,Port Townsend,90
MN,Spicer,90
MO,Sweet Springs,90
CO,Kit Carson,90
PA,Eldred,90
CA,Fall River Mills,90
OR,Condon,90
FL,Inlet Beach,90
CA,Mc Kittrick,90
FL,Hilliard,90
CO,Steamboat Springs,90
OH,Piqua,90
OH,Chillicothe,90
MS,Bay Saint Louis,90
PA,Patton,90
CA,Hickman,90
VA,Dewitt,90
LA,Monroe,90
MN,International Falls,90
MN,Welcome,90
PA,Alum Bank,90
NY,Galway,90
NC,North Wilkesboro,90
MA,Amesbury,90
MI,Birch Run,90
MS,Byhalia,90
PA,Strasburg,90
VA,Blairs,90
CT,Derby,90
OR,Spray,90
RI,North Smithfield,89
IA,Marengo,89
CA,Manhattan Beach,89
WA,Everson,89
NY,Ravena,89
MN,Lindstrom,89
NY,Croton on Hudson,89
MN,Menahga,89
WV,Belle,89
IN,Brookston,89
MI,Jenison,89
VA,Victoria,89
DE,Milton,89
WV,Flat Top,89
GA,Dry Branch,89
LA,Walker,89
CA,Belvedere Tiburon,89
AL,Newton,89
MA,Milford,89
OH,Springboro,89
MD,Lexington Park,89
NJ,Budd Lake,89
CA,Capay,89
CO,Fort Garland,89
NC,Pilot Mountain,89
NC,Norlina,89
MN,Hewitt,89
NY,Vernon,89
IN,Goshen,89
FL,Altoona,89
MD,Galena,89
MN,Waconia,89
GA,Cedartown,89
FL,Mulberry,88
IA,Dexter,88
SC,Hampton,88
IL,Dolton,88
CA,Termo,88
VA,Goode,88
CA,Happy Camp,88
VA,Lovingston,88
WV,Clendenin,88
AZ,Safford,88
NM,Moriarty,88
TX,Wilmer,88
CA,Twin Bridges,88
NC,Siler City,88
IN,Straughn,88
GA,Maysville,88
TX,Fort Bliss,88
NY,Remsen,88
FL,Melrose,88
IN,Georgetown,88
CA,Milford,88
AL,Marbury,88
NY,Pattersonville,88
MT,Shepherd,88
CA,Atherton,87
WA,Bow,87
AL,Cordova,87
NC,Mars Hill,87
WA,Battle Ground,87
MN,Bagley,87
NY,Glen Head,87
NY,Jordan,87
IA,Shelby,87
PA,Gardners,87
CA,Calpine,87
PA,Wallingford,87
NJ,Marlboro,87
AZ,Paulden,87
PA,Friedens,87
PA,Paxinos,87
TN,Pulaski,87
VA,New Church,87
OR,Bay City,87
IA,Le Claire,87
OH,Maineville,87
FL,Shalimar,87
PA,Grassflat,87
MN,Cohasset,87
WV,Harpers Ferry,87
VA,Grottoes,87
IL,Marion,86
TX,Coupland,86
PA,Clarks Summit,86
OH,North Lima,86
PA,Coalport,86
NC,Bessemer City,86
CA,Paynes Creek,86
NY,Lake Katrine,86
WI,Hudson,86
NY,Hamlin,86
NJ,Township of Washington,86
IN,Reelsville,86
LA,Saint Martinville,86
VA,Fort Defiance,86
CA,Hidden Valley Lake,86
NY,Clay,86
VA,Boyce,86
NJ,Keyport,86
MO,Odessa,86
SC,Fairfax,86
OH,Seville,86
OH,Rocky River,86
AL,Salem,86
MA,Hyannis,86
MA,Whitman,86
GA,Avondale Estates,86
MD,Monkton,86
PA,Renovo,86
AZ,Kirkland,86
IN,Gaston,86
FL,Terra Ceia,86
PA,Fogelsville,86
VA,Parksley,86
MT,Seeley Lake,86
IA,Malcom,85
MO,Holt,85
PA,Trappe,85
IA,Mitchellville,85
OH,Findlay,85
PA,Abbottstown,85
TX,Red Oak,85
MD,Millington,85
NY,Goldens Bridge,85
AR,Newport,85
WI,Windsor,85
WI,Wilson,85
IL,Lincoln,85
TN,Cedar Hill,85
CO,Windsor,85
NY,Middle Island,85
SC,Greeleyville,85
VA,Dillwyn,85
GA,Barnesville,85
TX,Hockley,85
SC,New Zion,85
VA,Blue Ridge,85
MD,Street,85
CA,Point Arena,85
PA,Sterling,84
IL,Worth,84
VA,Cumberland,84
NY,North Chili,84
MI,Ottawa Lake,84
MI,New Buffalo,84
VA,Lancaster,84
NY,Ghent,84
WA,Aberdeen,84
FL,Sneads,84
MD,Hampstead,84
PA,Smithton,84
WA,Deming,84
CA,Yountville,84
CA,Angwin,84
CO,Mesa,84
OH,Bowling Green,84
PA,Wind Gap,84
NJ,Riverton,84
PA,Mapleton Depot,84
GA,Ashburn,84
PA,Claysburg,84
WY,Wheatland,84
MT,Divide,84
OR,Unity,84
PA,Mt Pleasant,84
FL,Indialantic,84
MA,Lancaster,84
KS,Stilwell,84
UT,South Salt Lake,84
NY,Oswego,84
VA,Shawsville,84
OR,Tenmile,84
MN,Roseau,84
NJ,Southampton,83
MN,Maynard,83
CO,Brush,83
WI,Chippewa Falls,83
PA,Nanty Glo,83
MO,New Florence,83
NH,Hampton,83
CO,Grand Junction,83
KY,Crestview Hills,83
IL,Wilmette,83
AL,Lowndesboro,83
MA,Franklin,83
OH,Lakewood,83
IL,Creve Coeur,83
CT,Beacon Falls,83
NY,Tillson,83
SC,Olar,83
NC,Elm City,83
SC,Reevesville,83
SC,Chappells,83
IL,Lincolnwood,83
NV,Spring Creek,83
WA,Lacey,83
IN,Lawrenceburg,83
PA,Mc Clure,83
GA,Dallas,83
UT,Wellsville,83
WI,Slinger,83
VA,Madison,83
VA,Halifax,83
MI,Petersburg,83
CA,Westport,83
MN,Gilbert,83
MN,Battle Lake,83
ID,Firth,83
AR,Searcy,83
ND,West Fargo,83
CT,Marlborough,82
NV,Deeth,82
PA,East Petersburg,82
SC,Norway,82
PA,Tioga,82
WV,Weston,82
PA,Millersville,82
GA,Elberton,82
MA,Wrentham,82
CA,Creston,82
PA,Sidman,82
MN,Henning,82
CA,Brownsville,82
NY,Malden Bridge,82
NC,Middlesex,82
FL,Inglis,82
IA,Walnut,82
LA,Pride,82
TX,Alvarado,82
VA,Goshen,82
CA,Little River,82
AZ,Munds Park,82
IN,Marion,82
MN,Spring Valley,82
CO,Burlington,82
ID,Blackfoot,82
GA,Harlem,82
MD,Frostburg,82
NJ,Ocean View,82
FL,Lorida,82
VA,Keysville,82
LA,Iowa,82
DE,Felton,82
MT,Somers,82
AZ,Picacho,81
FL,Floral City,81
NH,Canterbury,81
FL,Summerland Key,81
NH,Rochester,81
TN,Sevierville,81
MA,West Bridgewater,81
FL,Graceville,81
VA,King William,81
NY,Schaghticoke,81
MN,Geneva,81
WA,Silverdale,81
MS,Tupelo,81
NJ,Ridgewood,81
VA,Altavista,81
NC,Spring Lake,81
MN,Courtland,81
OH,Circleville,81
PA,Millville,81
IL,Harvey,81
MN,Wabasha,81
IA,Victor,81
VA,Blacksburg,81
DE,Millsboro,81
NY,Mt Kisco,81
MD,Cordova,81
OH,Orient,81
PA,Three Springs,81
FL,Tavernier,81
MO,Willard,81
NC,Fuquay-Varina,81
MO,Rogersville,81
NC,Denver,81
NM,Prewitt,81
IL,La Salle,81
VA,Penn Laird,81
CA,Gold River,81
GA,Fortson,81
PA,Falls Creek,81
PA,Johnsonburg,81
NY,South Glens Falls,81
MN,Mountain Iron,81
MN,Osage,81
NY,Watertown,81
NC,Maiden,81
IN,Howe,81
IL,Sugar Grove,80
NC,Forest City,80
TN,Apison,80
CA,Midpines,80
MN,Waubun,80
PA,Allison Park,80
TN,Niota,80
SC,Rowesville,80
PA,Ashville,80
MA,Tyngsboro,80
WA,Enumclaw,80
PA,Mount Pleasant Mills,80
FL,Coconut Creek,80
PA,Upper Merion,80
MN,Canyon,80
LA,Jennings,80
PA,Gallitzin,80
CA,La Habra,80
VA,Goochland,80
WA,Brinnon,80
NC,Pinnacle,80
AZ,Concho,80
SC,Mt Pleasant,80
PA,Acme,80
NJ,Woodbine,80
RI,Cumberland,80
TX,Texas City,80
AL,Fairhope,80
SC,Pineland,80
MN,Fort Ripley,80
PA,Brookhaven,80
MD,Hurlock,80
FL,Indian Rocks Beach,80
NC,Snow Hill,80
NY,Brookhaven,79
OH,Sandusky,79
AL,Evergreen,79
FL,Champions Gate,79
WV,Scarbro,79
NY,Schuylerville,79
TN,Sweetwater,79
CO,Empire,79
NH,Exeter,79
OH,Monroe,79
GA,Kingsland,79
SC,Ravenel,79
VA,Callao,79
AR,Batesville,79
MT,Browning,79
IA,Marne,79
MD,Friendsville,79
VA,Hardy,79
MA,Auburndale,79
FL,Venus,79
PA,Elizabeth,79
OR,Rogue River,79
MD,Rising Sun,79
OR,Kent,79
PA,Dingmans Ferry,79
AR,Donaldson,79
CO,Aspen,78
MO,Concordia,78
PA,Mc Kees Rocks,78
NC,Highlands,78
MD,Burtonsville,78
WI,Pleasant Prairie,78
NC,Tryon,78
MO,Marshall,78
MD,Lothian,78
LA,Pearl River,78
NJ,Ramsey,78
WA,Edmonds,78
PA,Saxton,78
PA,Long Pond,78
CT,Higganum,78
MT,Joliet,78
PA,Kittanning,78
NJ,Gibbstown,78
FL,Eglin Air Force Base,78
CA,Platina,78
SC,Early Branch,78
GA,Pine Mountain,78
TN,Georgetown,78
CO,Creede,78
NY,Ithaca,78
IL,Mount Vernon,78
AL,Boligee,78
NC,Spring Hope,78
CO,Palisade,78
CO,Fort Lupton,78
IN,Valparaiso,78
UT,Joseph,78
PA,Hershey,78
MO,Barnhart,78
NJ,Mickleton,78
CT,Pomfret Center,78
NY,Hannacroix,78
IL,Ottawa,77
PA,Bird In Hand,77
VA,Mt Jackson,77
PA,Marysville,77
NY,Dix Hills,77
AL,Riverside,77
NJ,Pine Brook,77
NC,Moncure,77
CO,Howard,77
NJ,Colts Neck,77
OH,Northwood,77
MN,Bayport,77
FL,Zellwood,77
SC,Cades,77
NY,Mineola,77
CA,Mountain Ranch,77
GA,Buckhead,77
CA,Bass Lake,77
NY,Woodhaven,77
KY,Prospect,77
NY,Blossvale,77
AR,Paragould,77
NJ,Morris Plains,77
MO,Lebanon,77
NY,Dover Plains,77
ND,Jamestown,77
PA,Hopewell,77
PA,Lake Ariel,77
IL,Cherry Valley,77
IL,Bourbonnais,77
CA,Lemon Cove,77
MN,Benson,77
WI,Baldwin,77
AZ,Dolan Springs,77
NC,Tobaccoville,77
CA,Fairfax,77
MI,Smiths Creek,77
ID,Post Falls,77
LA,Westwego,77
OR,Deer Island,77
CA,Courtland,77
CA,Comptche,77
UT,Monroe,77
WA,Sultan,77
MD,Forest Hill,77
MN,Warroad,77
TN,Riceville,76
IL,Dixon,76
NY,Whitney Point,76
IL,Glencoe,76
TX,Clint,76
IL,Volo,76
OH,Burton,76
MD,East New Market,76
MI,Melvindale,76
RI,West Warwick,76
AL,Eastaboga,76
OR,Paisley,76
MS,Vancleave,76
PA,Newmanstown,76
AL,Carbon Hill,76
FL,Big Pine Key,76
MD,White Plains,76
CO,Westcliffe,76
SC,Buffalo,76
AL,Smiths Station,76
NC,Pittsboro,76
NC,Catawba,76
AZ,Teec Nos Pos,76
WV,Mount Hope,76
WI,Marshall,76
TN,Clinton,76
MS,Bolton,76
MO,Boonville,76
NJ,Franklin Lakes,76
NY,Massapequa Park,76
AZ,Peridot,76
PA,Aliquippa,76
MA,Hanson,76
CA,San Gregorio,76
MI,Lawrence,76
NJ,Bridgeport,76
AR,Alma,76
VA,DeWitt,76
NJ,Haddonfield,76
PA,Saltsburg,76
MT,Garryowen,76
MN,Isanti,75
AL,Sterrett,75
NJ,Rio Grande,75
MI,South Rockwood,75
AL,Hoover,75
OH,Wadsworth,75
GA,Woodbine,75
FL,St Pete Beach,75
NC,Randleman,75
MD,Adamstown,75
NC,Denton,75
CA,Potter Valley,75
NY,Diamond Point,75
IA,Casey,75
AL,Valley,75
WA,Orting,75
MA,Weymouth,75
NM,Jal,75
NJ,Englewood Cliffs,75
VA,Floyd,75
NV,Austin,75
LA,Sorrento,75
NV,Stateline,75
IL,Hickory Hills,75
AL,Creola,75
CT,South Glastonbury,75
CA,Lookout,75
AL,Moundville,75
MN,Morristown,75
OH,Medway,75
TN,Morristown,75
FL,Belle Glade,75
PA,Stewartstown,75
OH,Brookpark,75
NY,Marathon,75
AZ,Pine,75
CO,Wolcott,75
CA,Trona,75
VA,Buena Vista,75
FL,Fruitland Park,75
OR,Otter Rock,74
PA,Trafford,74
MO,Villa Ridge,74
CO,Boone,74
AR,Redfield,74
PA,Hummelstown,74
PA,McAdoo,74
NY,Castleton On Hudson,74
PA,Duquesne,74
PA,Olyphant,74
FL,Bal Harbour,74
OH,Edon,74
CO,Wiggins,74
NY,Waterville,74
PA,Beavertown,74
TN,Lewisburg,74
NJ,Paulsboro,74
NY,Taberg,74
PA,Emporium,74
OR,Mill City,74
PA,Osterburg,74
PA,Westfield,74
PA,Leechburg,74
NJ,Riverside,74
TX,Northeast Dallas,74
PA,Loretto,74
CA,Twain,74
GA,Vienna,74
TX,The Colony,74
SC,Carlisle,74
GA,Rutledge,74
SC,Silverstreet,74
AZ,Waddell,74
PA,Summerhill,74
MN,Taylors Falls,74
LA,Lacombe,74
MD,Odenton,74
GA,Tunnel Hill,74
AZ,Clifton,74
MN,Kasota,74
FL,West Park,74
CA,Madison,74
MD,Adelphi,74
VA,Wirtz,73
IL,Gilberts,73
AL,Elba,73
MA,Chicopee,73
AR,Chester,73
PA,Salisbury,73
PA,Bentleyville,73
OR,Riverside,73
MN,Cromwell,73
CO,Buena Vista,73
VA,Rhoadesville,73
NC,Dallas,73
OK,Warr Acres,73
AL,Eufaula,73
MN,Hayfield,73
MN,Zumbro Falls,73
OH,Uniontown,73
CA,Dos Rios,73
OH,Thornville,73
FL,Laurel Hill,73
GA,Bethlehem,73
MN,Pine River,73
PA,West Alexander,73
VA,Gore,73
IL,Summit Argo,73
NJ,West Berlin,73
CA,Olympic Valley,73
PA,Unityville,73
ME,Scarborough,73
GA,Peachtree City,73
PA,Wyalusing,73
MN,Deer Creek,73
MO,Marshfield,73
MA,North Andover,73
IA,Earlham,73
NJ,Jackson,73
CA,Woodbridge,73
IN,Corydon,73
MN,Granada,73
VA,Monterey,73
MA,Shrewsbury,72
IL,Normal,72
IL,Litchfield,72
TX,Texarkana,72
IN,Clayton,72
UT,Kanarraville,72
OR,O Brien,72
MN,Tracy,72
MN,Hayward,72
MN,Blomkest,72
MN,Annandale,72
UT,Toquerville,72
GA,Crawfordville,72
CO,Strasburg,72
MI,Portland,72
NC,Bryson City,72
CA,Casmalia,72
PA,Waynesburg,72
MT,Roundup,72
MI,Nunica,72
MI,Marne,72
UT,Peoa,72
KY,Crestwood,72
AL,Vinemont,72
PA,Julian,72
IN,West Terre Haute,72
OR,Bates,72
MT,Red Lodge,72
OH,Newton Falls,72
CA,Santa Rosa Valley,72
GA,Kathleen,72
CA,Woodside,72
NV,Hawthorne,72
WA,Winlock,72
TN,Germantown,72
IN,Stilesville,72
FL,Ponce De Leon,72
WA,Buckley,72
MD,Damascus,72
PA,Waterford,72
NC,Pisgah Forest,72
NJ,West Creek,72
ND,Argusville,72
SC,Garnett,71
RI,Wyoming,71
MD,Edgewater,71
OR,Carlton,71
WI,Allenton,71
IA,Boone,71
TX,Amarillo,71
IL,Glen Carbon,71
WA,Sedro Woolley,71
OK,Spencer,71
NJ,Haskell,71
KY,Elizabethtown,71
CO,Silt,71
IL,Benton,71
TX,Cedar Creek,71
PA,Hunker,71
CO,Shawnee,71
MA,Middleboro,71
NY,Jamesville,71
CT,Essex,71
OR,Beatty,71
IL,Proviso,71
WI,Stevens Point,71
OK,Catoosa,71
IL,Homer Glen,71
MA,Natick,71
TN,Burns,71
CO,Cotopaxi,71
UT,Talmage,71
MT,Lincoln,71
MO,Herculaneum,70
MS,Clinton,70
TX,Huffman,70
NE,Seward,70
CO,Fowler,70
NY,Petersburg,70
NM,Continental Divide,70
MN,Verndale,70
PA,Slatington,70
PA,Aspers,70
MD,Jarrettsville,70
GA,Lilburn,70
WA,Port Ludlow,70
NC,Yadkinville,70
CA,San Joaquin,70
UT,Scipio,70
NH,New Hampton,70
CO,La Junta,70
IL,Worden,70
VA,Dayton,70
NY,Greenfield Center,70
NJ,Flanders,70
MN,Garvin,70
CA,Big Bear City,70
DE,Rehoboth Beach,70
NJ,Teterboro,70
IL,Bloomington,70
PA,Sellersville,70
TX,Lockhart,70
NC,Madison,70
VA,Fieldale,70
WI,Onalaska,70
IL,Urbana,70
MO,Rolla,70
PA,Lilly,70
OH,Cambridge,70
OH,Tipp City,70
VA,Palmyra,70
MN,Silver Lake,70
VA,Milford,70
NJ,Elmer,70
GA,Tallapoosa,70
MT,Eureka,70
PA,Delmont,69
OH,Galloway,69
NY,Calverton,69
NY,East Setauket,69
AL,Locust Fork,69
PA,Walnut Bottom,69
MN,Cook,69
IN,Carmel,69
PA,Connellsville,69
MA,Plainville,69
OH,Marion,69
MI,Watervliet,69
SC,Mc Connells,69
WI,Franksville,69
WY,Sinclair,69
WI,Menomonee Falls,69
NV,Lovelock,69
TN,Jellico,69
MA,Belmont,69
NC,Walnut Cove,69
TN,Fall Branch,69
FL,Altha,69
CA,O Neals,69
CA,Shasta Lake,69
CA,Hydesville,69
NC,Whiteville,69
IA,Underwood,69
AL,Trafford,69
TN,Bulls Gap,69
MA,Charlton,69
FL,Geneva,69
NC,Warsaw,69
MA,Boxborough,69
FL,Lakewood Ranch,69
IA,Brooklyn,69
PA,Schellsburg,69
MN,Jacobson,69
NY,Lake View,69
UT,Mexican Hat,69
NC,Elizabeth City,69
OR,Shady Cove,69
AR,Brookland,69
CA,Alviso,68
WA,Elma,68
MN,Lester Prairie,68
CA,Tahoe Vista,68
MI,Carleton,68
CO,Springfield,68
AR,Osceola,68
VA,Lebanon,68
SC,St Stephen,68
GA,Pembroke,68
MO,Sullivan,68
AZ,Springerville,68
MO,Richland,68
CT,North Franklin,68
FL,Virginia Gardens,68
AL,Satsuma,68
WI,Elk Mound,68
MO,De Soto,68
NJ,Mantua,68
MI,Mason,68
CT,Ansonia,68
SC,Ehrhardt,68
NJ,Farmingdale,68
WA,Greenacres,68
TN,Rocky Top,68
FL,Lynn Haven,68
NC,Rose Hill,68
CA,Chilcoot,68
CA,Cedarville,68
WI,Cottage Grove,67
AL,Castleberry,67
PA,Herndon,67
NH,Keene,67
PA,Rimersburg,67
GA,Waycross,67
CO,Parachute,67
OR,Tiller,67
CA,Lotus,67
CO,Florence,67
CO,Sedalia,67
NC,Granite Falls,67
CA,Cantua Creek,67
PA,Thorndale,67
NY,Sprakers,67
PA,Blossburg,67
MT,Canyon Creek,67
ID,Malad City,67
AR,Sheridan,67
NC,Lewisville,67
MI,Sparta,67
IA,Neola,67
PA,Fallentimber,67
PA,New Bethlehem,67
GA,Eatonton,67
CA,Fiddletown,67
KY,London,67
WV,Cabin Creek,67
VA,Dunnsville,67
MN,Minnesota City,67
GA,Sparks,67
NY,Great River,67
NJ,Pennington,67
SC,Tillman,67
NM,Lordsburg,67
NC,Battleboro,67
TX,Hempstead,67
NC,Stokesdale,67
FL,Glen St Mary,67
OH,New Lebanon,67
AL,Parrish,67
CO,Jefferson,67
CA,Whitethorn,67
OH,Ashland,67
CO,Conifer,67
PA,Muncy Valley,67
VA,Gladys,67
AR,Walnut Ridge,67
AR,El Dorado,67
MT,Custer,67
AR,Greenbrier,67
FL,Bokeelia,66
VA,White Stone,66
MI,Saint Clair,66
TN,McDonald,66
NC,Franklinton,66
TN,Holladay,66
MD,Finksburg,66
UT,Hanksville,66
IN,Martinsville,66
MA,Salisbury,66
MA,Hingham,66
IA,Pacific Junction,66
CA,Fellows,66
FL,Weeki Wachee,66
UT,Kanab,66
AL,Gurley,66
MA,Bedford,66
WA,Cheney,66
PA,Nazareth,66
AL,Hamilton,66
KY,Fort Mitchell,66
PA,Delta,66
UT,Sigurd,66
KY,Hebron,66
IN,Fairland,66
CA,Bethel Island,66
PA,Mount Wolf,66
MT,Belt,66
NH,Pelham,66
AL,Cuba,66
NY,Croton-on-Hudson,66
PA,Middlebury Center,66
IL,Midlothian,66
SC,Johns Island,66
IL,Roscoe,66
CA,Dunlap,66
MD,Clarksville,66
NY,Hudson Falls,66
WV,Valley Grove,66
NJ,Chesterfield,65
GA,Greenville,65
OR,Dairy,65
PA,Millerton,65
NC,Magnolia,65
CA,Miramonte,65
MO,Dearborn,65
NC,Mt Airy,65
AL,Nauvoo,65
OH,Granville,65
MS,Terry,65
IA,Carlisle,65
VA,Wakefield,65
WA,Sequim,65
PA,Parker,65
OH,Montpelier,65
VA,McKenney,65
MN,Sanborn,65
MN,Parkers Prairie,65
WI,Knapp,65
TX,Pecos,65
PA,Richfield,65
NC,Claremont,65
NC,Elizabethtown,65
TN,Thompsons Station,65
AL,Montevallo,65
PA,Strattanville,65
IL,Peru,65
CA,East Palo Alto,65
CO,United States Air Force Academy,65
NC,Ramseur,65
CA,Beckwourth,65
PA,Butler,65
NC,Bailey,65
CA,Big Bar,65
MN,Kellogg,65
NY,Plattsburgh,65
NJ,Newfield,65
NC,Ahoskie,65
OR,Merrill,65
DE,Harrington,65
PA,Harrisonville,64
NY,Dansville,64
NY,Manhattan,64
PA,New Paris,64
WA,Hoodsport,64
PA,Windsor,64
MA,Beverly,64
LA,Madisonville,64
OH,North Jackson,64
GA,Register,64
TN,Sparta,64
AZ,Winkelman,64
UT,Summit,64
IL,Lyons,64
NY,Mastic,64
SC,Blair,64
IL,Metropolis,64
MO,O'Fallon,64
MD,Churchville,64
OR,Monroe,64
AR,Camden,64
DE,Bridgeville,64
OH,Eaton,64
AL,Notasulga,64
OH,Brunswick,64
MO,Union,64
WA,Forks,64
NC,Farmville,64
FL,Steinhatchee,64
GA,Bonaire,64
UT,West Haven,64
KS,De Soto,64
IL,Mascoutah,64
FL,Coleman,64
FL,Sunrise,64
NH,Sanbornton,64
PA,Dysart,64
PA,New Galilee,64
PA,Natrona Heights,64
SC,Calhoun Falls,64
TN,White Pine,64
MA,North Attleboro,64
CA,Trinity Center,64
IL,West Frankfort,64
NV,Tonopah,64
PA,Davidsville,64
OH,Swanton,64
AR,Clarksville,64
NJ,Cinnaminson,64
MT,Volborg,64
PA,Warrington,64
VA,Bridgewater,64
CA,Boonville,64
NC,Liberty,64
ID,King Hill,64
OH,Holland,63
AZ,Yarnell,63
NJ,Waldwick,63
PA,Fayetteville,63
NY,Franklin Square,63
NY,Oriskany,63
TN,Nunnelly,63
CO,Delta,63
NJ,Glassboro,63
WI,Germantown,63
VA,Gate City,63
TX,Laredo,63
MD,Arnold,63
AL,New Hope,63
LA,Destrehan,63
CA,Rio Dell,63
DE,Laurel,63
PA,Knoxville,63
WA,Stevenson,63
TN,Hurricane Mills,63
CA,Glenhaven,63
FL,Wewahitchka,63
AZ,Kayenta,63
MN,Mapleton,63
MN,Braham,63
CA,Elk,63
UT,Orderville,63
TX,Abilene,63
VA,Rice,63
UT,Escalante,63
CA,Oregon House,63
OR,Cornelius,63
IL,Orland Park,63
GA,Thomaston,63
PA,Washington Boro,63
NY,East Northport,63
PA,Gouldsboro,63
NY,North Bellmore,63
MO,Blackwater,63
CA,Westley,63
TN,Farragut,63
FL,Anthony,63
CA,Five Points,63
VA,Faber,63
NY,Mexico,63
FL,Ebro,62
WA,Hoquiam,62
MA,Merrimac,62
MT,Ballantine,62
SC,Joanna,62
NC,Stoneville,62
CO,Wellington,62
NJ,Medford,62
MS,Pass Christian,62
MN,Nevis,62
ME,Falmouth,62
CA,Bayside,62
PA,Rebersburg,62
PA,Atglen,62
CA,Greenwood,62
MA,Pembroke,62
IL,O Fallon,62
NC,Littleton,62
VA,Arrington,62
OR,Turner,62
MT,Marion,62
MT,Rosebud,62
MN,Mayer,62
IL,Dwight,62
MA,Newton Highlands,62
WV,Shady Spring,62
OH,Marengo,62
TX,Forest Hill,62
VA,Topping,62
CO,Hudson,62
NY,Hyde Park,62
IN,Sunman,62
MN,Grand Meadow,62
WV,Sutton,62
CA,Volcano,62
MN,Preston,61
UT,Henefer,61
WA,Bonney Lake,61
NC,Brevard,61
NC,Carthage,61
MN,Wright,61
NC,Wallace,61
NY,Coxsackie,61
NJ,Andover,61
MI,St Joseph,61
MT,Darby,61
MA,Berlin,61
TN,Brownsville,61
MA,Buzzards Bay,61
AZ,Bellemont,61
NC,Nebo,61
VA,Barhamsville,61
OH,Elmore,61
IL,Lakemoor,61
NM,Tucumcari,61
IA,Osceola,61
CA,Fish Camp,61
NY,Pine Plains,61
OR,Rhododendron,61
GA,Statesboro,61
TX,Angleton,61
NJ,Mountainside,61
VA,Ivor,61
OH,Carroll,61
AL,Oakman,61
CA,Rimforest,61
FL,Greenwood,61
PA,Matamoras,61
GA,Rockmart,61
CO,Alamosa,61
VA,White Post,61
VA,Unionville,61
MT,Moore,61
WV,Cool Ridge,61
ND,New Salem,61
WI,Middleton,60
CO,Laporte,60
MN,Arlington,60
TX,Willis,60
IL,Wheeling,60
NJ,Lake Hopatcong,60
MN,Green Isle,60
NY,Jackson Heights,60
CO,Hartsel,60
NC,Robbinsville,60
MT,Lame Deer,60
GA,Dudley,60
CO,Manzanola,60
PA,Mohnton,60
IL,Troy,60
AL,Scottsboro,60
NJ,Tinton Falls,60
NJ,Roebling,60
PA,Port Trevorton,60
CO,Silverthorne,60
OR,Ione,60
PA,Upper Chichester,60
CA,Cobb,60
CA,Dobbins,60
AR,Pottsville,60
NJ,Allenwood,60
AZ,Bouse,60
MA,Rochester,60
PA,Mt Joy,60
PA,Levittown,60
TX,Rosenberg,60
NY,Shrub Oak,60
VA,Zuni,60
AR,Hartman,60
AR,Austin,60
OH,Brecksville,60
NM,Cubero,60
MI,Olivet,60
CT,Brookfield,60
WA,Quilcene,60
VA,Axton,60
GA,Jasper,60
AL,Eclectic,60
VA,Swoope,60
WA,Skykomish,60
NC,Willard,60
PA,Upper Macungie,60
CA,Panorama City,60
NV,West Wendover,59
VA,Cross Junction,59
CO,Franktown,59
FL,Ona,59
GA,Toccoa,59
ND,Williston,59
PA,Mill Creek,59
AZ,Youngtown,59
WI,Grafton,59
GA,Winston,59
WV,Beaver,59
NY,Auburn,59
TN,Dunlap,59
IN,English,59
IA,Homestead,59
LA,Welsh,59
PA,Lincoln University,59
CO,Carbondale,59
OR,Langlois,59
OR,Imbler,59
DE,Lewes,59
PA,McKeesport,59
NJ,Beachwood,59
TX,Jonestown,59
OH,Blacklick,59
NY,Pawling,59
CA,Pacheco,59
IA,Percival,59
AL,Hayneville,59
CA,Cedar Glen,59
MN,Clarkfield,59
PA,Holtwood,59
NY,Stormville,59
GA,Lenox,59
PA,Madisonburg,59
VA,Exmore,59
NY,Wingdale,59
TX,Mission,59
NC,Iron Station,59
TN,Pegram,59
SC,Lodge,59
VA,Ringgold,59
UT,Ephraim,59
TX,Haslet,59
GA,Sycamore,59
TX,Socorro,59
ID,Glenns Ferry,59
PA,Indiana,58
IL,Kildeer,58
VA,Thaxton,58
PA,Bainbridge,58
CT,Dayville,58
WI,Lake Mills,58
WY,Casper,58
AR,Siloam Springs,58
WV,Fraziers Bottom,58
WV,Culloden,58
OH,Girard,58
MA,South Yarmouth,58
AL,Collinsville,58
PA,Fairmount City,58
MD,Severna Park,58
IL,Braidwood,58
AL,Fort Payne,58
AL,Perdido,58
NJ,Whitehouse Station,58
CT,Cos Cob,58
CA,Thornton,58
WI,Superior,58
IL,Cicero,58
CA,California City,58
WY,Burns,58
PA,Homestead,58
AZ,Forest Lakes,58
NJ,Manchester Township,58
CA,Mad River,58
MN,North Mankato,58
MI,West Olive,58
MN,Askov,58
FL,Cross City,58
NJ,River Edge,58
NY,Durhamville,58
MI,Saugatuck,58
IN,Greencastle,58
NY,Stephentown,58
NJ,Delran,58
PA,Pocono Summit,58
IN,Bloomfield,58
FL,Sopchoppy,58
VA,Buffalo Junction,58
MA,Newtonville,58
AL,Guntersville,58
SC,Brunson,58
NC,Waxhaw,58
PA,Airville,58
GA,Blythe,58
WI,Black River Falls,58
TN,Louisville,58
TN,Cornersville,58
CA,The Sea Ranch,58
NC,Mount Gilead,58
CO,South Fork,58
NC,Leicester,58
NJ,Sewaren,58
MN,Lake Lillian,58
ND,Hillsboro,58
OH,Jeffersonville,57
FL,South Pasadena,57
MI,Byron,57
MS,Coldwater,57
VA,Gloucester Point,57
MN,Maple Lake,57
MD,District 5,57
NY,Wyandanch,57
SC,Mount Croghan,57
MN,Hackensack,57
CT,Brooklyn,57
CA,Etna,57
MN,Rockford,57
OH,Washington Township,57
VA,Coeburn,57
TN,Pikeville,57
PA,Shinglehouse,57
CO,Roggen,57
CA,Igo,57
AR,Pocahontas,57
MA,Wellesley,57
IL,Burr Ridge,57
TX,Edinburg,57
VA,Duffield,57
TN,Ardmore,57
NY,Yorkville,57
NY,Cortland,57
MT,Lima,57
CT,Pawcatuck,57
MI,Rockwood,57
PA,Mars,57
PA,Oakdale,57
NH,Contoocook,57
NC,Summerfield,57
IA,Clear Lake,57
PA,Boyertown,57
MI,Durand,57
VA,Elkwood,57
MN,Lonsdale,57
NY,Nedrow,57
AR,Beebe,57
AZ,Kaibeto,57
IN,Wolcott,56
MA,Seekonk,56
TN,Seymour,56
MO,Jonesburg,56
TN,Stanton,56
TN,Baxter,56
FL,Lawtey,56
CA,Northridge,56
FL,San Mateo,56
MI,Berrien Springs,56
CA,Oak Run,56
MI,Macomb,56
CA,Rough And Ready,56
NJ,Montville,56
IL,Blue Island,56
CA,Palos Verdes Peninsula,56
PA,New Providence,56
MN,Center City,56
AR,Monticello,56
CA,Manchester,56
IN,Harlan,56
WI,Roberts,56
MN,Truman,56
NC,McLeansville,56
NJ,Raritan,56
VA,Concord,56
CA,Montara,56
NJ,Magnolia,56
AL,Grady,56
NY,Argyle,56
MN,Northome,56
MN,Dennison,56
MN,Victoria,56
WA,Gold Bar,56
MA,Brookline,56
CO,Durango,56
AR,Trumann,56
TN,Mc Ewen,56
AL,Winfield,56
NY,Oceanside,56
MI,Dundee,56
TN,Alcoa,56
PA,Millmont,56
MN,Winnebago,56
NY,Pottersville,56
OR,Athena,56
MN,Hoffman,56
PA,Fairview,56
PA,Prospect Park,56
NY,Manlius,56
MT,Roberts,56
AR,Rison,56
NJ,Franklinville,55
MA,Assonet,55
CO,Wetmore,55
LA,Gibsland,55
CA,Brooks,55
ID,Eden,55
SC,Hanahan,55
SC,Ruby,55
PA,Edinburg,55
OH,Delta,55
PA,Hooversville,55
MN,Glyndon,55
GA,Snellville,55
CA,San Anselmo,55
FL,Kenneth City,55
NE,York,55
PA,Union City,55
AR,Eureka Springs,55
WY,Granite Canon,55
AL,Livingston,55
TX,Liberty Hill,55
IN,Floyds Knobs,55
GA,Brookhaven,55
CA,Marshall,55
AR,Prescott,55
MN,Pengilly,55
NY,Glen Oaks,55
PA,Ulysses,55
PA,New Bloomfield,55
GA,White,55
UT,Mountain Home,55
SC,Plum Branch,55
NJ,Vauxhall,55
PA,Karthaus,55
CT,Thomaston,55
TN,Andersonville,55
GA,Ball Ground,55
OH,Johnstown,55
PA,New Tripoli,55
CO,Las Animas,55
MN,Fountain,55
PA,Mount Jewett,55
MT,Conrad,55
DE,Frederica,55
CA,Skyforest,54
TX,Marble Falls,54
AL,Woodstock,54
MA,East Walpole,54
VA,Collinsville,54
GA,Jeffersonville,54
CO,Grant,54
WI,Plover,54
OK,El Reno,54
DE,Seaford,54
LA,Maringouin,54
MO,Saint Ann,54
PA,Luthersburg,54
TX,Dale,54
IL,Oakwood,54
TN,Telford,54
NY,Lawrence,54
MD,Accident,54
UT,Manti,54
UT,Wellington,54
IL,Island Lake,54
OR,Summer Lake,54
IN,Munster,54
TN,Gallatin,54
TX,Cisco,54
IL,Marseilles,54
IN,Charlottesville,54
NY,Feura Bush,54
AR,Lake Village,54
WV,Bridgeport,54
AL,Daleville,54
IL,Danville,54
MI,Union Pier,54
NY,Tappan,54
OH,Eastlake,54
AL,Highland Home,54
AL,Andalusia,54
VA,Pennington Gap,54
MN,Amboy,54
AL,Wilmer,54
VA,Capron,54
PA,Mckeesport,54
AR,Bono,54
GA,Metter,54
CT,Ellington,54
CT,Danielson,54
VA,Surry,54
AR,Mulberry,54
ND,Tappen,54
CT,Harwinton,53
SC,Cordesville,53
NC,Tar Heel,53
CO,Lyons,53
PA,Kingsley,53
CO,Eads,53
CA,Davis Creek,53
OR,Welches,53
LA,Tallulah,53
GA,Pinehurst,53
AL,Banks,53
KY,Richmond,53
NY,Montrose,53
CO,Lake George,53
GA,Lula,53
VA,Crimora,53
NY,Orchard Park,53
CA,Muir Beach,53
CT,Avon,53
PA,Zelienople,53
IL,Onarga,53
TN,Mt Juliet,53
MT,Norris,53
WI,Van Dyne,53
PA,Christiana,53
CA,Lytle Creek,53
CA,Tahoma,53
MT,Charlo,53
TX,Corpus Christi,53
VA,Rileyville,53
IA,New Virginia,53
NY,Greenlawn,53
PA,Kulpsville,53
GA,Washington,53
MO,High Hill,53
NM,Tijeras,53
VA,Church Road,53
PA,Jermyn,53
AZ,Oracle,53
MD,Indian Head,53
CA,Vallecito,53
NY,Johnsonville,53
VA,Aylett,53
OR,Butte Falls,53
ND,Minot,53
NM,Grants,52
IL,Robbins,52
IN,Roanoke,52
NJ,Chatham,52
AL,York,52
NY,Miller Place,52
LA,Gramercy,52
CA,Chualar,52
CA,Johannesburg,52
MO,St Joseph,52
NY,Pulaski,52
MD,California,52
MD,Grantsville,52
MN,Elgin,52
MS,Laurel,52
WV,Bluefield,52
MT,Broadus,52
ID,Declo,52
MI,Covert,52
MS,Florence,52
CT,North Grosvenordale,52
CA,Temple City,52
IN,Greensburg,52
MN,Madison Lake,52
PA,West Springfield,52
CO,Dove Creek,52
PA,Burgettstown,52
PA,Morris,52
NC,Burnsville,52
PA,Waterfall,52
RI,Westerly,52
NJ,Newfoundland,52
PA,Saegertown,52
IN,New Castle,52
VA,Gladstone,52
MA,Plympton,52
VA,Hot Springs,52
WI,Big Bend,52
VA,Wilsons,52
OK,Luther,52
FL,Cocoa Beach,52
FL,Pomona Park,52
VA,Evington,52
FL,Fort McCoy,52
PA,St Marys,52
PA,Seven Valleys,52
PA,Sigel,52
NC,Seven Springs,52
MA,Arlington,52
WI,Menasha,52
OH,Waynesville,52
NY,Ridge,52
TX,Kennedale,52
AZ,Dateland,52
MN,Springfield,52
NJ,Flemington,52
MD,Greensboro,52
MN,Alpha,52
CO,Hugo,52
FL,Avalon-Mulat,52
FL,Florahome,52
NC,Shallotte,52
CT,Putnam,52
GA,Hazlehurst,52
CA,Homewood,52
NC,Eden,52
NY,Memphis,52
WV,Newton,52
AL,Centre,51
TX,Wills Point,51
PA,Hustontown,51
CA,Winnetka,51
OH,Bluffton,51
CA,Inverness,51
OH,Archbold,51
PA,Southampton,51
NJ,Somerville,51
MN,Blackduck,51
NJ,Atco,51
NY,Liberty,51
PA,Folcroft,51
MN,Cosmos,51
MD,New Windsor,51
VA,Dolphin,51
MT,Hot Springs,51
OH,Brook Park,51
NC,Bolivia,51
MI,Sawyer,51
TX,Fort Stockton,51
MD,Princess Anne,51
OH,Ashville,51
TN,Mohawk,51
PA,Mifflin,51
OR,McDermitt,51
NJ,Wood Ridge,51
MN,Audubon,51
CA,Hat Creek,51
IN,Haubstadt,51
NC,Riegelwood,51
CO,La Jara,51
AZ,Fredonia,51
MT,Crow Agency,51
CA,Loyalton,51
UT,Rush Valley,51
CA,Rough and Ready,51
TN,Wildersville,51
NV,Schurz,51
NJ,Far Hills,51
TX,Stanton,51
TX,Justin,51
SC,St Helena,51
VA,Glade Hill,51
CA,Guadalupe,51
NY,Mount Sinai,51
NY,East Nassau,51
IN,Huntington,51
AZ,Page,51
TX,Rosharon,51
VA,Kilmarnock,51
PA,Imperial,51
IN,Warren,51
CT,Bethel,51
NC,Grimesland,51
MN,Hawick,51
PA,Frackville,51
MA,Watertown,51
GA,Hamilton,51
NC,Marshville,51
IL,Maple Park,51
IL,Pontiac,51
TN,Limestone,51
CT,Storrs Mansfield,51
WY,Douglas,51
PA,Galeton,51
PA,Seward,51
NY,Greenville,51
VA,Bumpass,51
TX,Kermit,51
NC,Candor,51
FL,Bay Harbor Islands,51
MT,Ennis,51
AR,Hamburg,51
FL,Sweetwater,51
TX,Melissa,50
MS,Diberville,50
OH,New Paris,50
PA,Neelyton,50
ME,Bangor,50
RI,Ashaway,50
NY,East Hampton,50
MN,Cokato,50
IA,Wilton,50
MN,Starbuck,50
WV,Green Sulphur Springs,50
GA,Waynesboro,50
OH,Lewisburg,50
VA,Ferrum,50
MN,Iron,50
PA,Leeper,50
CO,Meeker,50
ID,Twin Falls,50
MN,Isle,50
NE,Springfield,50
MD,Randallstown,50
AZ,Happy Jack,50
NV,Carlin,50
IN,Fremont,50
MI,Lapeer,50
VA,Melfa,50
VA,Accomac,50
NC,Hudson,50
VA,Onley,50
IL,Mchenry,50
IL,Crystal Lake,50
IA,Center Point,50
OH,Broadview Heights,50
FL,Cape Canaveral,50
FL,Rocky Point,50
IL,Dundee,50
OH,Canfield,50
MD,Whaleyville,50
IL,Caledonia,50
VA,Pamplin,50
PA,Folsom,50
GA,Cordele,50
PA,Addison,50
NH,Auburn,50
NE,Ogallala,50
IA,West Liberty,50
AR,Hensley,50
FL,Treasure Island,50
MO,Ash Grove,50
MD,Prince Frederick,50
OR,Lostine,50
MT,Condon,50
WI,Lomira,49
IA,Evansdale,49
OH,Oregonia,49
UT,Garrison,49
VA,Fulks Run,49
WV,Winfield,49
CA,Yorkville,49
MN,Watertown,49
WV,Lewisburg,49
SC,Clarks Hill,49
MN,Elbow Lake,49
OR,Kimberly,49
AZ,Chinle,49
MA,West Yarmouth,49
CA,Topaz,49
IL,Utica,49
RI,North Providence,49
AR,Proctor,49
TN,Birchwood,49
FL,Paisley,49
UT,Eureka,49
IN,Plymouth,49
NJ,Maywood,49
ID,Dubois,49
NC,Richlands,49
OH,Botkins,49
MI,Bridgeport,49
MA,Harvard,49
CO,Woodland Park,49
NY,Holland Patent,49
AZ,Joseph City,49
AZ,Tonto Basin,49
MN,Minnesota Lake,49
GA,Hahira,49
NY,Slingerlands,49
NY,Portland,49
MN,Solway,49
OH,Hubbard,49
PA,Harmony,49
CT,East Granby,49
TX,Hereford,49
NY,New Lebanon,49
UT,Dutch John,49
FL,Citrus Springs,49
TX,Lubbock,49
NV,Eureka,49
MN,Mabel,49
AZ,Jerome,49
MO,Kingdom City,49
ID,Hammett,49
NY,New York Mills,49
WV,Spanishburg,49
IN,Richland,49
GA,Hinesville,48
SC,Smyrna,48
PA,Volant,48
PA,Verona,48
NJ,Willingboro,48
TX,Dripping Springs,48
AL,Arab,48
AL,Graysville,48
NH,Plymouth,48
ME,Augusta,48
AL,Ramer,48
PA,Clifton Heights,48
PA,Strongstown,48
WI,Stoughton,48
NC,Wilkesboro,48
AL,Autaugaville,48
IL,Sherman,48
CO,Agate,48
WV,White Sulphur Springs,48
OH,Greenville,48
VA,Oak Hall,48
PA,Imler,48
MN,Howard Lake,48
GA,Unadilla,48
MN,Goodhue,48
NC,Albemarle,48
NJ,Randolph,48
PA,New Brighton,48
MN,Mahnomen,48
AR,West Fork,48
MT,Vaughn,48
AZ,Oro Valley,48
MO,House Springs,48
LA,Crowley,48
NH,Lebanon,48
GA,Milner,48
FL,Frostproof,48
PA,Kirkwood,48
NC,Holly Ridge,48
NY,Westhampton Beach,48
SC,Ward,48
NC,La Grange,48
VA,Mt Sidney,48
PA,Carbondale,48
VA,Cloverdale,48
VA,Occoquan,48
PA,Cheswick,48
NJ,Washington Twp,48
NJ,Millstone Township,48
MN,Oak Park,48
PA,Shirleysburg,48
VA,Drewryville,48
NC,Pleasant Hill,48
CA,Butte City,48
IL,Mattoon,48
AL,Mc Kenzie,48
NC,Windsor,48
PA,Duke Center,48
AL,Lanett,48
TX,Elmendorf,48
IN,Elkhart,48
MI,Rochester,48
NJ,Hillsdale,48
PA,Glenville,48
AR,Luxora,48
NJ,Newton,48
MN,Altura,48
CA,Woodacre,48
WA,Ellensburg,48
UT,Boulder,48
ND,Watford City,48
AZ,Yucca,48
UT,Vernon,47
CA,Lockwood,47
OH,Rossford,47
NC,Rockwell,47
GA,Douglas,47
PA,Cyclone,47
UT,Collinston,47
WI,Elkhorn,47
CA,Princeton,47
AR,Huntsville,47
VA,Spring Grove,47
MN,Fosston,47
VA,Brandy Station,47
NH,Enfield,47
VA,Farnham,47
IL,Spring Grove,47
IA,Bondurant,47
ME,Yarmouth,47
PA,Pocono Lake,47
CT,Winsted,47
NJ,Manasquan,47
AL,Foley,47
CO,Pagosa Springs,47
IA,Durant,47
NC,Grover,47
IL,Goreville,47
TX,New Caney,47
UT,Park Valley,47
SC,Nesmith,47
CA,Tomales,47
MI,Schoolcraft,47
MN,Warba,47
MA,Palmer,47
PA,Nicktown,47
CA,Alameda,47
NY,Middle Grove,47
PA,Homer City,47
WV,Berkeley Springs,47
MT,Wolf Point,47
NJ,Malaga,47
MN,Fulda,47
MI,Eagle,47
AL,Boaz,47
PA,Hyndman,47
GA,Evans,47
UT,Central,47
SC,McCormick,47
OH,Heath,47
FL,Hosford,47
FL,O Brien,47
IL,Great Lakes,47
MI,Clarklake,47
OH,Northfield,47
OK,Shawnee,47
PA,Saylorsburg,47
TN,Strawberry Plains,47
NC,Browns Summit,47
NY,Monticello,47
TN,Fayetteville,47
NJ,Collingswood,47
MN,Crosby,47
NY,Chittenango,47
DE,Selbyville,47
OR,Sixes,47
MN,Isabella,47
MN,Kensington,47
MT,Ismay,47
NY,Eastport,46
NV,Montello,46
SC,Jenkinsville,46
AL,Killen,46
NC,Yanceyville,46
LA,Minden,46
PA,Orbisonia,46
IL,Evergreen Park,46
PA,Finleyville,46
FL,North Bay Village,46
MN,Brookston,46
IN,Monroeville,46
MN,Russell,46
TX,Grandview,46
PA,Willow Hill,46
UT,Manila,46
OR,Garibaldi,46
CO,Montrose,46
PA,Derrick City,46
UT,Jensen,46
PA,Monongahela,46
ID,Rathdrum,46
MN,Lafayette,46
OR,Ironside,46
NY,Camillus,46
PA,Canton,46
MS,Moselle,46
WI,Lodi,46
OH,Twinsburg,46
PA,Bellwood,46
PA,Orrtanna,46
AL,Ashville,46
WI,Hixton,46
IA,Dubuque,46
IA,Saint Charles,46
WA,Ritzville,46
CT,Woodstock,46
NC,Halifax,46
CO,Bond,46
AR,Fulton,46
NH,Epping,46
IL,Manteno,46
IL,Hawthorn Woods,46
OH,Ostrander,46
LA,Holden,46
IL,Woodstock,46
KS,Bucyrus,46
NC,Fairview,46
ME,Saco,46
AL,Albertville,46
PA,Roaring Branch,46
NC,Grifton,46
OH,Sabina,46
MN,Atwater,46
MN,Franklin,46
MN,Hermantown,46
UT,Dammeron Valley,46
NY,Northport,46
NM,Cuervo,46
PA,Youngwood,46
MN,Bricelyn,46
MD,Keymar,46
MT,Power,46
WA,Leavenworth,46
MD,Point of Rocks,45
IN,Washington,45
PA,Brogue,45
IL,Highland,45
FL,Pinetta,45
OH,North Royalton,45
IL,Tremont,45
OH,Anna,45
MN,Racine,45
IL,Winthrop Harbor,45
NY,Waterford,45
VA,Freeman,45
MI,Hastings,45
MO,Perryville,45
PA,Toughkenamon,45
UT,Torrey,45
MN,Lanesboro,45
VA,Nathalie,45
NY,North Creek,45
MN,Ghent,45
MD,Ridgely,45
ND,Grandin,45
NC,Biscoe,45
TN,Only,45
UT,Alpine,45
IN,Loogootee,45
NY,Medina,45
FL,Keystone Heights,45
MD,Vienna,45
VA,Grundy,45
CA,Blue Jay,45
MN,Renville,45
VA,Monroe,45
NY,Glens Falls,45
WA,Medina,45
NY,Fredonia,45
CT,Watertown,45
TX,Huntsville,45
NY,Colonie,45
VA,Paris,45
MA,Georgetown,45
UT,Midway,45
AL,Horton,45
MS,Crystal Springs,45
IL,Colona,45
NC,Zirconia,45
TX,Florence,45
CO,Sterling,45
PA,Hallstead,45
CA,Southeast Marin,45
SC,Troy,45
LA,Barksdale AFB,45
CA,Stonyford,45
UT,Brian Head,45
MN,Balaton,45
UT,Elmo,45
MN,Stewart,45
NC,Union Mills,45
AR,Warren,45
ND,Richardton,45
NJ,Browns Mills,44
WA,Yacolt,44
IN,Jamestown,44
MS,Brookhaven,44
AZ,Ehrenberg,44
TN,Smithville,44
PA,Honey Grove,44
NC,Rougemont,44
MN,Baudette,44
CT,Newington,44
AL,Gadsden,44
FL,Cortez,44
CA,Green Valley Lake,44
PA,Harrison City,44
IA,Brandon,44
MA,West Springfield,44
SC,Sellers,44
MA,Northborough,44
TX,Creedmoor,44
WI,Saint Francis,44
CA,Mcclellan,44
NY,Inwood,44
MD,Belcamp,44
NJ,Ringoes,44
NY,Windsor,44
AR,Fordyce,44
NY,Blauvelt,44
CO,Ault,44
FL,Hampton,44
CO,Colorado City,44
GA,Rincon,44
GA,Warm Springs,44
IN,Camby,44
CT,Oakville,44
TN,Soddy-Daisy,44
MS,Bay St Louis,44
MA,Malden,44
SC,Fork,44
MI,Kent City,44
WV,Kenna,44
MD,Hunt Valley,44
IL,Mendota,44
GA,Swainsboro,44
PA,Clinton,44
PA,Swarthmore,44
MS,Morton,44
OH,Oregon,44
PA,Waterville,44
NC,Ellenboro,44
TN,Wartrace,44
VA,Champlain,44
WI,La Crosse,44
VA,Bremo Bluff,44
PA,Edinboro,44
NJ,Monroeville,44
MN,Vesta,44
MN,Swan River,44
OR,Arch Cape,44
NC,Mount Olive,44
NY,Salem,44
MN,Angora,44
CO,Florissant,44
NY,Wynantskill,44
PA,Corry,44
IN,Jasper,44
IL,Streamwood,43
AL,New Brockton,43
IL,Salem,43
TX,Anna,43
NC,Cashiers,43
IA,Mason City,43
MN,Bena,43
AR,Waldron,43
ND,Medina,43
NY,Far Rockaway,43
OH,Tallmadge,43
MN,Eden Valley,43
IL,Gardner,43
TX,Big Spring,43
NE,Boys Town,43
LA,Schriever,43
CA,West Hollywood,43
PA,Cranberry Twp,43
OH,Washington Court House,43
FL,South and East Osceola,43
VA,West Augusta,43
MT,Shelby,43
ND,Oriska,43
NC,Robersonville,43
NV,Goldfield,43
FL,Bryceville,43
GA,Barney,43
NV,Hiko,43
WI,Waupaca,43
MI,Pinconning,43
VA,Alton,43
SC,Islandton,43
MI,Flat Rock,43
VA,Galax,43
GA,Dawsonville,43
NJ,Woodstown,43
VA,Port Republic,43
NC,Warrenton,43
AR,London,43
AR,Leslie,43
MN,Shevlin,43
NJ,Plainfield,43
IL,Vienna,43
CA,Bangor,43
AL,Brookwood,43
MA,Oxford,43
NM,Vaughn,43
SC,Martin,43
AZ,Mount Lemmon,43
NC,Williamston,43
WI,Cambridge,43
NY,Homer,43
PA,Dalmatia,43
IA,Marshalltown,43
NC,Autryville,43
MN,Longville,43
CA,Kneeland,43
VA,Huddleston,43
NJ,Clarksboro,43
CO,Granby,42
OH,South Vienna,42
WI,Mauston,42
LA,Vivian,42
IL,Belleville,42
AZ,Tortilla Flat,42
SC,Surfside Beach,42
NJ,Towaco,42
NY,Staatsburg,42
FL,Saint James City,42
NY,Port Washington,42
CT,Somers,42
FL,Center Hill,42
VA,Earlysville,42
MA,Northampton,42
CA,Annapolis,42
TX,Eastland,42
NC,Cullowhee,42
MN,Ottertail,42
MN,Lake Wilson,42
GA,Williamson,42
NC,Broadway,42
NY,Wurtsboro,42
VA,Narrows,42
CA,Pinecrest,42
MI,Okemos,42
MO,Billings,42
MD,Snow Hill,42
SC,McColl,42
WI,Mc Farland,42
IL,Okawville,42
IL,Elkhart,42
MI,Eaton Rapids,42
OR,Swisshome,42
WI,Plymouth,42
IN,Monrovia,42
GA,Peachtree Corners,42
NY,Brocton,42
MD,Brookeville,42
OR,Cove,42
WV,Rockport,42
MA,East Falmouth,42
KY,Crittenden,42
NJ,Bloomsbury,42
NJ,Dunellen,42
IN,Lowell,42
IA,Thurman,42
IL,Columbia,42
GA,Thomasville,42
NY,Barneveld,42
MI,Utica,42
NY,Kings Park,42
PA,Summerville,42
OR,Hereford,42
MN,Morton,42
CA,Shasta,42
NC,Ayden,42
MN,Palisade,42
CA,Pine Mountain Club,42
AL,Chunchula,42
MI,Union,42
CT,Woodbury,42
DE,Frankford,42
ID,Bliss,42
IA,Prole,41
OH,Bolivar,41
NM,Hurley,41
PA,Womelsdorf,41
WA,Coupeville,41
TN,Springfield,41
NC,Linville,41
CO,Stoneham,41
CO,Villa Grove,41
AR,Marked Tree,41
VA,Pearisburg,41
GA,Eastman,41
AR,Corning,41
MT,Gardiner,41
MD,Bryantown,41
NE,Kearney,41
TX,Jarrell,41
AR,Tyronza,41
CO,Livermore,41
AL,Fayette,41
GA,Summerville,41
AL,Bremen,41
WI,Racine,41
KY,Taylor Mill,41
PA,Delaware Water Gap,41
MN,Murdock,41
MS,Picayune,41
MI,Clare,41
NY,Corinth,41
NY,Croton On Hudson,41
MT,Ovando,41
ND,Spiritwood,41
PA,Dravosburg,41
PA,La Jose,41
NY,Poughquag,41
FL,Raiford,41
AL,Alexander City,41
OH,Ashtabula,41
GA,Warrenton,41
PA,Millheim,41
AL,Lawley,41
AR,Chidester,41
MT,Wibaux,41
NY,Cato,41
OK,Bixby,41
AL,Brantley,41
WA,Carnation,41
IL,Hainesville,41
NY,Greenvale,41
NC,Wadesboro,41
MA,North Dartmouth,41
CO,Aguilar,41
MO,Nelson,41
AL,Berry,41
NY,Nichols,41
NY,Long Beach,41
IA,Sloan,41
LA,Thibodaux,41
PA,New Wilmington,41
VA,Drakes Branch,41
NJ,Hillsborough,41
NE,Brady,41
PA,Meadville,41
NE,Pleasant Dale,41
MN,Pequot Lakes,41
PA,Garrett,41
OR,Gleneden Beach,41
NC,Eagle Springs,41
VA,Painter,41
WV,Lost Creek,41
PA,Orrstown,41
AR,Garfield,41
MT,Sidney,41
MT,Thompson Falls,41
OH,Sylvania,40
MA,Mashpee,40
CT,Chester,40
WA,Medical Lake,40
NY,Rocky Point,40
PA,Felton,40
CA,McKittrick,40
MA,Pepperell,40
OH,Rootstown,40
AL,Titus,40
MD,Crofton,40
NY,Alden,40
VA,Spout Spring,40
LA,St Amant,40
CO,Cortez,40
AZ,Dragoon,40
IL,Decatur,40
NC,Supply,40
TX,Pharr,40
PA,Bird in Hand,40
IL,Dupo,40
WI,Mosinee,40
PA,Scottdale,40
PA,Sharon Hill,40
NJ,Scotch Plains,40
PA,New Albany,40
PA,Red Hill,40
IL,Mahomet,40
AZ,Cornville,40
OH,West Salem,40
AL,Cusseta,40
MN,Saint Augusta,40
KY,Crescent Springs,40
NY,Esperance,40
MD,Sabillasville,40
MN,Le Center,40
UT,Grouse Creek,40
CO,Akron,40
CA,Toluca Lake,40
VA,Baskerville,40
MT,Bridger,40
NY,Sanborn,40
TX,Hillsboro,40
NH,Laconia,40
TX,Palmer,40
IA,De Witt,40
MA,Kingston,40
TX,Colorado City,40
PA,Lucinda,40
OK,Guthrie,40
NY,Bear Mountain,40
VA,Temperanceville,40
NY,Stillwater,40
MI,Fort Gratiot,40
NJ,Stanhope,40
PA,Avella,40
CA,Herlong,40
TN,District 3,40
IN,Grabill,40
WY,Chugwater,40
NY,Rotterdam Junction,40
VA,Hague,40
ID,American Falls,40
NH,Grantham,39
PA,New Enterprise,39
PA,Barto,39
AR,Gilmore,39
CT,Haddam,39
CA,Venice,39
CA,St Helena,39
KY,Frankfort,39
IN,Greens Fork,39
NY,Marlboro,39
IL,Lindenhurst,39
AR,Mountainburg,39
VA,Castlewood,39
CO,La Veta,39
PA,Spring House,39
TX,Marion,39
PA,Wellsville,39
GA,Clarkesville,39
IL,Whittington,39
NJ,Port Murray,39
NJ,Sparta,39
MN,Milroy,39
AR,Magnolia,39
WY,Glendo,39
MT,Trout Creek,39
CA,Mineral,39
IA,Atalissa,39
FL,Sumterville,39
CO,Clifton,39
FL,Mayo,39
PA,Sligo,39
NJ,Pompton Plains,39
LA,Saint Amant,39
CA,Madeline,39
TN,Arrington,39
PA,Saint Thomas,39
OR,Blachly,39
KY,Williamsburg,39
OH,Bellaire,39
NJ,Beverly,39
NC,Winterville,39
MN,Plato,39
PA,Spruce Creek,39
NY,Tivoli,39
LA,Egan,39
AL,Cherokee,39
VA,Big Stone Gap,39
MN,Plainview,39
GA,Glennville,39
NY,Owego,39
MI,Saint Johns,39
MI,Tekonsha,39
MD,Conowingo,39
NY,Cambridge,39
MN,Hokah,39
WI,Deerfield,39
CA,Ducor,39
GA,Folkston,39
AR,Knoxville,39
MT,Lavina,39
WV,Flatwoods,39
PA,Mt Union,38
MA,Wareham,38
MD,Pittsville,38
NY,Voorheesville,38
MN,Elysian,38
UT,Leeds,38
IN,Granger,38
MO,St Peters,38
PA,Mineral Point,38
PA,West Milton,38
NJ,Green Brook,38
MN,Ironton,38
MN,Britt,38
MN,Sacred Heart,38
CA,Newport Coast,38
GA,Brooklet,38
WY,Gillette,38
MI,Cement City,38
MA,Lee,38
NY,Albertson,38
CO,Saguache,38
WA,Lilliwaup,38
PA,Elliottsburg,38
IL,Rock Falls,38
IL,Pocahontas,38
OR,Cannon Beach,38
CO,Black Hawk,38
GA,Vidalia,38
VA,Lottsburg,38
MD,Manchester,38
NE,North Platte,38
OH,New Carlisle,38
MD,Harwood,38
MD,Marion Station,38
OH,Middlefield,38
MD,Parsonsburg,38
OH,Wauseon,38
IL,Tuscola,38
MN,New Richland,38
NC,Spruce Pine,38
UT,Fort Duchesne,38
CA,Bell,38
MT,Chinook,38
ID,Kuna,38
MT,Twin Bridges,38
MI,Hartland,38
PA,Cairnbrook,38
MA,Gloucester,38
CA,Caspar,38
MN,West Concord,38
MI,Kawkawlin,38
MA,Holyoke,38
MA,Westport,38
TX,Sealy,38
TX,Selma,38
NJ,Chester,38
MA,Westminster,38
MA,North Chelmsford,38
NY,Pound Ridge,38
PA,Mainesburg,38
OH,Port Clinton,38
PA,Troy,38
NY,Guilderland,38
PA,Shade Gap,38
NY,Elmira,38
NJ,South Hackensack,38
NY,Brewerton,38
MN,Bigelow,38
CO,Model,38
NY,Middle Village,38
VA,Fort Valley,38
NY,Ovid,38
MT,Grass Range,38
MI,White Pigeon,38
RI,Hope Valley,37
IL,Dix,37
CA,Yokuts Valley,37
TX,Lufkin,37
NY,New Hampton,37
TX,Hitchcock,37
IL,Mount Prospect,37
MD,Mount Rainier,37
NY,Parish,37
NE,Valley,37
ID,Ririe,37
PA,Gaines,37
NH,Candia,37
SC,New Ellenton,37
NY,Amawalk,37
TX,South Houston,37
IA,Iowa Falls,37
CO,Pine,37
MO,Carthage,37
NC,Manson,37
PA,Mont Clare,37
WA,Mead,37
UT,Aneth,37
CA,Point Mugu Nawc,37
IA,Menlo,37
PA,Schnecksville,37
PA,Morton,37
PA,Ambridge,37
NC,Lowgap,37
MI,Dowagiac,37
MN,Callaway,37
AZ,Overgaard,37
VA,Hartfield,37
GA,Montrose,37
AL,Muscle Shoals,37
OH,Lorain,37
MI,Roscommon,37
AL,Abbeville,37
NH,Raymond,37
CT,Plainfield,37
CT,Mansfield Center,37
CO,Julesburg,37
MN,Carver,37
NY,Bath,37
WA,Lyle,37
NC,Pleasant Garden,37
WV,Burnsville,37
MT,Valier,37
AR,Mountain Home,37
MT,East Glacier Park,37
AL,Eldridge,37
MA,Newburyport,37
GA,Twin City,37
NC,Columbia,37
IA,Oskaloosa,37
PA,Wells Tannery,37
MI,Luna Pier,37
MO,Hillsboro,37
AL,Headland,37
AL,Sylacauga,37
IA,Webster City,37
NH,New London,37
PA,Brownsville,37
VA,Upperville,37
CA,Belden,37
CO,Guffey,37
WI,Union Grove,37
OR,Princeton,37
NC,Chadbourn,37
WV,Mineral Wells,37
PA,Mayport,37
MT,Helmville,37
LA,Ida,37
NJ,Pennsville,36
CO,Monte Vista,36
IA,Anamosa,36
NV,Logandale,36
WA,McCleary,36
GA,Lyons,36
VA,Pounding Mill,36
NY,Hastings-on-Hudson,36
ME,Freeport,36
SC,Hickory Grove,36
NY,Jamestown,36
MI,Memphis,36
IN,Bristol,36
MN,Puposky,36
TN,Lancaster,36
CA,Whitmore,36
PA,McKees Rocks,36
IN,Brookville,36
TX,Marshall,36
AR,Lockesburg,36
AL,Slocomb,36
NE,Tekamah,36
TN,Erwin,36
IA,Latimer,36
FL,Clarksville,36
CA,Los Altos Hills,36
SC,Tamassee,36
ND,Dickinson,36
IN,Churubusco,36
WY,Pine Bluffs,36
CT,Litchfield,36
MD,Oakland,36
ID,Island Park,36
CO,Genoa,36
CA,North Antelope Valley,36
OH,North Baltimore,36
IL,Moline,36
NV,Alamo,36
MA,Swansea,36
PA,Vandergrift,36
MN,Randall,36
MI,Webberville,36
FL,Biscayne Park,36
MN,Wrenshall,36
NC,Boone,36
CA,Maywood,36
VA,Rapidan,36
OR,Fort Rock,36
ND,Horace,36
ID,Heyburn,36
IA,Bloomfield,36
NC,Aberdeen,36
CO,Estes Park,36
SC,Due West,36
MA,Lincoln,36
NC,Harmony,36
IN,New Palestine,36
PA,Forksville,36
TN,Maryville,36
KY,La Grange,36
GA,Alto,36
OH,Napoleon,36
NV,Virginia City,36
TN,Beechgrove,36
MS,Edwards,36
NC,Red Springs,36
PA,Big Run,36
MI,Dimondale,36
IA,Williamsburg,36
NY,East Quogue,36
MN,Bird Island,36
NY,Poestenkill,36
NY,Kinderhook,36
WV,Ghent,36
TN,Ashland City,36
CA,Samoa,36
NY,Bloomingburg,36
NY,Ulster Park,36
IN,Yoder,36
CO,Kim,36
OR,Halfway,36
MT,Conner,36
AR,Bald Knob,36
MO,Montgomery City,35
NJ,Manalapan,35
MA,Harwich,35
IL,Brimfield,35
AL,Quinton,35
NC,Moyock,35
TX,Temple,35
AR,Joiner,35
VA,Warm Springs,35
AR,Heber Springs,35
OH,Chesterland,35
GA,Zebulon,35
ME,Wells,35
MI,Three Oaks,35
UT,Mapleton,35
KS,Manhattan,35
TX,Lago Vista,35
SC,Little Rock,35
MO,Cuba,35
AZ,San Carlos,35
VA,Vesuvius,35
CO,Lafayette,35
MN,Jeffers,35
IN,Yorktown,35
MN,Kelliher,35
AR,Alexander,35
ID,Wallace,35
WV,Orlando,35
ID,Star,35
OH,Bloomingburg,35
IL,Ashkum,35
TX,Van Horn,35
PA,Titusville,35
PA,Burnt Cabins,35
GA,Moultrie,35
NY,Austerlitz,35
MI,Greenville,35
FL,Madeira Beach,35
IL,Elburn,35
CA,Plumas Lake,35
MN,New Germany,35
NC,Snow Camp,35
NJ,Highlands,35
MT,Babb,35
ND,Hebron,35
IL,Ina,35
NY,Delmar,35
MI,Alto,35
MA,East Sandwich,35
VA,North Tazewell,35
MA,Blandford,35
MA,Melrose,35
NV,Crystal Bay,35
IN,Oakland City,35
NJ,Glen Rock,35
PA,Perryopolis,35
KY,Shelbyville,35
CO,Centennial,35
NC,Shannon,35
CO,Iliff,35
NV,Jackpot,35
CA,Bodega,35
MN,Bigfork,35
PA,Derry,35
FL,Panacea,35
IA,Riverside,35
VA,Mount Solon,35
IA,Storm Lake,35
MD,Whiteford,35
CA,Litchfield,35
MN,Kerkhoven,35
CA,Orleans,35
AR,Star City,35
NC,King,35
AR,Lamar,35
AR,Dardanelle,35
OR,North Bayside,35
IN,Mitchell,35
KY,Verona,34
IN,Gas City,34
MS,Lumberton,34
NY,Lake Grove,34
MI,Sand Lake,34
MS,Petal,34
RI,Newport,34
AL,Harpersville,34
OH,New Springfield,34
NE,Big Springs,34
WA,Yakima,34
PA,Palmerton,34
PA,East Pittsburgh,34
GA,Riverdale,34
AZ,Sun Lakes,34
MN,Andover,34
PA,Leesport,34
MN,Good Thunder,34
AR,Hampton,34
PA,Athens,34
CT,Bolton,34
FL,Golden Beach,34
AR,Stuttgart,34
PA,Zieglerville,34
WA,Nine Mile Falls,34
NY,Center Moriches,34
IL,Algonquin,34
IL,Farina,34
NY,Mastic Beach,34
MI,Westland,34
FL,Boca Grande,34
CA,Alderpoint,34
AZ,Grand Canyon,34
MN,Danube,34
TN,Winchester,34
GA,Rossville,34
NC,Peachland,34
CT,Preston,34
NH,Plaistow,34
GA,Butler,34
GA,Richland,34
NC,Southport,34
VT,Putney,34
TX,Lake Jackson,34
PA,Tamaqua,34
PA,Pennsylvania Furnace,34
NC,Cherryville,34
NC,Lucama,34
CA,Badger,34
VA,Goodview,34
PA,Laceyville,34
PA,Cranberry,34
CA,Cypress,34
ND,Buxton,34
CA,Madeline Plains,34
ND,Thompson,34
WY,Buffalo,34
NY,East Patchogue,34
AL,Thorsby,34
VA,Ford,34
KY,Morning View,34
TX,Victoria,34
VA,Scottsburg,34
GA,Dawson,34
RI,North Scituate,34
AL,Union Springs,34
UT,East Carbon,34
NC,Sapphire,34
TX,Fort Hancock,34
OH,Valley City,34
NC,Rosman,34
IA,Hiawatha,34
NH,Belmont,34
AL,Mountain Brk,34
MO,Raymore,34
TN,Bristol,34
NY,Cassville,34
KY,Hopkinsville,34
TN,Hartford,34
NJ,Great Meadows,34
WA,Kennewick,34
MN,Claremont,34
MN,Hillman,34
NJ,Fairview,34
NE,Blair,34
OR,Wood Village,34
NY,Buskirk,34
MT,Worden,34
AR,Jefferson,34
MT,Philipsburg,34
NC,Mt Olive,34
WA,Ariel,33
MN,South Haven,33
MA,Middleton,33
KY,Fort Thomas,33
NY,Rock Hill,33
FL,Fort Meade,33
IL,Crete,33
FL,Minneola,33
AL,Gordo,33
KY,Sanders,33
OH,Peninsula,33
WA,Morton,33
IA,Tipton,33
IL,Homewood,33
MO,Higginsville,33
MN,Foreston,33
AL,Citronelle,33
MN,Duluth city,33
KS,Eudora,33
NJ,Sussex,33
NY,Tomkins Cove,33
PA,Covington,33
ND,New Town,33
PA,New Ringgold,33
CA,Olancha,33
NY,North Baldwin,33
CA,Beverly Hills,33
CA,Mi Wuk Village,33
PA,Needmore,33
GA,Demorest,33
AL,Guin,33
PA,Mercersburg,33
MS,Forest,33
NY,Saint James,33
VA,Swords Creek,33
GA,Auburn,33
IN,Ferdinand,33
PA,Tafton,33
MN,Lowry,33
NC,Fremont,33
GA,Powder Springs,33
IN,Westfield,33
VA,Penhook,33
IN,Aurora,33
ME,York,33
WA,Tenino,33
NH,Meredith,33
GA,Arabi,33
CO,Bellvue,33
IA,Independence,33
MI,Traverse City,33
MI,Linwood,33
NJ,East Hanover,33
PA,Cherry Tree,33
NY,Carthage,33
MI,Tipton,33
MN,Big Falls,33
CA,Villa Park,33
IL,Deer Park,33
WV,Chapmanville,33
MS,Pelahatchie,33
MA,Berkley,33
AL,Tallassee,33
NY,Campbell,33
NE,Ashland,33
AL,Hartford,33
NJ,Hainesport,33
VA,Rappahannock Academy,33
NV,Mound House,33
CO,Crook,33
IL,Mount Olive,33
IL,Greenville,33
OH,Burbank,33
CA,Sierra City,33
IL,North Barrington,33
FL,Belleair Beach,33
WI,Hartford,33
SC,Ulmer,33
OH,Dover,33
VA,Loretto,33
GA,Woodbury,33
MN,Saint Francis,33
ME,Kittery,33
MN,Ely,33
MN,Okabena,33
WI,Milton,33
PA,Bath,33
NJ,Cape May,33
VA,Charlotte Court House,33
PA,Newburg,33
GA,Homer,33
IN,Rushville,33
NJ,Edgewater,33
MN,Hanley Falls,33
NC,Cove City,33
DE,Greenwood,33
NC,Maggie Valley,33
WV,Hedgesville,33
MI,Adrian,33
AR,Sherwood,33
MT,Stanford,33
UT,Teasdale,32
PA,Genesee,32
IL,Burbank,32
TX,Magnolia,32
PA,Wysox,32
IN,Princeton,32
NC,Hot Springs,32
NC,Weldon,32
VA,Covesville,32
MN,Chandler,32
NY,Burnt Hills,32
MI,Bancroft,32
ID,Fruitland,32
CO,Craig,32
VA,Hanover,32
CO,Milliken,32
MT,Busby,32
WV,Montgomery,32
IL,New Baden,32
IL,Buckley,32
TN,Dayton,32
PA,Mc Donald,32
GA,Camilla,32
IL,Frankfort,32
GA,Sylvania,32
GA,Adel,32
MS,Poplarville,32
ME,Gray,32
GA,Midland,32
OH,Farmersville,32
GA,Hawkinsville,32
IL,Goodfield,32
VT,South Burlington,32
NY,Sauquoit,32
PA,Mount Morris,32
UT,Eden,32
GA,Silver Creek,32
UT,Bryce,32
AR,Vilonia,32
NY,Melrose,32
CA,Tres Pinos,32
CT,North Windham,32
WY,Buford,32
ID,Shelley,32
CA,Glennville,32
ID,Cascade,32
MS,Ellisville,32
OH,Bridgeport,32
TX,Luling,32
IL,Mackinaw,32
IA,Eddyville,32
WI,West Bend,32
NY,Eagle Bridge,32
CA,Seiad Valley,32
NY,Claverack,32
NY,Cold Spring Harbor,32
FL,Seville,32
NY,Howes Cave,32
IN,Middlebury,32
NJ,Ewing,32
CA,Raisin City,32
NJ,Belvidere,32
FL,El Portal,32
WA,Naches,32
MT,Raynesford,32
OH,Wooster,32
NC,Bolton,32
AZ,Snowflake,32
NJ,West Milford,32
NC,Mooresboro,32
AL,Trinity,32
NY,Ransomville,32
NC,Hamlet,32
IA,Norwalk,32
NY,Jefferson Valley,32
PA,Westover,32
UT,Marysvale,32
IL,Geneseo,32
MI,Saranac,32
TX,Cotulla,32
VA,Bluefield,32
GA,Flovilla,32
PA,University Park,32
FL,Ponte Vedra,32
NC,Belews Creek,32
OH,Blue Ash,32
UT,Alton,32
CA,El Portal,32
OR,Durkee,32
VA,Mc Gaheysville,32
NC,Ash,32
IN,Westville,32
CT,Lebanon,32
CA,Benton,32
CA,Crescent Mills,32
WY,Evansville,32
NJ,Landing,32
NC,Millers Creek,32
MN,Biwabik,32
MN,Aurora,32
ND,Sterling,32
OR,Winchester,32
OH,Bellevue,31
IL,Towanda,31
PA,Frenchville,31
WA,Duvall,31
IL,Pesotum,31
NC,Orrum,31
WI,Camp Douglas,31
IL,Saint Joseph,31
KY,Bowling Green,31
NY,Stone Ridge,31
PA,Akron,31
NH,Seabrook,31
NY,Millerton,31
MN,Swanville,31
MS,Hazlehurst,31
IN,North Manchester,31
UT,Loa,31
MT,Cut Bank,31
GA,Hiram,31
WI,Woodville,31
AZ,Kearny,31
IL,Marine,31
TN,College Grove,31
MN,McIntosh,31
AL,Centreville,31
UT,Beryl,31
MN,Tamarack,31
NY,Altamont,31
CO,Mack,31
IL,Lebanon,31
IA,Salix,31
IL,Machesney Park,31
OH,Alliance,31
IL,Jacksonville,31
VA,Stanleytown,31
AL,Townley,31
PA,Beaver,31
NC,Franklinville,31
GA,Sylvester,31
MN,Embarrass,31
NY,Schoharie,31
MO,Ozark,31
MN,Hamburg,31
MN,Pelican Rapids,31
IN,Morocco,31
NC,Norwood,31
IN,Hagerstown,31
AR,Dermott,31
MT,Harlem,31
OH,Amelia,31
TX,Midlothian,31
OH,Upper Sandusky,31
NH,Rindge,31
NC,Elon,31
NC,Jamestown,31
TN,Spring Hill,31
NV,Luning,31
WA,Kingston,31
FL,Sanibel,31
PA,Taylor,31
IL,Riverwoods,31
TX,Sherman,31
MA,Sandwich,31
AL,Epes,31
NC,Julian,31
FL,Bradenton Beach,31
CT,Deep River,31
OK,Sapulpa,31
NE,Waterloo,31
MN,Kettle River,31
LA,Roanoke,31
MS,McComb,31
IN,Columbia City,31
PA,Hickory,31
IN,Vincennes,31
CT,Norfolk,31
VA,Shacklefords,31
NJ,Bogota,31
NJ,North Plainfield,31
NY,Oneonta,31
NC,Newland,31
TN,Erin,31
CA,Challenge,31
NC,Pink Hill,31
TN,La Follette,30
NY,Livingston Manor,30
PA,Mc Sherrystown,30
NH,Peterborough,30
OH,West Alexandria,30
AL,Elrod,30
PA,McVeytown,30
MO,Sikeston,30
WI,Arlington,30
OH,Saint Clairsville,30
NC,Ellerbe,30
NC,Erwin,30
OR,Broadbent,30
WI,Mukwonago,30
OR,Brownsville,30
NY,Depew,30
CA,Grizzly Flats,30
AL,Kinston,30
LA,Gray,30
VA,Carrsville,30
VA,Meherrin,30
IA,Northwood,30
OH,Massillon,30
TX,Santo,30
IL,Raymond,30
CT,Bloomfield,30
ME,South Portland,30
IL,Divernon,30
MN,Long Lake,30
PA,White Oak,30
NJ,Oxford,30
PA,Penn Run,30
MD,Eden,30
MD,Henderson,30
NY,Keeseville,30
TX,Highlands,30
PA,Greeley,30
NY,Marcellus,30
OR,Manning,30
AL,Holly Pond,30
IN,Mishawaka,30
UT,Gunnison,30
MI,Haslett,30
PA,Pulaski,30
KY,Paducah,30
SC,Luray,30
SC,Modoc,30
CA,Foster City,30
NJ,Millburn,30
PA,Hastings,30
NE,Bushnell,30
IN,Petersburg,30
NY,Horseheads,30
IN,North Vernon,30
MI,Riverview,30
IN,Peru,30
UT,Greenville,30
IA,Dows,30
IL,Lake Barrington,30
NC,Union Grove,30
KY,Alexandria,30
MS,Senatobia,30
IL,University Park,30
IN,Dale,30
AL,Leighton,30
WA,Allyn,30
TN,Shelbyville,30
VA,Dutton,30
PA,Burnham,30
IA,Clinton,30
OH,Marietta,30
PA,Enon Valley,30
OH,West Farmington,30
NY,Vernon Center,30
TX,Lakeway,30
IN,Veedersburg,30
AL,Valley Head,30
OK,Piedmont,30
GA,Lumpkin,30
PA,Temple,30
CT,Thompson,30
NY,Water Mill,30
NC,Vale,30
CT,Burlington,30
PA,Newtown,30
CT,Columbia,30
WA,Mossyrock,30
CT,Granby,30
NY,Attica,30
IN,Lake Village,30
MT,Emigrant,30
VA,Tazewell,29
ME,Biddeford,29
CO,Fleming,29
NC,Bethel,29
PA,New Florence,29
MA,Southborough,29
IA,Mount Pleasant,29
IL,Crestwood,29
KS,Tonganoxie,29
CT,Portland,29
NJ,Jobstown,29
TN,Greenbrier,29
IN,Woodburn,29
PA,St Clair,29
ND,Killdeer,29
MT,Basin,29
WA,Union,29
NE,Beaver Crossing,29
AL,Billingsley,29
NH,Littleton,29
IL,Chenoa,29
NV,Wellington,29
VA,Hinton,29
TN,Chuckey,29
TX,Roscoe,29
MN,Lamberton,29
MN,Grasston,29
CO,Snowmass,29
MO,Mount Vernon,29
TX,Henrietta,29
MO,Conway,29
MI,Standish,29
PA,Shohola,29
MT,Rollins,29
NM,Espanola,29
MA,West Wareham,29
NC,Bladenboro,29
FL,Southwest Orange,29
PA,Waymart,29
IA,Fairfield,29
LA,Garyville,29
GA,Cornelia,29
VA,Amissville,29
OR,Mckenzie Bridge,29
AR,Harrison,29
IN,Warsaw,29
ID,Weiser,29
FL,Gretna,29
PA,Elkland,29
TX,Bryan,29
VA,Cedar Bluff,29
PA,Tionesta,29
MA,Byfield,29
TN,Jamestown,29
AL,Plantersville,29
TX,Wharton,29
MA,Wilbraham,29
TN,Decatur,29
AL,Jack,29
FL,McDavid,29
PA,Bartonsville,29
NC,Calabash,29
AL,Piedmont,29
NC,Lawndale,29
MN,Erskine,29
MD,Warwick,29
MD,Woodsboro,29
NY,Deansboro,29
NY,Bridgehampton,29
WV,Frametown,29
MD,Westover,29
VA,Buckingham,29
AZ,San Tan Valley,29
NC,Mount Holly,29
NC,Boonville,29
MN,Carlos,29
MI,Imlay City,29
MI,Three Rivers,29
OR,Deadwood,29
CA,Mcarthur,29
VA,Big Island,29
MI,Interlochen,29
VA,Green Bay,29
MT,Black Eagle,29
IA,St Charles,29
MT,Augusta,29
AR,Mountain View,29
AR,Judsonia,29
TN,Celina,28
SC,McConnells,28
PA,Saint Michael,28
TX,Shepherd,28
IL,South Beloit,28
PA,Smithfield,28
IA,Brayton,28
TN,Mosheim,28
AL,Ariton,28
AZ,Duncan,28
CO,Mancos,28
AZ,Saint Johns,28
LA,Haughton,28
PA,North Bend,28
AL,Fort Mitchell,28
AZ,San Manuel,28
TN,Etowah,28
CA,Manton,28
TN,Livingston,28
MN,Garden City,28
NC,Pembroke,28
GA,Mount Airy,28
VA,Star Tannery,28
IN,Shipshewana,28
VA,Steeles Tavern,28
NC,Currie,28
IL,Lexington,28
NC,Banner Elk,28
WI,Lyndon Station,28
NJ,West Long Branch,28
WA,Bingen,28
WA,Valley,28
IL,Rantoul,28
CO,Flagler,28
PA,Mt Carmel,28
WI,Darien,28
NY,Hancock,28
IL,Nashville,28
MS,Courtland,28
MS,Purvis,28
WA,Tumwater,28
MN,Mazeppa,28
NC,Midland,28
PA,Landisburg,28
WA,Veradale,28
SC,Port Royal,28
NY,Mount Morris,28
NY,Mc Graw,28
MS,Sumrall,28
AR,Mena,28
PA,Avonmore,28
IA,South Amana,28
AR,Danville,28
LA,Slaughter,28
PA,Blakeslee,28
IL,Altamont,28
NC,Wingate,28
NY,Deposit,28
TX,Orange,28
MD,Upperco,28
WA,Quincy,28
UT,Virgin,28
AL,Fitzpatrick,28
NY,Walden,28
PA,Warrendale,28
VA,Union Hall,28
CO,Merino,28
ID,Spencer,28
PA,Clymer,28
CT,Northfield,28
PA,Susquehanna,28
VA,Deltaville,28
WI,Delavan,28
CO,Orchard,28
WV,Caldwell,28
VA,Jonesville,28
NJ,Palmyra,28
OH,Logan,28
MA,South Weymouth,28
IL,Princeton,28
MN,Sebeka,28
IN,Elwood,28
GA,Fort Benning,28
TX,Crandall,28
NY,Rockaway Park,28
WI,Sheboygan Falls,28
NC,Tabor City,28
OH,Huron,28
VA,Pound,28
WA,Fall City,28
KY,Georgetown,28
MN,Edina,28
FL,Malone,28
OH,Jamestown,28
CO,Atwood,28
MN,Underwood,28
PA,Glenshaw,28
PA,Irvona,28
NC,Polkton,28
WI,Merrill,28
NY,Stanfordville,28
WV,Jane Lew,28
NJ,Stockholm,28
NY,Elma,28
IL,Garden Prairie,28
SC,Gloverville,28
VA,Skipwith,28
WA,Concrete,28
VA,Center Cross,28
NC,Staley,28
WA,Mineral,28
IN,Bremen,28
CA,Cassel,28
VA,Beaverdam,28
NC,Nakina,28
NV,Orovada,28
PA,Rochester Mills,28
CO,Bayfield,28
AR,Kingsland,28
OR,Malin,28
NY,Mattituck,27
WI,Manitowoc,27
NE,Fremont,27
OH,Oxford,27
MO,Hannibal,27
MN,Waite Park,27
TN,McMinnville,27
FL,Greenacres,27
MA,Sutton,27
WA,Pasco,27
IL,River Forest,27
MS,Long Beach,27
MI,Saline,27
CO,Kersey,27
MD,Spencerville,27
NC,Troy,27
MD,Chesapeake City,27
TN,Elizabethton,27
IN,New Carlisle,27
VA,Hurt,27
MN,Le Roy,27
MN,McGregor,27
GA,Cuthbert,27
NC,West End,27
MN,Tower,27
NC,Jackson,27
PA,Allensville,27
NH,Campton,27
PA,Madera,27
AL,Rogersville,27
AR,Ward,27
TN,Buffalo Valley,27
GA,Molena,27
UT,Castle Dale,27
OH,Clyde,27
OK,Sand Springs,27
NM,Las Vegas,27
PA,Dornsife,27
WA,Tukwila,27
IA,Tama,27
GA,Baconton,27
MS,Summit,27
NJ,Lafayette,27
IA,Jesup,27
IL,Round Lake Heights,27
TX,Westbrook,27
PA,Bangor,27
IL,Lake in the Hills,27
NC,Maple Hill,27
NJ,Tenafly,27
PA,Sheffield,27
NY,Painted Post,27
NC,Pinetops,27
AR,Dyess,27
AR,Booneville,27
WV,Spencer,27
MT,Terry,27
MT,Noxon,27
VA,Jeffersonton,27
MA,South Dennis,27
AL,Cedar Bluff,27
MN,Harmony,27
OH,St Clairsville,27
MD,Little Orleans,27
NV,Moapa,27
NY,Forestport,27
IL,Arcola,27
AL,Columbiana,27
NH,Ashland,27
MN,Grey Eagle,27
TX,Sweetwater,27
NC,Germanton,27
WI,Hortonville,27
TN,Whitwell,27
AL,Elberta,27
PA,Blandon,27
VA,Partlow,27
TX,Andrews,27
CT,Simsbury,27
TN,Oak Ridge,27
VA,Church View,27
CO,Loma,27
NC,Laurel Hill,27
LA,Rodessa,27
NY,Schroon Lake,27
IL,Highwood,27
IL,Chebanse,27
MO,Fair Grove,27
CO,Drake,27
PA,Frederick,27
MI,Fruitport,27
GA,East Dublin,27
FL,Dundee,27
MD,Cheltenham,27
PA,Dalton,27
PA,Robertsdale,27
OH,Huntsville,27
MA,Norton,27
OH,Geneva,27
PA,Pleasant Gap,27
GA,Appling,27
NY,Queens,27
PA,Rochester,27
NY,Byron,27
NY,Richmondville,27
GA,Cusseta,27
CT,Gales Ferry,27
NC,Lewiston Woodville,27
CO,Wray,27
NC,Edenton,27
PA,Greensboro,27
GA,Menlo,27
CA,Imperial Beach,27
NC,Linden,27
VA,Rixeyville,27
MT,Avon,27
AZ,Gray Mountain,27
MO,West Plains,27
MI,Homer,27
ND,Cummings,27
CT,Lakeville,27
ND,Mandaree,27
OR,Adrian,27
MT,White Sulphur Springs,27
IA,Chariton,26
NY,Hewlett,26
IL,Oakbrook Terrace,26
PA,Loysville,26
NY,Allegany,26
OH,South Charleston,26
NM,Magdalena,26
NY,Port Jefferson,26
NC,Andrews,26
CO,Cimarron,26
MS,Wiggins,26
CO,Nathrop,26
CA,Forbestown,26
WA,Sprague,26
CT,Bethany,26
NJ,Pilesgrove,26
PA,Yeagertown,26
MD,Taneytown,26
PA,Laughlintown,26
UT,Veyo,26
MI,Leslie,26
FL,Cedar Key,26
NY,Amagansett,26
CO,Towaoc,26
TX,Stratford,26
NC,Vass,26
ND,Hankinson,26
AR,Harrisburg,26
MT,Big Sandy,26
NM,Loving,26
WA,White Salmon,26
IN,Chalmers,26
OH,Norwich,26
MS,Holly Springs,26
IL,Evanston,26
WI,Cudahy,26
IL,Brownstown,26
OH,Rockbridge,26
ME,Kennebunk,26
NY,Hastings On Hudson,26
NY,Woodmere,26
MN,Mc Grath,26
MN,Waskish,26
CO,Walden,26
IN,Winchester,26
WY,Elk Mountain,26
VA,Bloxom,26
VA,Craigsville,26
FL,University Park,26
AR,Nashville,26
OH,Grafton,26
WA,Mukilteo,26
MA,West Barnstable,26
TX,Fort Davis,26
KY,Petersburg,26
VA,Nassawadox,26
VA,McGaheysville,26
NC,Sims,26
KY,Elsmere,26
MA,Centerville,26
MI,Shepherd,26
NJ,Brielle,26
IN,Rolling Prairie,26
NY,Cornwall,26
VA,Wise,26
NY,Middleport,26
IA,Peosta,26
MA,Lunenburg,26
WI,Franklin,26
UT,Koosharem,26
PA,East Waterford,26
PA,Austin,26
MT,Fort Benton,26
CT,Voluntown,26
AR,Gravette,26
VA,Woodlawn,26
CO,Keenesburg,26
KY,Brooks,26
PA,Driftwood,26
NJ,Titusville,26
IL,Edwards,26
MO,Williamsburg,26
GA,Chula,26
FL,Lake Alfred,26
VA,Callaway,26
PA,Oakland Mills,26
PA,Bulger,26
TN,Woodbury,26
CO,Minturn,26
CO,Campo,26
TX,Live Oak,26
CO,Wiley,26
WI,Warrens,26
MN,Darwin,26
NC,Ocean Isle Beach,26
NC,Stokes,26
FL,Chuluota,26
NY,Rock Tavern,26
IA,Nevada,26
PA,Prosperity,26
PA,Conestoga,26
MI,Sodus,26
IA,Cedar Falls,26
WI,Prescott,26
IA,Decatur,26
CT,Oxford,26
IA,Waverly,26
MN,Hamel,26
NJ,Franklin,26
NY,Bolton Landing,26
CA,Laguna Woods,26
MN,Barnesville,26
IN,Waldron,26
TN,Loretto,26
IN,Grandview,26
WV,Shinnston,26
MT,Sweet Grass,26
CT,Preston City,26
MT,Essex,26
WV,Drybranch,26
AR,Clinton,26
NC,Beulaville,25
CA,Central Contra Costa,25
IA,Lee,25
WI,Altoona,25
UT,Holden,25
GA,Jenkinsburg,25
TX,Montgomery,25
NE,Cozad,25
NY,Lisle,25
AZ,Cochise,25
TX,Waller,25
MI,Petoskey,25
NJ,Mt Ephraim,25
MI,Alanson,25
MD,Olney,25
GA,Claxton,25
NJ,Seaside Heights,25
TN,Gainesboro,25
CA,Loma Mar,25
CA,Corona Del Mar,25
PA,Bechtelsville,25
NY,Johnstown,25
NC,Robbins,25
PA,Oakmont,25
NY,Locke,25
CT,Hebron,25
NY,Lowville,25
ID,New Meadows,25
OR,Fort Klamath,25
CT,Storrs Center,25
ND,Towner,25
NY,Elbridge,25
AL,Talladega,25
OH,Enon,25
CO,Fruita,25
MA,Falmouth,25
MO,Saint Clair,25
IA,Granger,25
TX,Italy,25
NC,Ronda,25
AL,Buhl,25
GA,Pelham,25
NJ,Hamburg,25
NH,Northwood,25
NY,Albion,25
AZ,Roosevelt,25
MI,West Branch,25
MN,Barrett,25
CT,Killingworth,25
VA,North,25
NE,Henderson,25
NE,Lexington,25
PA,Ickesburg,25
NY,West Winfield,25
PA,Graysville,25
CA,Farmersville,25
AR,England,25
IN,Lexington,25
NY,Martville,25
MT,Hammond,25
PA,Mount Bethel,25
ND,Glen Ullin,25
MD,Fulton,25
AL,Stanton,25
CO,La Salle,25
NC,Winnabow,25
PA,East Mc Keesport,25
IA,Delmar,25
AZ,Cameron,25
CO,Highlands Ranch,25
KS,Olathe city,25
NY,Milton,25
FL,Margate,25
MN,Brownsville,25
PA,Sayre,25
NY,Kerhonkson,25
NY,Glendale,25
MO,Dittmer,25
IA,Centerville,25
NC,Stem,25
VA,Prospect,25
CT,Durham,25
VA,Linville,25
CO,Oak Creek,25
OR,Summerville,25
NE,Brule,25
ND,Sanborn,25
FL,Grand Island,25
MA,Uxbridge,25
SC,McBee,25
AL,Dora,25
CT,Salem,25
MI,South Lyon,25
IL,Spring Valley,25
MS,Blue Springs,25
TN,Flag Pond,25
OH,Fredericktown,25
SC,Lane,25
FL,Obrien,25
AZ,Vail,25
FL,DeBary,25
AL,Haleyville,25
KY,Corbin,25
MA,Bellingham,25
IL,Oglesby,25
UT,Eagle Mountain,25
MA,Yarmouth Port,25
KS,Lawrence,25
GA,Quitman,25
KY,Campbellsburg,25
MO,Bois D'Arc,25
TX,Corsicana,25
NC,Pollocksville,25
NJ,Little Ferry,25
WV,Camp Creek,25
OH,Huntsburg,25
CA,Emerald Hills,25
IN,Losantville,25
AZ,Clarkdale,25
WA,Peshastin,25
NY,Hannibal,25
TX,Junction,25
CA,Albany,25
VA,Gasburg,25
UT,Centerfield,25
PA,Bushkill,25
CT,Ashford,25
TN,Hampton,25
MD,Washington,25
MD,Phoenix,25
PA,Georgetown,25
IN,Spencerville,25
MN,Marine On Saint Croix,25
IN,Wabash,25
WY,Glenrock,25
NJ,Salem,25
GA,Watkinsville,25
IN,Attica,25
NY,Spencer,25
PA,Harborcreek,25
MN,Littlefork,25
PA,Sandy Ridge,25
FL,Bascom,25
WA,Deer Park,24
OH,Jackson,24
AL,Double Springs,24
FL,Mc Alpin,24
NH,Stratham,24
NH,Franklin,24
OH,Doylestown,24
OK,Purcell,24
NJ,Lakehurst,24
MD,Delmar,24
MA,Carver,24
IL,Lostant,24
MI,Indian River,24
MN,Buffalo Lake,24
WA,Richland,24
PA,Warren,24
MO,Cape Girardeau,24
TX,Dalhart,24
PA,Oil City,24
TX,Universal City,24
NY,Avon,24
MN,Holloway,24
NJ,Cedar Grove,24
IN,Madison,24
NC,Thurmond,24
MT,Big Arm,24
NJ,Woodbury Heights,24
KS,Louisburg,24
OH,Mt Sterling,24
NC,Clarkton,24
WA,Colbert,24
OK,Jenks,24
KY,Ludlow,24
NJ,East Windsor,24
IA,Sergeant Bluff,24
TN,Spring City,24
LA,Mooringsport,24
NM,Socorro,24
WA,Cosmopolis,24
MN,Browerville,24
PA,Cresco,24
NY,South Setauket,24
NJ,Westwood,24
WV,St Albans,24
GA,Homerville,24
MT,Sun River,24
AR,Plainview,24
MT,Alzada,24
WA,Grapeview,24
MN,Mantorville,24
IN,Alexandria,24
NY,Apalachin,24
MS,Greenville,24
PA,Thornton,24
TX,Greenville,24
MA,Townsend,24
PA,Factoryville,24
TX,Alvin,24
IN,Covington,24
IL,Neoga,24
MI,Saint Ignace,24
MI,Gaylord,24
GA,Scottdale,24
MN,Nerstrand,24
PA,Bradenville,24
WY,Sheridan,24
TX,Uvalde,24
ND,Steele,24
AR,Higden,24
PA,Wattsburg,24
NE,Scribner,24
OH,Waverly,24
OH,Radnor,24
UT,Howell,24
OH,Millbury,24
FL,Crystal Beach,24
PA,Warriors Mark,24
IA,Muscatine,24
NV,Lund,24
NM,Hobbs,24
LA,Oil City,24
OH,Mt Gilead,24
GA,Hampton,24
NC,Chocowinity,24
MA,Wayland,24
NY,Shoreham,24
WI,Weyauwega,24
AL,Wilsonville,24
NH,Gilford,24
NM,Caballo,24
NJ,Millstone Twp,24
IL,Marshall,24
UT,Fayette,24
NY,Oriskany Falls,24
TN,Rogersville,24
PA,Marienville,24
MN,Young America,24
VA,Pembroke,24
NC,Stanley,24
CT,Coventry,24
CA,Kings Canyon National Pk,24
WV,Clarksburg,24
MI,Grayling,24
TN,Benton,24
NY,Round Lake,24
MA,Sterling,24
MD,Brentwood,24
PA,Highspire,24
MN,Vining,24
NY,East Berne,24
MN,Waverly,24
ID,New Plymouth,24
IN,Cicero,24
WV,Vienna,24
WV,Walker,24
NC,Glenville,24
WY,Bosler,24
MO,Buffalo,24
NY,Central Square,24
NY,Moravia,24
KY,Ft Wright,23
OH,Etna,23
GA,Carrollton,23
MO,Lake St Louis,23
IL,Richview,23
CO,Mead,23
WA,Airway Heights,23
GA,Gay,23
GA,Mcdonough,23
NM,Thoreau,23
MN,Vernon Center,23
PA,Mahanoy City,23
NC,Powells Point,23
VA,Roseland,23
WV,Mount Clare,23
NY,Worcester,23
VA,Montvale,23
CA,Rancho Dominguez,23
CA,Lagunitas,23
PA,Cochranton,23
IN,Elnora,23
MA,Manchester,23
PA,McConnellsburg,23
IL,Galesburg,23
TX,Jefferson,23
IA,Le Mars,23
AL,Samson,23
TX,San Elizario,23
IL,Greenup,23
NC,Pelham,23
PA,Garnet Valley,23
CA,San Geronimo,23
AZ,Mohave Valley,23
OR,North Plains,23
MO,Jefferson City,23
PA,Rew,23
WI,Denmark,23
MS,Carthage,23
NY,Saint Albans,23
IL,Leyden,23
NC,Rich Square,23
CA,Canyon Dam,23
UT,Fruit Heights,23
PA,Albion,23
WI,Fish Creek,23
VA,Copper Hill,23
NE,Waverly,23
LA,Arcadia,23
IL,Milan,23
OH,South Point,23
GA,Buchanan,23
NH,Franconia,23
MD,White Hall,23
NH,Swanzey,23
PA,Roulette,23
PA,Mc Clellandtown,23
OH,Newbury,23
IN,Kentland,23
CO,Gill,23
NY,Sag Harbor,23
GA,Oakfield,23
MN,Spring Grove,23
MS,Lucedale,23
OR,Brightwood,23
NM,Shiprock,23
NY,East Aurora,23
NE,Giltner,23
DE,Ellendale,23
TN,Oliver Springs,23
NY,Palisades,23
AR,Bismarck,23
IN,Kimmell,23
MN,Winger,23
MT,Bighorn,23
MO,Newburg,23
PA,Trevorton,23
TN,Roan Mountain,23
VA,Dry Fork,23
TN,Unicoi,23
WI,New London,23
TN,Bells,23
WI,Oregon,23
MA,East Taunton,23
IL,Williamsville,23
OK,Bristow,23
PA,Delano,23
NH,North Hampton,23
CA,Pacific Grove,23
OH,Steubenville,23
NH,Greenland,23
NC,Seagrove,23
VA,Goldvein,23
NV,Baker,23
MN,Belview,23
GA,Ellaville,23
NH,Kingston,23
MI,Ashley,23
SC,Pinopolis,23
TX,Crosby,23
MN,Maple Plain,23
WA,Randle,23
CA,Traver,23
MI,Alma,23
WI,New Lisbon,23
CA,Harmony,23
VA,Mattaponi,23
MA,Somerset,23
MN,Cleveland,23
CA,West Hills,23
NY,Salamanca,23
NC,Hertford,23
NY,Geneseo,23
MD,Hollywood,23
PA,Smithmill,23
IN,Rochester,23
MT,Hathaway,23
VA,Fork Union,23
GA,Cobbtown,23
AR,Menifee,23
MN,Holyoke,23
VA,Hallwood,23
OR,Dayville,23
MI,Addison,23
ND,Belfield,23
AR,Mabelvale,23
ID,Rigby,23
TX,Jbsa Lackland,22
IA,Donnellson,22
AL,Goshen,22
OH,Barnesville,22
KY,Mount Vernon,22
IN,Underwood,22
IL,Malta,22
TN,Philadelphia,22
CO,Sheridan Lake,22
MS,Toomsuba,22
PA,Pequea,22
AR,Cove,22
TX,Columbus,22
PA,Archbald,22
IL,Old Mill Creek,22
VA,Catharpin,22
NC,Roaring River,22
NY,Bridgeport,22
NC,Sherrills Ford,22
NY,Bedford,22
CA,Clio,22
UT,Apple Valley,22
TX,Shallowater,22
GA,Gray,22
MT,Winston,22
MI,Constantine,22
IN,Versailles,22
ND,Harwood,22
MT,Floweree,22
ID,Saint Anthony,22
TN,Piney Flats,22
AL,Axis,22
PA,Westport,22
NH,North Woodstock,22
NH,Moultonborough,22
MN,Watkins,22
FL,Royal Palm Beach,22
IN,Tipton,22
OH,Diamond,22
MD,Huntingtown,22
NE,Bennington,22
OH,Vermilion,22
GA,Sparta,22
PA,Mount Pocono,22
NM,Bosque Farms,22
NY,South Hempstead,22
WI,Sparta,22
MI,Capac,22
PA,Milan,22
NY,Olean,22
NY,Walton,22
IA,Hamburg,22
NY,Mendon,22
MD,Fairplay,22
NY,Gloversville,22
CA,Woody,22
NC,Ruffin,22
WV,Cedar Grove,22
IN,Silver Lake,22
ID,Payette,22
PA,Waynesboro,22
AZ,Sacaton,22
PA,Leetsdale,22
TN,Eads,22
IN,Fairmount,22
TX,Fredericksburg,22
NY,Port Crane,22
NC,Maysville,22
MN,Sunburg,22
IL,Riverside,22
NY,Sidney,22
IL,Wenona,22
VT,Colchester,22
KY,Carrollton,22
MD,Montgomery Village,22
MD,Owings,22
WA,Seatac,22
AL,Steele,22
KY,Bonnieville,22
PA,Laurel Run,22
AZ,Bowie,22
IA,La Porte City,22
IN,Connersville,22
CA,Birds Landing,22
WI,Hammond,22
PA,Bryn Athyn,22
CT,Bozrah,22
CA,Orcutt,22
MD,Highland,22
CA,Zenia,22
MI,DeWitt,22
VA,Dahlgren,22
TX,Salt Flat,22
AZ,Tonalea,22
NC,Moravian Falls,22
IA,Cherokee,22
MD,Lonaconing,22
NC,Climax,22
MT,Dutton,22
IL,Farmer City,22
IL,Woodlawn,22
NJ,Somerdale,22
GA,Jesup,22
NC,Bunnlevel,22
CO,Woodrow,22
MS,Wesson,22
FL,South Bay,22
IN,Leo,22
MA,Dudley,22
OH,Baltimore,22
IN,Hamlet,22
NE,Gothenburg,22
IL,Paxton,22
IN,Huntertown,22
OH,Hiram,22
PA,Great Bend,22
UT,Bluff,22
GA,Bainbridge,22
IL,Mc Lean,22
NH,Winchester,22
SC,Adams Run,22
TX,Kaufman,22
KS,Basehor,22
PA,Monaca,22
MS,Sardis,22
GA,Box Springs,22
IL,Alton,22
FL,Carrabelle,22
MN,Sawyer,22
MO,Washington,22
AR,Bay,22
NE,North Bend,22
VA,Stephenson,22
CA,Port Costa,22
NC,Bostic,22
CO,Dolores,22
CA,Callahan,22
MN,Hines,22
CA,Somes Bar,22
MD,Barclay,22
DC,Suitland,22
MA,Longmeadow,22
NY,Champlain,22
NY,Malone,22
IA,Denison,22
PA,Robesonia,22
MS,Mendenhall,22
PA,Lawton,22
MI,Bangor,22
MT,Rexford,22
NC,Dover,22
MO,Laddonia,22
AR,Strong,22
MT,Warm Springs,22
CA,Strawberry Valley,22
CO,Cahone,22
MN,Currie,22
CA,Corona del Mar,22
NC,Cleveland,21
IA,Alton,21
PA,McAlisterville,21
VT,Windsor,21
VA,Raven,21
KY,Fisherville,21
IN,Perrysville,21
UT,Corinne,21
OH,Richwood,21
WA,Rainier,21
LA,Rayville,21
GA,Millen,21
MI,Perry,21
NH,Hudson,21
GA,Oakwood,21
MD,Earleville,21
NY,Candor,21
NJ,Montague,21
VA,Vernon Hill,21
CT,Middlefield,21
IN,Rosedale,21
IN,Waveland,21
MT,Sula,21
MT,Savage,21
NJ,Vernon,21
NY,Skaneateles,21
VA,Schuyler,21
WV,Sandstone,21
LA,Raceland,21
TX,Salado,21
OH,Morrow,21
NC,Goldston,21
MD,Tuscarora,21
NM,Truth or Consequences,21
IL,Braceville,21
IL,Richton Park,21
TX,Sachse,21
IL,Alma,21
WI,Waunakee,21
IA,Van Horne,21
OH,Millersburg,21
MI,Auburn,21
VA,Manassas Park,21
WI,Burlington,21
IN,Hanna,21
VA,Valentines,21
NY,Rock City Falls,21
NJ,Hoboken,21
PA,Presto,21
NY,Baldwin Place,21
NM,Raton,21
CA,Posey,21
PA,Cambridge Springs,21
MT,Elmo,21
ND,Medora,21
WI,Larsen,21
NY,Waverly,21
OH,Madison,21
NV,Mountain City,21
NY,Cleveland,21
UT,Myton,21
TX,Cleveland,21
OH,Nelsonville,21
NM,Algodones,21
WI,Pulaski,21
CT,Prospect,21
LA,Des Allemands,21
MS,Starkville,21
CO,Stratton,21
ID,Cataldo,21
NM,Rio Rancho,21
CT,Canaan,21
AL,Midway,21
NJ,Westfield,21
MD,Bryans Road,21
NY,Wassaic,21
CA,Alpine Meadows,21
CO,Hot Sulphur Springs,21
VA,Lignum,21
IN,Decatur,21
GA,Cochran,21
IN,Kendallville,21
CO,Dinosaur,21
CA,Burson,21
AR,Eudora,21
ND,Cleveland,21
TX,Sierra Blanca,21
AR,Damascus,21
SC,Awendaw,21
MA,Ayer,21
IL,Wayne,21
WI,Shawano,21
IN,Sheridan,21
MN,Bluffton,21
IL,New Berlin,21
IL,Woodhull,21
IA,Monticello,21
OH,Vienna,21
NC,Cherokee,21
IL,Medinah,21
AZ,Topock,21
MI,Harrison,21
WI,Johnson Creek,21
PA,Vintondale,21
OH,Athens,21
NJ,Haddon Township,21
OH,Louisville,21
CO,Whitewater,21
IL,Elwood,21
IA,Long Grove,21
NJ,Manchester,21
CA,Glencoe,21
PA,Brodheadsville,21
IN,Pittsboro,21
WA,Chattaroy,21
MA,West Stockbridge,21
LA,Opelousas,21
CA,Rumsey,21
FL,Fort Denaud,21
GA,Bogart,21
TX,San Juan,21
NY,Corning,21
AL,Baileyton,21
NJ,Galloway,21
IA,Huxley,21
PA,Carmichaels,21
MD,Morningside,21
CT,Chaplin,21
NE,Greenwood,21
IN,Waynetown,21
AR,Mammoth Spring,21
WI,Hager City,21
AR,Bearden,21
MD,Kennedyville,21
PA,McKean,21
MT,Hobson,21
MN,Hanska,21
MI,Naubinway,21
NY,Montezuma,21
MT,Choteau,21
ND,Wheatland,21
MO,Cedar Hill,20
MD,Goldsboro,20
TX,Forreston,20
IA,Blairsburg,20
NE,Aurora,20
OH,Olmsted Falls,20
PA,Markleysburg,20
WI,Fremont,20
TX,Nacogdoches,20
UT,Croydon,20
PA,Freeland,20
CT,Andover,20
PA,James City,20
PA,Montandon,20
WI,Wisconsin Rapids,20
UT,Greenwich,20
OR,Westlake,20
MD,Saint Michaels,20
TX,Volente,20
NC,Hollister,20
NJ,Rumson,20
PA,Jackson Center,20
WI,Neillsville,20
AR,Humphrey,20
MT,Wilsall,20
PA,Dunbar,20
PA,Plymouth,20
DE,Camden Wyoming,20
TX,McAllen,20
ME,Auburn,20
GA,Oxford,20
AZ,St Michaels,20
MO,St Robert,20
FL,Rotonda West,20
IL,Glenwood,20
NC,Pinebluff,20
NC,Mount Ulla,20
WI,Clinton,20
NY,Sherrill,20
FL,Howey In The Hills,20
AL,Coden,20
MS,Bogue Chitto,20
CO,Deer Trail,20
MS,Batesville,20
AL,Adamsville,20
MN,Wahkon,20
WI,Elkhart Lake,20
AL,Silas,20
WI,Evansville,20
MN,Clarissa,20
MI,Bath,20
NY,Lee Center,20
GA,Dahlonega,20
CA,El Granada,20
DE,Camden-Wyoming,20
CT,Goshen,20
NY,Romulus,20
AR,Salem,20
WV,Ranson,20
AR,Rose Bud,20
VA,Onancock,20
CA,Duncans Mills,20
ND,Max,20
AR,Waldo,20
VA,Sperryville,20
LA,New Iberia,20
TX,Bastrop,20
PA,Woodward,20
OH,Wellington,20
OH,Bethesda,20
UT,Meadow,20
AL,Joppa,20
GA,Gordon,20
TX,Naples,20
TX,De Berry,20
OH,Conneaut,20
WA,Amboy,20
UT,Hill AFB,20
OH,Waldo,20
MN,Frontenac,20
NE,Hebron,20
AR,Mc Rae,20
IL,Batavia,20
FL,Brooker,20
WI,Suamico,20
CT,New Hartford,20
NC,Mill Spring,20
GA,Fitzgerald,20
TX,Crowley,20
NJ,Mount Royal,20
NC,Gaston,20
MN,Effie,20
DE,Lincoln,20
NC,Stedman,20
TX,Littlefield,20
AL,Columbia,20
OH,Bellefontaine,20
MS,Saucier,20
PA,Harford,20
IL,Farmersville,20
TX,Milford,20
IN,Lizton,20
TX,Decatur,20
IL,Lindenwood,20
IL,Palos Heights,20
FL,Lantana,20
NJ,Branchville,20
TX,Crockett,20
NY,Eastchester,20
NC,Brasstown,20
NC,Vilas,20
UT,Aurora,20
NC,Dudley,20
NY,Wading River,20
MI,Rives Junction,20
AL,Coaling,20
KY,Bellevue,20
OH,Dalton,20
PA,Glen Campbell,20
PA,Line Lexington,20
IA,Indianola,20
AL,Danville,20
TX,Fabens,20
OK,Claremore,20
IA,Dike,20
NY,Gasport,20
MN,Morgan,20
DC,Capitol Heights,20
PA,Turtlepoint,20
NC,Delco,20
NY,Lewiston,20
OH,Oak Harbor,20
AZ,Many Farms,20
PA,Smock,20
AL,Dutton,20
GA,Talking Rock,20
TN,Adams,20
TX,Windcrest,20
TX,Iowa Park,20
TX,Copperas Cove,20
MN,Dent,20
PA,New Berlin,20
PA,Shickshinny,20
CA,Rancho Murieta,20
GA,Talmo,20
WA,Royal City,20
IN,Ridgeville,20
NC,Roseboro,20
CO,Otis,20
MT,Fort Shaw,20
IN,Santa Claus,20
NC,Sugar Grove,20
IN,Milroy,20
ND,Devils Lake,20
AR,Quitman,20
MT,Geyser,20
ID,Wendell,20
ND,Oakes,20
CT,Hampton,20
IN,Albany,20
KS,Spearville,20
ND,Lisbon,20
MT,Box Elder,20
MT,Loma,20
ID,Sandpoint,20
ID,Bonners Ferry,20
KY,Nicholasville,19
NJ,Point Pleasant Beach,19
AR,Lonsdale,19
PA,Broad Top,19
RI,Exeter,19
OH,Aurora,19
MS,Diamondhead,19
AL,Reform,19
IL,Riverton,19
OH,Mount Gilead,19
OH,Caldwell,19
AL,Town Creek,19
NH,Alton,19
MI,Ionia,19
MO,Waynesville,19
AR,Doddridge,19
GA,Americus,19
WI,East Troy,19
MS,Tillatoba,19
TN,Morrison,19
MO,Bois D Arc,19
MI,Brooklyn,19
TN,New Tazewell,19
WV,Kearneysville,19
PA,Mount Gretna,19
MD,Marydel,19
ID,Moscow,19
NJ,Buena,19
ID,Rexburg,19
TX,Belton,19
NY,Roscoe,19
NM,Vado,19
PA,South Park,19
IL,Lynn Center,19
NC,Scotland Neck,19
IL,Albers,19
NY,Castle Creek,19
OH,Piketon,19
TX,Webberville,19
NY,Ashville,19
OH,Hillsboro,19
VA,Norton,19
NY,Caledonia,19
CA,Wilseyville,19
NJ,Ho Ho Kus,19
MI,Big Rapids,19
CT,Moosup,19
PA,Aaronsburg,19
PA,Schuylkill Haven,19
NY,Sunnyside,19
NY,Springville,19
IN,Birdseye,19
IN,Eaton,19
PA,Kulpmont,19
IL,Palos Hills,19
CT,East Haddam,19
NC,Coats,19
MN,Emily,19
PA,Stoneboro,19
PA,Tunkhannock,19
NC,Sneads Ferry,19
NC,Laurel Springs,19
AZ,Sun Valley,19
AR,Gentry,19
IN,Springville,19
MT,Haugan,19
MD,Rocky Ridge,19
TX,Weslaco,19
AL,Geneva,19
ME,Etna,19
MA,Newton Upper Falls,19
AL,Munford,19
IL,Kell,19
AL,Lapine,19
IL,Loves Park,19
MA,Salem,19
TX,Splendora,19
MI,Columbiaville,19
MO,Cameron,19
GA,Statham,19
MS,Vaughan,19
AL,Pittsview,19
VA,Franktown,19
VA,Java,19
MN,Trimont,19
TX,Electra,19
MI,Hopkins,19
IN,Arcadia,19
GA,Mansfield,19
MN,Milan,19
CO,Northglenn,19
NJ,Roselle,19
MN,Eagle Bend,19
MI,Spring Arbor,19
ND,Driscoll,19
TX,Lindale,19
AL,Tyler,19
WI,Saukville,19
WI,Little Chute,19
VA,Virgilina,19
AZ,Parks,19
IL,Odell,19
TX,Millsap,19
IL,Vandalia,19
MA,Westfield,19
TX,Round Mountain,19
MS,Kiln,19
IL,Dennison,19
FL,Astatula,19
KY,Olive Hill,19
AL,McKenzie,19
NM,Ribera,19
TX,Fate,19
CO,Egnar,19
IL,O'Fallon,19
MI,Laingsburg,19
AR,Earle,19
MA,Waban,19
RI,Saunderstown,19
AL,Minter,19
MN,Coleraine,19
CO,Coalmont,19
FL,Middle Keys,19
VA,Clinchco,19
IA,Dyersville,19
PA,Cocolamus,19
NC,Stantonsburg,19
NY,Randolph,19
LA,Hosston,19
SC,Norris,19
NY,Fonda,19
PA,Fort Loudon,19
PA,Oley,19
FL,Lower Keys,19
NV,Wadsworth,19
NJ,Lumberton,19
AR,Green Forest,19
NC,Lilesville,19
CT,Oakdale,19
LA,Belcher,19
GA,Montezuma,19
IL,Palos Park,19
MI,Hamilton,19
NY,West Point,19
MN,Salol,19
PA,Fairless Hills,19
TN,Centerville,19
WI,Black Creek,19
VA,Claudville,19
NC,Kittrell,19
CT,New Fairfield,19
MN,Rothsay,19
KS,Fredonia,19
DE,Hartly,19
NY,Croton Falls,19
MO,Bolivar,19
WY,Banner,19
VA,Reedville,19
NJ,Cream Ridge,19
AR,Dover,19
MT,Winnett,19
NC,Gates,19
VA,McDowell,19
NY,Trumansburg,19
CA,Randsburg,19
NY,Glenfield,19
AR,Evening Shade,19
GA,Nicholson,18
NC,Eure,18
OH,Arcanum,18
KY,Grayson,18
IA,Floyd,18
PA,Orwigsburg,18
AZ,Hackberry,18
AR,Tillar,18
MS,Oakland,18
NY,Cropseyville,18
WI,Whitewater,18
TX,Colleyville,18
MN,Mcgregor,18
CT,Roxbury,18
AZ,Keams Canyon,18
NY,Warsaw,18
CA,Downieville,18
PA,Hesston,18
NC,Marble,18
TX,Meadow,18
ND,Sentinel Butte,18
IN,Evanston,18
MD,Willards,18
WI,Pardeeville,18
TN,Thompson's Station,18
PA,Harrison Valley,18
IL,Monroe Center,18
VA,Honaker,18
VT,Montpelier,18
TX,Monahans,18
MA,North Oxford,18
NM,Roswell,18
IL,Mansfield,18
OH,Beach City,18
PA,Millersburg,18
FL,Tamarac,18
NC,Bakersville,18
IL,East Moline,18
MI,Goodells,18
UT,Highland,18
IN,Clinton,18
TN,Bon Aqua,18
MO,Caruthersville,18
IL,Harwood Heights,18
NC,Plymouth,18
IL,Park City,18
MN,Roscoe,18
VA,Dendron,18
CT,Sharon,18
NC,Richfield,18
ND,Dawson,18
CA,Gazelle,18
CT,New Preston Marble Dale,18
PA,Templeton,18
MT,Nashua,18
WY,Wilson,18
ND,Grassy Butte,18
GA,Union Point,18
ID,Downey,18
NC,Turkey,18
MT,Absarokee,18
IL,Le Roy,18
VA,Caret,18
PA,Radnor,18
MO,St Ann,18
OH,New Concord,18
TX,Sunset Valley,18
OH,Monroeville,18
IL,Steger,18
MN,Nashwauk,18
MA,Mattapoisett,18
GA,Lexington,18
TX,Taylor,18
AL,Moulton,18
TN,Lawrenceburg,18
PA,Northampton,18
IN,Knox,18
IA,Ainsworth,18
FL,Atlantic Beach,18
AR,Bella Vista,18
CO,Greenwood Village,18
NJ,Succasunna,18
CA,Camp Meeker,18
MN,Westbrook,18
GA,Colquitt,18
IN,Boonville,18
MI,Sunfield,18
IN,Osgood,18
MN,Wabasso,18
IN,Batesville,18
GA,Reynolds,18
AR,Knobel,18
OR,Oxbow,18
NC,Corapeake,18
CO,Arriba,18
IL,Mulberry Grove,18
IL,Casey,18
NY,Bainbridge,18
NC,East Flat Rock,18
IA,Little Sioux,18
PA,Big Cove Tannery,18
WI,Waterford,18
AR,Decatur,18
IL,Hamel,18
PA,Mc Kean,18
IL,Broadview,18
UT,Deweyville,18
GA,Tyrone,18
NJ,Pompton Lakes,18
FL,Fanning Springs,18
IA,Urbana,18
LA,Geismar,18
PA,Turtle Creek,18
OH,Lake Milton,18
NE,Doniphan,18
NJ,Wildwood,18
OH,Centerburg,18
PA,Sabinsville,18
MO,Missouri River,18
WA,Granite Falls,18
KY,Benton,18
GA,Ludowici,18
TX,Palestine,18
TX,Ranger,18
GA,Louisville,18
TX,Comfort,18
MN,Clitherall,18
TX,Comanche,18
KY,East Bernstadt,18
NY,Stuyvesant,18
CA,Irwindale,18
IA,Mondamin,18
LA,Convent,18
MD,Rhodesdale,18
IL,Manhattan,18
WA,Camano Island,18
NC,Jamesville,18
SC,Livingston,18
GA,Baxley,18
NJ,Shamong,18
KY,Lakeside Park,18
WA,Raymond,18
LA,Addis,18
MD,Brunswick,18
NJ,Glen Gardner,18
CA,Elk Creek,18
NY,Wevertown,18
UT,Hooper,18
UT,Kingston,18
MI,Whitehall,18
MI,Middleville,18
MT,Toston,18
AR,Imboden,18
VA,Weems,18
TX,Mc Gregor,18
CA,Biola,18
DE,Magnolia,18
MT,Elliston,18
WV,Left Hand,18
CA,Drytown,18
VA,Patrick Springs,18
MD,District 7 Ocean City,18
NE,Maxwell,18
IN,Ligonier,18
OR,Columbia City,18
FL,Howey-in-the-Hills,18
PA,Columbia Cross Roads,18
RI,Jamestown,17
TX,Donna,17
NC,Pfafftown,17
IA,Ogden,17
OK,Ardmore,17
CO,Placerville,17
IL,Delavan,17
OH,Berlin Heights,17
WA,South Bend,17
IN,Milan,17
IL,Downs,17
MI,Mount Pleasant,17
CO,Holly,17
MI,Alpena,17
OK,Mcloud,17
MI,Ithaca,17
MD,Crisfield,17
NY,Haverstraw,17
IL,Geneva,17
NC,Gibsonville,17
CT,Willimantic,17
NY,Verbank,17
KS,Derby,17
CA,Likely,17
ND,Gladstone,17
AR,Greenwood,17
PA,Midland,17
MD,Sherwood,17
PA,Ringtown,17
CT,West Cornwall,17
OR,Cascadia,17
PA,Columbus,17
VA,Little Plymouth,17
WA,Easton,17
OH,Waterville,17
PA,Rixford,17
NV,Pioche,17
OH,Quaker City,17
CO,Superior,17
KY,Winchester,17
NY,Moriches,17
LA,Reserve,17
NE,Paxton,17
MA,Norwell,17
IL,Shirley,17
WA,Spangle,17
WI,Verona,17
MD,Dunkirk,17
CO,Ouray,17
NC,Lake Toxaway,17
IL,Brookfield,17
AL,Dadeville,17
WA,Colfax,17
PA,Evans City,17
PA,Osceola,17
NC,Blowing Rock,17
AR,Emmet,17
IL,New Douglas,17
IA,Steamboat Rock,17
IA,Batavia,17
WA,Cathlamet,17
WI,Jackson,17
WV,Walkersville,17
MD,Glenwood,17
NY,Athens,17
UT,Enterprise,17
NY,Valley Cottage,17
NY,Valley Falls,17
VA,Saint Stephens Church,17
VA,Wallops Island,17
ND,Berthold,17
MN,Bowlus,17
CO,Powderhorn,17
MD,Church Creek,17
CA,Lake City,17
TN,Beech Grove,17
PA,Honesdale,17
NY,Evans Mills,17
AR,Bradford,17
WA,Mattawa,17
NY,Hammond,17
NJ,Brooklawn,17
IA,Maquoketa,17
NY,North Hudson,17
NY,Waccabuc,17
KY,Simpsonville,17
OH,Camden,17
ME,New Gloucester,17
TX,Rice,17
SC,Slater,17
AR,Hindsville,17
MN,Dawson,17
NC,State Road,17
OH,Cadiz,17
AZ,Colorado City,17
PA,Kunkletown,17
MD,Glen Echo,17
UT,Moroni,17
PA,Freeburg,17
NY,Broadalbin,17
MS,New Albany,17
TN,Gatlinburg,17
AZ,Marble Canyon,17
ND,Velva,17
CO,Yuma,17
NY,Phoenix,17
AZ,Mt Lemmon,17
CA,Forks of Salmon,17
ND,Huff,17
NY,Crompond,17
AR,Pearcy,17
MN,Lake George,17
NY,Fabius,17
VT,Brattleboro,17
NY,Holley,17
CO,Manitou Springs,17
MD,Mardela Springs,17
OH,Cedarville,17
IN,Avon,17
NC,Evergreen,17
ME,Fairfield,17
AL,Alexandria,17
OH,Celina,17
VA,Vansant,17
VA,Meadows of Dan,17
TN,Russellville,17
WA,Brush Prairie,17
CO,Hamilton,17
MA,Groton,17
MA,North Grafton,17
VT,Waterbury,17
WA,Pullman,17
AL,Clayton,17
IL,Glenarm,17
CO,Hillrose,17
OH,Sheffield Lake,17
VT,Richmond,17
MN,Saint Paul Park,17
WA,Edgewood,17
MA,Fairhaven,17
CA,Empire,17
IL,Sheffield,17
AL,Jackson,17
GA,Grayson,17
MO,Raytown,17
FL,Port Saint Joe,17
AL,Sulligent,17
CA,Korbel,17
MD,Swanton,17
AL,Woodville,17
OH,Lore City,17
CA,East Sierra,17
CA,Helm,17
TN,Tazewell,17
IL,Saint Charles,17
IN,Angola,17
UT,Cleveland,17
KY,Villa Hills,17
MI,Reed City,17
MN,Rose Creek,17
NE,Gibbon,17
MO,Walnut Grove,17
PA,Houston,17
PA,Union Dale,17
MD,Baldwin,17
MN,Kandiyohi,17
NE,Hooper,17
PA,Holmes,17
VA,Urbanna,17
PA,Sarver,17
WA,Glenoma,17
UT,La Verkin,17
GA,La Fayette,17
MN,Farwell,17
MN,Gibbon,17
CT,Broad Brook,17
VA,Cartersville,17
WV,Mt Clare,17
VA,Bentonville,17
CA,Parker Dam,17
CO,Haswell,17
IN,Wakarusa,17
ND,Alexander,17
MT,Ryegate,17
WV,Grafton,17
AR,Elkins,17
WV,Henderson,17
VA,Stevensburg,17
MD,Chesapeake Beach,17
OR,New Pine Creek,17
NC,Oak Ridge,17
ME,Cumberland Foreside,17
NM,Bernalillo,16
TN,Lake City,16
OH,Van Wert,16
NC,East Bend,16
GA,Mt Airy,16
MA,West Newbury,16
MO,Craig,16
GA,Trion,16
TX,Clarendon,16
AL,Orange Beach,16
IL,Beecher,16
OH,Belmont,16
CO,Weston,16
VA,Montpelier,16
MO,Jackson,16
MO,Bourbon,16
WI,Theresa,16
GA,Armuchee,16
OK,Lindsay,16
IN,Wanatah,16
IA,Onawa,16
CT,New Milford,16
VA,Randolph,16
AL,Gulf Shores,16
MO,Phillipsburg,16
DE,Dagsboro,16
GA,Pearson,16
OR,Brogan,16
MI,Manistee,16
MD,Pylesville,16
WV,Kenova,16
WA,Dallesport,16
MT,Two Dot,16
VA,Mt Solon,16
AR,Crossett,16
NY,Freeville,16
TX,Brownwood,16
OR,Lafayette,16
IL,Clifton,16
TX,Pinehurst,16
GA,Atlanta-Decatur,16
IL,Montrose,16
AL,Union Grove,16
IL,Deer Creek,16
FL,Belleair Bluffs,16
CO,Antonito,16
VA,Lynch Station,16
IA,Sibley,16
MN,Luverne,16
VA,Cascade,16
TN,Nolensville,16
FL,Yalaha,16
IN,Guilford,16
PA,Markleton,16
IA,Blencoe,16
MN,Marcell,16
MI,Columbus,16
ME,Sabattus,16
TN,Hartsville,16
GA,Fairmount,16
PA,Shenandoah,16
NC,Hiddenite,16
PA,Baden,16
WV,Gassaway,16
MD,Wye Mills,16
VA,Head Waters,16
MN,Lismore,16
TX,Crystal City,16
IN,Albion,16
WV,Oak Hill,16
PA,Lackawaxen,16
WI,River Falls,16
TN,Corryton,16
AL,Opp,16
AL,Summerdale,16
PA,Walnutport,16
TX,Edcouch,16
AZ,Stanfield,16
IN,Markleville,16
ME,Waterville,16
OH,Millersport,16
GA,Junction City,16
AL,Cowarts,16
NJ,Audubon,16
MI,Bellevue,16
OH,Canal Fulton,16
NH,Lincoln,16
AZ,Bylas,16
AL,Mount Vernon,16
CA,Adin,16
MA,West Boylston,16
MA,Wellfleet,16
MA,Russell,16
MI,Clarksville,16
IN,Rockville,16
ID,Culdesac,16
MN,Aldrich,16
GA,Preston,16
GA,Chatsworth,16
KS,Junction City,16
NJ,Branchburg,16
TX,Long Branch,16
CO,Toponas,16
NJ,Cliffwood,16
IN,Fort Branch,16
CA,Playa Vista,16
MD,Maugansville,16
MI,Hudson,16
ND,Buffalo,16
PA,Polk,16
CT,Washington Depot,16
NY,Watkins Glen,16
ND,Gardner,16
WV,West Union,16
MS,Winona,16
TX,Freeport,16
OH,Lucasville,16
ME,Hampden,16
KY,Glendale,16
NE,Overton,16
IA,Eldridge,16
VA,Clintwood,16
WA,Yelm,16
MO,West Alton,16
IL,Anna,16
NM,Mesquite,16
GA,Ailey,16
AZ,Eagar,16
PA,Dudley,16
OH,Goshen,16
NV,Smith,16
WI,Bonduel,16
PA,Coal Center,16
MI,Dearborn Heights,16
NC,Merry Hill,16
MI,New Haven,16
AL,Cecil,16
VA,Troutdale,16
NC,Walstonburg,16
WA,Custer,16
MO,Lathrop,16
TN,Hohenwald,16
CT,Ledyard,16
TX,Alamo,16
TN,Englewood,16
MI,Decatur,16
PA,Meshoppen,16
TN,Maynardville,16
NY,Elizaville,16
TX,Seabrook,16
GA,Manchester,16
KS,Salina,16
IA,Whiting,16
WA,Cusick,16
FL,Eastpoint,16
NY,Cobleskill,16
VA,Ararat,16
IL,Watseka,16
CO,Idledale,16
NJ,Leonardo,16
NC,Providence,16
CA,Playa del Rey,16
OH,Union City,16
MN,Peterson,16
IA,Lamoni,16
ND,Mooreton,16
ND,Solen,16
ND,Manvel,16
WV,Salem,16
NY,West Monroe,16
FL,Port St Joe,16
MT,Frazer,16
MN,Prinsburg,16
WV,Summersville,16
AR,Ashdown,16
MT,Sheridan,16
MI,Potterville,16
MT,Glasgow,16
KS,Pratt,16
ID,Parma,16
OH,Defiance,15
MI,Cassopolis,15
OH,Southington,15
NY,Greenport,15
OH,Cortland,15
VA,Mathews,15
AL,Gaylesville,15
IN,Logansport,15
MS,Hickory,15
PA,Palm,15
AL,Fort Rucker,15
MO,Troy,15
MN,Ruthton,15
AL,Vestavia,15
TX,Winnie,15
MS,Grenada,15
KY,Henderson,15
NM,Edgewood,15
NY,Ava,15
MA,Templeton,15
AZ,Anthem,15
MN,Squaw Lake,15
GA,Blakely,15
MN,Swatara,15
MS,Yazoo City,15
MD,Poolesville,15
MS,Pascagoula,15
MI,Shelbyville,15
VA,Willis,15
PA,Armagh,15
IN,Shoals,15
NC,Etowah,15
MO,Oregon,15
WI,Spring Green,15
CA,Diablo,15
TX,Gainesville,15
NE,Milford,15
KY,Warsaw,15
CO,Hayden,15
NY,Cincinnatus,15
TN,Hickman,15
TX,Pearsall,15
NC,Seaboard,15
OR,Neotsu,15
MN,Dalbo,15
WV,Southside,15
TX,Hickory Creek,15
AL,Marion Junction,15
IL,Sterling,15
VA,Sutherlin,15
FL,McAlpin,15
SC,Elliott,15
AL,Ashford,15
OH,Orrville,15
IL,Ogden,15
ME,Lewiston,15
LA,Bethany,15
TX,Justiceburg,15
AL,Lynn,15
TX,Kilgore,15
MN,Villard,15
AZ,Petrified Forest Natl Pk,15
TX,West,15
MI,Morrice,15
AL,Odenville,15
MA,Ipswich,15
VA,Burgess,15
UT,Modena,15
UT,Fruitland,15
TN,Newcomb,15
IA,Creston,15
MN,Kilkenny,15
NJ,Bloomingdale,15
NY,Wilson,15
CA,Dillon Beach,15
UT,Fountain Green,15
FL,Horseshoe Beach,15
MN,Lyle,15
NC,Oak City,15
KY,Ashland,15
MO,Fulton,15
IN,Elizabethtown,15
ID,Arco,15
AR,Gould,15
WV,Alum Creek,15
TX,Borger,15
CO,Crawford,15
ND,Menoken,15
PA,Pen Argyl,15
NY,Arcade,15
PA,McDonald,15
WV,Exchange,15
ID,Irwin,15
UT,Mount Carmel,15
OH,New London,15
NE,Sidney,15
AL,Crossville,15
OH,Centerville,15
MA,Becket,15
NH,Chichester,15
PA,Lurgan,15
VT,Fairfax,15
PA,Cleona,15
AL,Webb,15
PA,Williamstown,15
AL,Clio,15
ME,Pittsfield,15
FL,Belleair,15
IA,Van Wert,15
ME,Cape Neddick,15
WA,Maple Falls,15
IL,Staunton,15
PA,Flinton,15
MD,Hebron,15
NC,Harrells,15
GA,Blackshear,15
VA,Oakwood,15
NH,Milford,15
CO,Sedgwick,15
IN,Hazleton,15
NY,Cuba,15
NY,Franklinville,15
PA,Freedom,15
TX,Edna,15
MN,Brooten,15
NM,San Ysidro,15
NY,Slate Hill,15
IA,Sheffield,15
ND,Cartwright,15
TX,Wildorado,15
MI,Otsego,15
AR,Belleville,15
PA,Monroeton,15
AL,Brent,15
MS,Brooklyn,15
CA,Hermosa Beach,15
UT,La Sal,15
LA,Lena,15
PA,Summerdale,15
OH,Bethel,15
IL,Elmwood Park,15
UT,Chester,15
AZ,Morenci,15
NJ,Florence,15
TX,Mount Pleasant,15
PA,Stillwater,15
NC,Garland,15
MD,West River,15
FL,Canal Point,15
MD,Lusby,15
TX,Waskom,15
PA,Brownstown,15
IA,Fairfax,15
IL,Knoxville,15
IL,Edgewood,15
MA,Ashby,15
NJ,Shrewsbury,15
OH,Grand Rapids,15
OH,Liberty Center,15
TX,Santa Fe,15
VA,Lunenburg,15
UT,Whiterocks,15
WI,Edgar,15
WI,Clintonville,15
CO,Silverton,15
NY,Ontario,15
PA,Freeport,15
CT,Canterbury,15
VT,Williston,15
MI,Millington,15
WV,Crawley,15
CO,Rangely,15
NV,Caliente,15
CO,Ordway,15
TX,La Grange,15
IA,Belle Plaine,15
NC,Wagram,15
TN,Lyles,15
WI,Tomahawk,15
PA,Creighton,15
WA,Covington,15
NC,Belhaven,15
VA,Riner,15
NY,Middle Granville,15
NY,Westernville,15
CA,Ragged Point,15
NC,Boomer,15
IN,Fountain City,15
IN,Morristown,15
MO,St Clair,15
ND,Tower City,15
IN,Linton,15
OR,Tygh Valley,15
ND,Carrington,15
MT,Ravalli,15
OR,Lakeside,15
MT,Otter,15
VA,Rochelle,15
NJ,Spotswood,15
GA,Lumber City,14
MO,Saint James,14
TX,Balmorhea,14
MS,Lake,14
IA,Polk City,14
VA,Brookneal,14
IL,White Heath,14
SC,Hollywood,14
IN,Grovertown,14
MO,Steele,14
PA,Elizabethville,14
WA,Des Moines,14
PA,Mifflinville,14
TN,Castalian Springs,14
IL,Minier,14
WI,Columbus,14
WA,Othello,14
NY,Irondequoit,14
GA,Nashville,14
PA,Catasauqua,14
MS,Mc Lain,14
NY,Pearl River,14
MN,Saint Bonifacius,14
NJ,Middlesex,14
CA,Graton,14
MI,Coldwater,14
NE,Auburn,14
OH,Hinckley,14
MN,Canton,14
PA,Centerville,14
WV,Benwood,14
PA,Coal Twp,14
KY,Cadiz,14
UT,Springdale,14
TN,Cottontown,14
MO,Truesdale,14
CA,Brookdale,14
PA,Commodore,14
NM,Artesia,14
MT,Fallon,14
PA,Pine Grove Mills,14
AR,Hoxie,14
NE,Kimball,14
FL,Indiantown,14
OH,Jeromesville,14
AL,Irondale,14
OH,Polk,14
AL,Mentone,14
WI,Wittenberg,14
TX,Diboll,14
AL,Red Level,14
IN,Dillsboro,14
MN,Bruno,14
WI,McFarland,14
GA,Lincolnton,14
MO,Mayview,14
WV,Weirton,14
AL,Ohatchee,14
IA,Burlington,14
MA,Hudson,14
OH,Gallipolis,14
PA,Hallam,14
CO,New Raymer,14
WI,Lake Geneva,14
PA,Clearville,14
MD,Linkwood,14
CA,Taylorsville,14
VA,Keeling,14
CT,Suffield,14
NY,Geneva,14
AR,Hot Springs Village,14
CT,Moodus,14
MN,Grygla,14
MN,Sabin,14
VA,Wylliesburg,14
VA,Sugar Grove,14
VA,Elberon,14
MT,Fromberg,14
MT,Poplar,14
CO,Moffat,14
PA,Swengel,14
KS,Pittsburg,14
MT,Dayton,14
ID,Horseshoe Bend,14
ND,Stanley,14
CA,Beale AFB,14
ID,Murphy,14
NC,Deep Run,14
WA,Tulalip,14
OH,Kingsville,14
OH,South Lebanon,14
WI,Belgium,14
OH,East Liverpool,14
PA,Shoemakersville,14
AL,Newville,14
AL,Grant,14
IA,Manchester,14
PA,Olanta,14
NC,Albertson,14
WI,Amherst,14
WA,Loon Lake,14
IL,Mason,14
TX,Pleasanton,14
MA,Ashland,14
FL,Palm Springs,14
ME,Brunswick,14
VA,Dundas,14
IA,Spirit Lake,14
TX,Dryden,14
FL,Indian Harbour Beach,14
NC,Sunbury,14
WI,Belleville,14
PA,Hawk Run,14
IN,Portland,14
NY,East Norwich,14
PA,Perkasie,14
VA,Nickelsville,14
WI,Rhinelander,14
WY,Mc Kinnon,14
CO,Granite,14
CT,Barkhamsted,14
UT,Hatch,14
TX,Fort Hood,14
VA,Locust Hill,14
CO,Haxtun,14
PA,Jenners,14
PA,Rices Landing,14
NY,Hunter,14
ND,New England,14
PA,Rogersville,14
IL,St Charles,14
PA,Worthington,14
NY,Indian Lake,14
TX,Portland,14
ID,Montpelier,14
PA,Orefield,14
AL,Lafayette,14
NM,Bosque,14
AL,Lester,14
KY,Buckner,14
NH,Loudon,14
OH,Kettering,14
KY,Louisville Central,14
OH,Belle Center,14
NY,Millwood,14
NC,Oakboro,14
TN,Tellico Plains,14
OH,Somerset,14
MA,Devens,14
IL,Grayville,14
IL,Green Valley,14
NM,Rincon,14
MI,Wayne,14
NC,New London,14
MA,Topsfield,14
PA,Sinnamahoning,14
AZ,Pima,14
IA,Knoxville,14
IL,Griggsville,14
MI,Conklin,14
TX,Adrian,14
PA,Doylesburg,14
MO,Sainte Genevieve,14
FL,North Palm Beach,14
NY,Hadley,14
IL,Coal City,14
TN,Blaine,14
UT,Skull Valley,14
KS,Wellsville,14
AZ,Lakeside,14
WA,Mill Creek,14
VA,Rosedale,14
MA,North Reading,14
IL,Atlanta,14
OH,Liberty Twp,14
NY,Sparkill,14
NY,Harpursville,14
NY,Cutchogue,14
NH,Walpole,14
SC,Edisto Island,14
NC,Olin,14
GA,Alamo,14
WA,Toppenish,14
MI,Sanford,14
IL,Harvard,14
NY,Putnam Station,14
TX,Port Lavaca,14
TN,Cumberland Furnace,14
NJ,Stratford,14
NC,Pinetown,14
WI,Wrightstown,14
IN,Elberfeld,14
CO,Holyoke,14
MN,Warsaw,14
NC,Mount Pleasant,14
IN,Lynn,14
CA,Goodyears Bar,14
CT,Falls Village,14
MN,Pennock,14
GA,Fort Stewart,14
TX,Marlin,14
NY,Laurelton,14
NJ,Kendall Park,14
TX,Venus,14
CO,Blanca,14
MI,Houghton Lake,14
CA,Weott,14
CO,Red Cliff,14
MI,Temperance,14
VA,Sumerduck,14
MI,Boyne Falls,14
WI,Sturgeon Bay,14
AR,Dumas,14
MT,Belfry,14
PA,Springville,14
MN,Burtrum,14
KY,Lewisburg,14
CO,Avondale,14
CO,Vona,14
MT,Buffalo,14
ND,Pembina,14
GA,Poulan,14
MT,Harrison,14
NY,Lacona,14
MT,Pray,14
NC,Pikeville,14
MT,Shawmut,14
KS,Jetmore,14
AR,Shirley,14
MD,Callaway,14
OH,Helena,13
OH,Coshocton,13
PA,Swiftwater,13
WA,Sumas,13
NC,Mt Gilead,13
OH,Windham,13
ME,Island Falls,13
CO,Basalt,13
LA,Ruston,13
ME,Bowdoinham,13
OH,Ironton,13
OH,Columbia Station,13
KY,Mt Vernon,13
MI,Garden City,13
MS,D'Iberville,13
VA,Independence,13
OH,Marshallville,13
MS,Collins,13
NJ,Atlantic Highlands,13
LA,Boyce,13
MI,Marysville,13
MD,Harmans,13
TN,Bethpage,13
TX,Beasley,13
NH,Antrim,13
MA,Truro,13
IN,East Chicago,13
MN,Hancock,13
OH,Convoy,13
PA,Conway,13
IN,Lapel,13
PA,Linfield,13
AL,West Blocton,13
WA,Rockford,13
MI,Ferndale,13
NJ,South River,13
PA,Woodbury,13
NC,Kelford,13
IN,Tennyson,13
CA,Piedmont,13
CA,Rancho Palos Verdes,13
GA,Fleming,13
NY,Andover,13
MT,Malta,13
IN,Spencer,13
CA,Canyon,13
CO,Hotchkiss,13
ND,Harvey,13
TN,Estill Springs,13
CO,Weldona,13
ND,Emerado,13
KS,Dodge City,13
ND,Tioga,13
SD,Kimball,13
IA,Spencer,13
PA,Mills,13
VA,Jamaica,13
MI,Manitou Beach,13
GA,Hartwell,13
OH,Lindsey,13
WI,Oostburg,13
IL,Barry,13
MA,Sudbury,13
IN,Shelburn,13
IL,Groveland,13
NH,Atkinson,13
IL,Dongola,13
IA,Fort Dodge,13
GA,Cairo,13
TX,Needville,13
WA,Otis Orchards,13
CO,Nunn,13
RI,Wakefield,13
NV,Amargosa Valley,13
CA,Colma,13
MI,Shelby Township,13
GA,Nicholls,13
PA,Champion,13
WA,Kettle Falls,13
FL,Sidell,13
FL,North Lauderdale,13
MN,Walnut Grove,13
NY,Ticonderoga,13
NJ,Westampton,13
TX,Encinal,13
OH,Eldorado,13
NJ,Waterford Works,13
MA,Brimfield,13
IN,Sullivan,13
MN,Twin Lakes,13
NC,Stony Point,13
NJ,Montclair,13
NJ,Glendora,13
NE,Nebraska City,13
NC,West Jefferson,13
NC,Grantsboro,13
NJ,Sea Bright,13
IA,Zwingle,13
FL,Welaka,13
AR,New Edinburg,13
WV,Daniels,13
TX,Richland Hills,13
CT,Unionville,13
ND,Crosby,13
MI,Jones,13
CO,Seibert,13
OR,Frenchglen,13
WV,Amma,13
AZ,Valentine,13
DE,Dover AFB,13
MD,Park Hall,13
NC,Council,13
AR,Marmaduke,13
ID,McCammon,13
OH,Lisbon,13
IL,Monticello,13
OH,Urbana,13
IL,Hillsdale,13
TX,Flatonia,13
CA,Ross,13
WI,Mount Horeb,13
TX,Liberty,13
PA,Moshannon,13
IL,Buffalo,13
IA,Mt Pleasant,13
IL,Quincy,13
CO,Edgewater,13
IL,Minonk,13
MA,Walpole,13
NC,Tuckasegee,13
MO,Holts Summit,13
CA,Artois,13
WI,Abbotsford,13
OK,Collinsville,13
KS,Tecumseh,13
AZ,Whiteriver,13
NY,Coeymans Hollow,13
MO,Hayti,13
NY,Cedarhurst,13
TN,Dyersburg,13
PA,Amity,13
CT,West Suffield,13
CO,Olney Springs,13
LA,Lottie,13
PA,Allport,13
TX,Lamesa,13
MS,Carriere,13
CA,Guinda,13
IA,Early,13
MN,Brooks,13
ID,Athol,13
MO,Seneca,13
AR,Roland,13
CT,South Windham,13
KS,Alma,13
MI,Buchanan,13
GA,McIntyre,13
WI,Dane,13
OH,Roseville,13
AL,Camden,13
AZ,Sells,13
IL,New Salem,13
OH,Montville,13
IN,Huntingburg,13
MI,Mancelona,13
PA,Tower City,13
WI,Kohler,13
NH,Jaffrey,13
IL,Barnhill,13
PA,Lickingville,13
CA,Wishon,13
AL,Rutledge,13
MA,Eastham,13
WA,Oakville,13
GA,Shiloh,13
WI,Endeavor,13
GA,Alapaha,13
IL,Winchester,13
TN,Lakeland,13
NE,Elm Creek,13
IA,Ely,13
WA,Langley,13
PA,Greenville,13
NH,Whitefield,13
UT,Glendale,13
TX,Jbsa Ft Sam Houston,13
VT,White River Junction,13
IA,Hull,13
NH,Hampstead,13
OH,Minerva,13
LA,Luling,13
WI,Westfield,13
GA,Cave Spring,13
TX,Groveton,13
MI,Waterford,13
MS,Tremont,13
NE,Hershey,13
IL,Illiopolis,13
MA,Pittsfield,13
AL,Marion,13
MN,Wood Lake,13
WI,Cleveland,13
NC,Warrensville,13
TX,Dimmitt,13
NC,Gold Hill,13
AL,Ethelsville,13
TX,Atascosa,13
TX,Azle,13
GA,Good Hope,13
OH,North Benton,13
IN,Union City,13
NY,Woodgate,13
TX,Groom,13
WI,Oneida,13
MS,Braxton,13
LA,Mansfield,13
NY,Cairo,13
WA,Clallam Bay,13
PA,Stockertown,13
MN,Goodridge,13
ID,Saint Maries,13
IN,Delphi,13
NY,Westerlo,13
PA,Munson,13
NY,Barker,13
NJ,New Providence,13
CO,Granada,13
MN,Keewatin,13
TN,Culleoka,13
IN,Williamsburg,13
KY,Eddyville,13
CA,Bell Canyon,13
IA,Toddville,13
MS,Columbus,13
VA,Manquin,13
PA,Mertztown,13
AR,Berryville,13
PA,Blandburg,13
TX,Plainview,13
PA,Saint Clair,13
NY,Almond,13
MI,South Boardman,13
MT,Dell,13
KS,Girard,13
IN,Berne,13
TN,Huntsville,13
MT,Cohagen,13
NC,Castalia,13
NC,White Oak,13
NE,Alma,13
IN,Lanesville,13
WA,Thorp,13
AR,Mt Ida,13
MT,West Glacier,13
KS,Larned,13
KY,Somerset,13
GA,Bluffton,13
TN,Lafayette,13
AR,McRae,13
ID,Burley,13
CT,Amston,13
ID,Inkom,13
PA,Shelocta,13
AL,Fyffe,12
TX,Hallsville,12
MD,Great Mills,12
OH,Pomeroy,12
KY,Midway,12
OH,Norwalk,12
OH,Galion,12
IL,Burnt Prairie,12
TX,Goldthwaite,12
IL,Teutopolis,12
MD,Worton,12
OH,Obetz,12
TX,Caddo Mills,12
OH,Chesapeake,12
TX,Shenandoah,12
WI,Fond Du Lac,12
NJ,Roselle Park,12
UT,Lake Powell,12
NC,Crouse,12
IN,Griffin,12
KY,Sonora,12
PA,Avis,12
NY,East Branch,12
MA,Orleans,12
MD,Newark,12
IA,New Hampton,12
WI,Waupun,12
TN,Waynesboro,12
NC,Cedar Grove,12
PA,Drumore,12
NY,Hague,12
OH,Ashley,12
FL,Duette,12
NC,Point Harbor,12
TX,San Angelo,12
NY,Shokan,12
PA,Beallsville,12
MN,Dundee,12
NM,Wagon Mound,12
OH,New Madison,12
AR,Wickes,12
OH,Berea,12
NY,Rodman,12
AR,Leola,12
ND,Bowdon,12
NY,Springwater,12
CO,Winter Park,12
ID,Riggins,12
TN,Denmark,12
AL,Courtland,12
MA,Lakeville,12
UT,Mt Pleasant,12
NH,Sanbornville,12
NY,East Amherst,12
UT,Plymouth,12
TX,Wylie,12
PA,Venus,12
IA,Somers,12
MA,Wenham,12
IA,Prairie City,12
NY,East Moriches,12
KY,Princeton,12
MI,Cheboygan,12
OH,Lagrange,12
OH,Jewett,12
NH,Barrington,12
VT,Springfield,12
IL,Tonica,12
TN,Westmoreland,12
AR,Hughes,12
IA,Manly,12
WA,Newman Lake,12
CA,Blairsden-Graeagle,12
PA,Sugar Grove,12
VT,Saint Albans,12
IA,Moulton,12
CA,Briones,12
MA,Fiskdale,12
GA,Glenwood,12
TX,Aubrey,12
CO,Del Norte,12
IN,Flora,12
NY,Bakers Mills,12
MI,New Lothrop,12
PA,Fredericktown,12
PA,Mt Pleasant Mills,12
TN,Dowelltown,12
IN,Bainbridge,12
ND,Drayton,12
AZ,Saint Michaels,12
CT,Morris,12
NY,Dalton,12
NY,Alplaus,12
GA,Concord,12
MT,Roy,12
NY,Lyons Falls,12
AR,De Witt,12
NC,Sandy Ridge,12
IN,Brownstown,12
UT,Brighton,12
IN,Gosport,12
MI,Riga,12
TX,Baird,12
TN,Atoka,12
NM,Lovington,12
TX,Harwood,12
MI,Pontiac,12
FL,Fern Park,12
PA,McClure,12
MI,Burtchville,12
IA,Newhall,12
PA,Arona,12
OH,New Richmond,12
IA,Oelwein,12
IA,Emerson,12
MO,Cadet,12
CA,Alpaugh,12
CA,Lomita,12
MD,Glenn Dale,12
IA,Runnells,12
NY,Dexter,12
CA,Spreckels,12
VA,Spencer,12
TX,New Boston,12
MA,Marstons Mills,12
VA,Saxe,12
MD,Ashton,12
GA,Springfield,12
VA,Haysi,12
IN,Clarks Hill,12
NC,Kenansville,12
NC,Hubert,12
AR,Pea Ridge,12
TX,Pampa,12
AR,Boles,12
WI,Holcombe,12
VA,Free Union,12
CA,Springville-Johnsondale,12
MN,Beaver Creek,12
PA,Norwood,12
PA,Rome,12
MN,Pemberton,12
GA,Doerun,12
NY,Limestone,12
VA,Howardsville,12
LA,Plaquemine,12
NC,Bear Creek,12
AL,Addison,12
NM,San Jon,12
OH,Alexandria,12
GA,Guyton,12
AL,Ragland,12
OH,Salem,12
TX,Brazoria,12
OH,Worthington,12
NC,Jefferson,12
OH,Ray,12
TX,Kerrville,12
NH,Thornton,12
TX,Dilley,12
PA,Bethel Park,12
PA,Fawn Grove,12
OH,Spring Valley,12
UT,Levan,12
MA,Stow,12
LA,Lecompte,12
CO,Ridgway,12
GA,McRae-Helena,12
OH,Greenwich,12
UT,Elberta,12
OH,Austinburg,12
OH,Columbiana,12
OH,Bellville,12
IN,Auburn,12
MO,Sturgeon,12
NY,Getzville,12
TX,Oklaunion,12
NJ,Ocean City,12
CO,Gateway,12
NJ,Garfield,12
IA,Melbourne,12
NH,Bristol,12
UT,Tabiona,12
WV,Nebo,12
ID,Hayden,12
NH,West Lebanon,12
AR,Montrose,12
VA,Hardyville,12
IN,Winamac,12
VA,Rich Creek,12
PA,New Park,12
OH,Mount Vernon,12
TN,Butler,12
NJ,Madison,12
NC,Grandy,12
OH,Utica,12
TX,Timpson,12
MS,Magee,12
IA,Madrid,12
MN,Loman,12
MA,Greenfield,12
CO,Ovid,12
NY,Lake Luzerne,12
PA,Cressona,12
MD,Cheverly,12
UT,Vineyard,12
TX,Eden,12
MI,Howard City,12
GA,Stapleton,12
IN,Ashley,12
NY,Greene,12
MN,Miltona,12
MN,Avoca,12
MT,Wise River,12
AR,Black Rock,12
MT,Silver Star,12
WV,Belington,12
CO,Eaton,12
NC,Lawsonville,12
NC,Sophia,12
MT,Lonepine,12
MT,Marysville,12
VA,Henry,12
AR,Alpena,12
MT,Dixon,12
NC,Atkinson,12
PA,Clarendon,12
MT,Broadview,12
MT,Zortman,12
ND,Reynolds,12
CA,North El Dorado,12
ND,Edgeley,12
ID,Filer,12
NY,Ilion,12
ID,Emmett,12
IL,Hull,11
TX,Dayton,11
TN,Oneida,11
RI,Warren,11
OH,Vickery,11
VT,Bellows Falls,11
TX,Clute,11
AL,Hillsboro,11
MN,Magnolia,11
OH,Bucyrus,11
TX,The Hills,11
MA,Dracut,11
CT,Monroe,11
NH,Milton,11
NY,Westhampton,11
CA,Vina,11
TN,Tracy City,11
AL,Monroeville,11
CO,Log Lane Village,11
OH,Belpre,11
TX,Merkel,11
GA,Crawford,11
IL,Rosemont,11
WA,Beaver,11
WA,University Place,11
PA,Noxen,11
NY,Macedon,11
MA,East Bridgewater,11
FL,Weston,11
VT,Rutland,11
WI,Dodgeville,11
MO,Monroe City,11
WA,Newport,11
NJ,Lavallette,11
NC,Lumber Bridge,11
NY,Hampton,11
NE,Wood River,11
IN,Claypool,11
MI,Fraser,11
NC,Bath,11
WI,Greendale,11
GA,Roberta,11
GA,Rock Spring,11
IN,Poseyville,11
NY,Johnsburg,11
PA,Six Mile Run,11
NC,Morven,11
NH,Conway,11
CT,Wilton,11
NC,Aulander,11
NM,Santo Domingo Pueblo,11
LA,Jackson,11
MO,Kaw,11
IA,Columbus Junction,11
KS,Lecompton,11
CO,Center,11
MO,Kennett,11
MT,Judith Gap,11
IN,Griffith,11
TX,Danbury,11
WI,Beaver Dam,11
AR,Fountain Hill,11
PA,Rouseville,11
KY,Owensboro,11
ID,Harrison,11
OH,Van Buren,11
OH,Williamsburg,11
IA,Modale,11
NY,Andes,11
TX,Alleyton,11
TX,Goliad,11
OH,Frazeysburg,11
FL,Mascotte,11
NJ,Manchester Twp,11
ME,Plymouth,11
MI,Rosebush,11
PA,Scenery Hill,11
OH,East Canton,11
OH,Sycamore,11
AL,Vernon,11
AL,Greensboro,11
IL,Lyndon,11
WA,Ethel,11
NH,Epsom,11
IA,Havelock,11
CO,Somerset,11
FL,Temple Terrace,11
SC,Long Creek,11
ID,Kellogg,11
KY,Oak Grove,11
NH,West Chesterfield,11
PA,New Millport,11
MA,Ludlow,11
MO,Bonne Terre,11
MI,Evart,11
UT,Altamont,11
AL,Seale,11
CA,Blocksburg,11
CA,Branscomb,11
NY,Great Valley,11
OH,Graytown,11
IL,Oswego,11
FL,Central Volusia,11
MA,West Warren,11
NY,Sparrow Bush,11
NY,Clayville,11
DE,Clayton,11
WI,Walworth,11
PA,Aldan,11
DE,Port Penn,11
GA,Sandersville,11
OR,Murphy,11
PA,Lykens,11
NJ,Oakhurst,11
IA,Cascade,11
MI,Allegan,11
NY,St James,11
ND,Kathryn,11
MT,Sanders,11
CT,Windham,11
AR,Glenwood,11
VA,St Paul,11
WI,Nekoosa,11
MT,Gildford,11
AR,St Joe,11
AR,Lavaca,11
ND,Pingree,11
AZ,Sanders,11
MD,Upper Falls,11
CT,Colebrook,11
WA,Sunnyside,11
AR,Dierks,11
NY,Henderson,11
AR,Drasco,11
CT,East Canaan,11
ND,Hettinger,11
MT,Molt,11
ND,Larimore,11
PA,Milanville,11
KY,Burlington,11
TX,Winona,11
IL,Ashton,11
WA,Chinook,11
IN,McCordsville,11
OK,Depew,11
OH,Garrettsville,11
GA,Collins,11
CT,Terryville,11
AL,Helena,11
NJ,Wanaque,11
RI,Tiverton,11
SC,Mc Clellanville,11
IN,Greendale,11
OR,Wheeler,11
CA,Belvedere-Tiburon,11
WA,Moses Lake,11
GA,Climax,11
WI,Junction City,11
IA,Hinton,11
TN,Brush Creek,11
TX,Brackettville,11
NH,Marlborough,11
WI,Brownsville,11
OH,Thompson,11
WA,Marblemount,11
IN,Mount Vernon,11
MA,South Easton,11
WV,Capon Bridge,11
TX,Krum,11
TX,Del Rio,11
CO,Kiowa,11
NJ,Oak Ridge,11
GA,Royston,11
NY,Groton,11
NC,Lake Lure,11
MS,Georgetown,11
CA,Petrolia,11
PA,Auburn,11
PA,Fredonia,11
AR,Hermitage,11
GA,Pine Mountain Valley,11
PA,Mt Jewett,11
AR,Springfield,11
VA,Esmont,11
WV,Millville,11
SD,Huron,11
OH,Wakeman,11
MI,Clinton,11
MA,Rowley,11
NC,Sparta,11
VT,Wilmington,11
AL,Wellington,11
LA,Clinton,11
OH,West Unity,11
KY,Kuttawa,11
OH,Oberlin,11
OH,Sardinia,11
VA,Newport,11
CA,Victorville-Hesperia,11
WI,Bancroft,11
FL,St James City,11
PA,Gifford,11
TX,Hooks,11
WA,Sammamish,11
IA,Holland,11
MA,Gardner,11
GA,Sumner,11
VA,Clover,11
CT,East Hampton,11
PA,Braddock,11
NC,Chinquapin,11
CA,Standish,11
NC,Avon,11
IL,Seneca,11
MA,Stockbridge,11
MN,Outing,11
NM,Carlsbad,11
MA,Winthrop,11
TN,Copperhill,11
IA,Vinton,11
WA,Onalaska,11
PA,Albrightsville,11
AZ,Guadalupe,11
WA,Lake Forest Park,11
AL,Camp Hill,11
MO,Winston,11
MN,Adams,11
FL,Georgetown,11
AL,Echola,11
IL,Martinsville,11
OH,Montgomery,11
MI,Oscoda,11
TX,Mcallen,11
GA,Meansville,11
WA,Elbe,11
NH,New Ipswich,11
FL,Jensen Beach,11
VA,Coleman Falls,11
AR,Thornton,11
MN,Reads Landing,11
WA,Prosser,11
NC,Barco,11
WA,Chimacum,11
IA,Carroll,11
NJ,Delmont,11
IL,Rock Island,11
TX,Canton,11
TX,Cameron,11
FL,Belle Isle,11
ID,Hamer,11
TN,Afton,11
IN,Bryant,11
IN,Milton,11
MT,Fairview,11
NC,Midway Park,11
NJ,Mantoloking,11
ND,Granville,11
PA,Ulster,11
PA,Croydon,11
OR,Jamieson,11
IN,Odon,11
IA,Corydon,11
WI,Montfort,11
WA,Clinton,11
NE,Oakland,11
CO,Bethune,11
FL,Yeehaw Junction,11
PA,Mildred,11
MD,Solomons,11
AR,Lewisville,11
IN,Carbon,11
AR,Lake City,11
MO,Rock Port,11
VA,North Prince George,11
IN,Troy,11
IN,Bloomingdale,11
VA,Belle Haven,11
PA,Farmington,11
OR,Plush,11
KS,Parsons,11
IN,Farmland,11
IN,Lakeville,11
NC,Hildebran,10
NY,Friendship,10
OH,Carrollton,10
IL,Port Byron,10
IN,Dayton,10
MI,Mount Clemens,10
OH,Litchfield,10
AL,Paint Rock,10
GA,Blairsville,10
FL,Eagle Lake,10
TX,Gordon,10
TN,Ocoee,10
NH,Durham,10
IL,Norridge,10
NJ,Pemberton,10
TX,Seymour,10
NJ,Tabernacle,10
CA,Valley Ford,10
OH,Carey,10
TN,Mount Pleasant,10
WA,Salkum,10
MI,Inkster,10
VT,Fair Haven,10
FL,Haverhill,10
NY,Alexandria Bay,10
AL,Wedowee,10
TX,Bee Cave,10
NY,Tupper Lake,10
MO,New Madrid,10
VA,Nelson,10
NY,Ellenville,10
FL,Glades,10
WI,Coloma,10
OH,Novelty,10
PA,Elmora,10
IA,Albia,10
MN,Dunnell,10
PA,Hellam,10
MO,Savannah,10
NY,Belmont,10
MS,District 1,10
MD,Nanjemoy,10
PA,Danielsville,10
NY,Kill Buck,10
VA,Weber City,10
PA,Saxonburg,10
NE,Waco,10
KS,Reading,10
MS,Newton,10
NY,Hartford,10
PA,Hillsgrove,10
MN,Hadley,10
WI,White Lake,10
IN,Selma,10
NC,Winton,10
NC,Ennice,10
TX,Cumby,10
MI,Rogers City,10
WY,La Grange,10
WV,Walton,10
PA,New Salem,10
CA,Rail Road Flat,10
OR,Sprague River,10
NY,Buchanan,10
CA,Mt Hermon,10
MS,Natchez,10
IN,Mulberry,10
VA,Keezletown,10
TX,Graford,10
PA,Spangler,10
NY,Rye Brook,10
TX,Little Elm,10
IL,Opdyke,10
VA,Poquoson,10
OH,Atwater,10
OH,Mt Vernon,10
NJ,Northfield,10
PA,Canadensis,10
OK,Wellston,10
PA,Crescent,10
MS,Fulton,10
OH,Martins Ferry,10
IL,East Dubuque,10
MN,Appleton,10
IL,Hopedale,10
TN,Dover,10
NY,Potsdam,10
IA,Stockton,10
NY,Airmont,10
KS,Garden City,10
MD,Luke,10
NJ,West Deptford,10
OK,Davis,10
MS,Corinth,10
WA,Connell,10
NY,Chenango Forks,10
MS,Potts Camp,10
TX,Sonora,10
UT,Sterling,10
NM,San Acacia,10
MI,Fife Lake,10
LA,Bourg,10
MI,Genesee,10
MN,Ogema,10
MT,Roscoe,10
AZ,Cashion,10
WV,Logan,10
PA,Custer City,10
AZ,Taylor,10
NE,Holdrege,10
PA,Oaks,10
ND,Linton,10
TX,Muleshoe,10
WV,Burlington,10
MN,Kabetogama,10
TX,Desdemona,10
AR,Manila,10
VA,Bergton,10
AR,Perryville,10
CT,Warren,10
ND,Gwinner,10
NJ,Hazlet Township,10
MT,Culbertson,10
ID,Sagle,10
AR,Biggers,10
NY,Scipio Center,10
PA,Linesville,10
VA,Foster,10
TX,Port Bolivar,10
KY,Sparta,10
TX,Eddy,10
WI,Greenville,10
NC,Mt Holly,10
IN,Greentown,10
IL,Watson,10
NH,Goffstown,10
MA,North Weymouth,10
MA,Millville,10
NY,Blue Point,10
VA,Mouth Of Wilson,10
AL,Stevenson,10
CA,Port Hueneme,10
NC,Macclesfield,10
FL,Lulu,10
PA,Bear Creek Township,10
TX,Vernon,10
WI,Montello,10
PA,Adamsburg,10
WI,South Milwaukee,10
NH,Hollis,10
WA,Sekiu,10
WA,Orondo,10
NY,Piffard,10
NY,Peru,10
WI,Platteville,10
WI,Spring Valley,10
MO,Old Monroe,10
NM,Glorieta,10
VA,Richlands,10
IN,Argos,10
NY,Pavilion,10
MN,Rollingstone,10
TX,Mentone,10
VA,Kinsale,10
MS,Philadelphia,10
IL,Yorkville,10
GA,Stephens,10
TN,Rutledge,10
TN,Liberty,10
AR,Wynne,10
WI,Omro,10
WY,Lyman,10
VA,Mouth of Wilson,10
CA,Verdi,10
ND,Wahpeton,10
MN,Cyrus,10
CO,Olathe,10
NY,Interlaken,10
OH,Mogadore,10
NY,Pine Bush,10
MA,Cotuit,10
GA,Camak,10
IA,Danville,10
NH,Sunapee,10
GA,Alma,10
UT,Ballard,10
NC,Jackson Springs,10
PA,Kingston,10
OH,New Philadelphia,10
TX,Navasota,10
NH,Westmoreland,10
MI,Belding,10
IL,Prospect Heights,10
AL,Lexington,10
OH,Stone Creek,10
OH,Cygnet,10
NH,Spofford,10
PA,Maytown,10
AL,Gallion,10
AL,Leesburg,10
IN,Lynnville,10
OH,Cecil,10
MI,Pierson,10
NH,Center Barnstead,10
MA,Hubbardston,10
IL,Bonnie,10
KY,Mount Sterling,10
CO,Norwood,10
CO,Green Mountain Falls,10
WA,Rockport,10
VA,Birdsnest,10
VA,Red Oak,10
PA,Neville,10
IA,Monroe,10
NY,Copake,10
IA,Truro,10
ME,Holden,10
IN,Fowler,10
NY,Woodstock,10
OH,Gates Mills,10
MO,Saint Mary,10
PA,Gillett,10
KY,Murray,10
TN,Iron City,10
TX,Schulenburg,10
MN,Independence,10
AL,Vincent,10
PA,Wilmore,10
GA,Rydal,10
NJ,Maplewood,10
MD,New Carrollton,10
NY,Sleepy Hollow,10
NY,Warwick,10
NY,Campbell Hall,10
MA,Winchester,10
IA,Correctionville,10
MA,Brewster,10
OH,Bryan,10
SC,Arcadia,10
WA,Lind,10
VA,Dryden,10
MN,Hollandale,10
MS,Hickory Flat,10
NE,Fort Calhoun,10
NC,Terrell,10
PA,Cross Fork,10
KY,Franklin,10
IN,Leavenworth,10
OH,Blanchester,10
PA,Locust Gap,10
NJ,Union Beach,10
PA,Clarence,10
GA,Coleman,10
MO,Faucett,10
IA,Davis City,10
NM,Lemitar,10
FL,Patrick AFB,10
NJ,Long Branch,10
NY,Westport,10
TX,Karnes City,10
MO,Auxvasse,10
AR,Altheimer,10
PA,Melcroft,10
NC,Gibson,10
WI,Blair,10
GA,West Green,10
IA,Emmetsburg,10
KY,Russellville,10
ND,Wilton,10
NY,Callicoon,10
NY,Cayuga,10
MO,Agency,10
WI,Woodruff,10
TX,Savoy,10
AR,Cash,10
CO,Poncha Springs,10
FL,Intercession City,10
OR,Post,10
NY,Bemus Point,10
ND,Arvilla,10
AR,Western Grove,10
ND,Bowman,10
NY,Varysburg,10
AR,Yellville,10
WV,Danville,10
AR,Mount Ida,10
MT,Circle,10
ND,Fort Yates,10
MT,Greenough,10
NY,Tannersville,10
PA,Mt Holly Springs,10
VA,Cobbs Creek,10
AR,Fouke,10
AR,Calico Rock,10
ID,Lava Hot Springs,10
KY,Hawesville,10
VA,Natural Bridge Station,10
NY,Derby,10
TX,Levelland,9
NJ,Ocean,9
MA,Agawam,9
GA,Newton,9
GA,Boston,9
NH,Allenstown,9
NV,Round Mountain,9
OH,Dundee,9
MO,Brighton,9
KS,El Dorado,9
OH,Sugarcreek,9
AL,Demopolis,9
GA,Andersonville,9
OH,Peebles,9
NE,Palmyra,9
OH,Thurman,9
IL,Coal Valley,9
TX,Cleburne,9
TX,Rotan,9
NH,Chesterfield,9
IA,Atkins,9
GA,Enigma,9
LA,Saint James,9
TX,Athens,9
OH,Columbus Grove,9
NY,Middleburgh,9
VA,Hurley,9
WA,Baring,9
MD,Glenelg,9
TX,East Bernard,9
UT,Tropic,9
PA,Smoketown,9
MS,Enterprise,9
NY,Savona,9
NJ,Little Egg Harbor Twp,9
IA,Dallas Center,9
VA,Ewing,9
PA,Hadley,9
MN,Emmons,9
MN,Bertha,9
NY,Preble,9
MO,Webb City,9
IA,Thornton,9
SC,Westville,9
TX,Nocona,9
PA,Gilbert,9
NC,Aurora,9
ND,Christine,9
WV,Rivesville,9
AL,Catherine,9
CO,Hesperus,9
MN,Silver Bay,9
ID,Banks,9
MN,Bejou,9
MT,Sand Coulee,9
GA,Georgetown,9
MT,Mc Allister,9
WA,Silver Creek,9
MN,Brownsdale,9
WA,Hanford Site,9
WV,Sumerco,9
MT,Hays,9
AR,Witter,9
WV,Pennsboro,9
IA,Pella,9
KY,Guthrie,9
AR,Hardy,9
NJ,Highland Park,9
AR,Cave City,9
NY,Canton,9
MI,Concord,9
ND,Manning,9
ID,Bruneau,9
ME,Kennebunkport,9
WA,Rosburg,9
IN,Coatesville,9
KY,Ryland Hght,9
OH,Beavercreek,9
AL,Sumiton,9
IN,Charlestown,9
WI,Chilton,9
NH,Brentwood,9
MS,Mooreville,9
IL,Fithian,9
OH,Mechanicsburg,9
MN,Buhl,9
IL,Grantsburg,9
MD,Keedysville,9
AZ,Thatcher,9
PA,Youngsville,9
CA,Hillsborough,9
IL,Richmond,9
WI,Winneconne,9
WI,Mount Pleasant,9
GA,Eastanollee,9
VA,Phenix,9
NH,Northfield,9
AZ,Humboldt,9
IL,Seymour,9
NY,Machias,9
NY,Delevan,9
MS,Osyka,9
UT,Redmond,9
WI,Plainfield,9
TN,Charlotte,9
WA,Skamokawa,9
PA,Henryville,9
IA,West Union,9
NJ,West New York,9
NC,Danbury,9
FL,Kathleen,9
NJ,High Bridge,9
NJ,Glen Ridge,9
IN,Schererville,9
MS,Richton,9
VT,Chester,9
IN,Economy,9
VA,Walkerton,9
GA,Cobb,9
MO,Bertrand,9
SC,Lockhart,9
CO,Ramah,9
MT,Trego,9
IN,Fillmore,9
TX,Mineola,9
NY,Mongaup Valley,9
AR,Locust Grove,9
TX,Malakoff,9
KS,Meade,9
IN,Swayzee,9
ND,Casselton,9
PA,Sycamore,9
ME,Carmel,9
IA,Sperry,9
CT,Cornwall Bridge,9
OH,Walbridge,9
IL,Carlock,9
OH,Port Washington,9
KS,Thayer,9
TX,Panhandle,9
IN,Walkerton,9
LA,Morgan City,9
CA,Rio Nido,9
VA,Millboro,9
WA,Nordland,9
IA,Sioux Center,9
IA,Palo,9
MI,Ravenna,9
IN,Mccordsville,9
CO,Mc Clave,9
CA,Cuyama,9
KY,Sulphur,9
AL,Ralph,9
KY,Grand Rivers,9
VA,Broadlands,9
MI,Farmington Hills,9
MS,Seminary,9
TX,Helotes,9
CO,Elizabeth,9
MN,Easton,9
ME,Litchfield,9
TX,Clyde,9
LA,Chauvin,9
CT,Sherman,9
NY,Williamstown,9
NC,Timberlake,9
MN,Ponsford,9
TX,College Station,9
AZ,Polacca,9
NY,Sylvan Beach,9
IL,Manito,9
NV,Nixon,9
GA,Meigs,9
TX,Keller,9
MT,Hall,9
IN,Bargersville,9
AR,Huntington,9
PA,Loyalhanna,9
IN,Hanover,9
NC,Casar,9
MI,Farwell,9
PA,Hopwood,9
NY,White Lake,9
MT,Hinsdale,9
FL,Orange Springs,9
KY,Jackson,9
WY,Saratoga,9
IA,Rowley,9
NY,Freehold,9
PA,New Germantown,9
LA,Fordoche,9
GA,Smithville,9
IA,Kalona,9
SC,Mt Croghan,9
IL,Danforth,9
NJ,West Collingswood,9
GA,Monticello,9
AL,Brierfield,9
NY,Menands,9
MA,East Wareham,9
SC,Reidville,9
VT,Jacksonville,9
TX,Fairfield,9
KY,Berea,9
FL,North Westside,9
TX,Vidor,9
MA,Osterville,9
VA,Sandy Level,9
RI,Barrington,9
VT,Winooski,9
FL,Southwest Ranches,9
IL,Cary,9
MD,Glen Arm,9
NC,Clarendon,9
MD,Freeland,9
NH,Boscawen,9
VA,Damascus,9
PA,Kresgeville,9
NJ,Oradell,9
MN,Echo,9
WA,Lake Tapps,9
AL,Rockford,9
VA,Machipongo,9
ID,Elk City,9
PA,Dallas,9
NC,Shawboro,9
TX,Kemah,9
RI,Riverside,9
TX,Linden,9
MI,Lake Odessa,9
NY,Ogdensburg,9
AL,Rainsville,9
NC,Teachey,9
MN,Badger,9
GA,Chickamauga,9
NJ,Skillman,9
AL,Equality,9
OH,Navarre,9
WI,West Salem,9
MD,Brinklow,9
GA,Talbotton,9
NE,Schuyler,9
NJ,Bergenfield,9
TX,Lampasas,9
NY,Williston Park,9
OK,Sperry,9
WA,South Prairie,9
TN,Del Rio,9
MO,Scott City,9
CO,Cripple Creek,9
NY,Youngstown,9
WA,Underwood,9
IN,Saint Paul,9
NY,Ellicottville,9
NY,Madrid,9
MI,Gulliver,9
TN,White Bluff,9
WI,Mondovi,9
WI,Harshaw,9
VA,Staffordsville,9
WV,Montrose,9
NC,Poplar Branch,9
LA,Belle Chasse,9
VA,Hume,9
MO,Mound City,9
MI,Omer,9
IA,Ladora,9
MN,Williams,9
IN,Nappanee,9
NY,Silver Bay,9
TN,Jefferson City,9
NY,Constable,9
GA,Parrott,9
AR,Horatio,9
AR,Amity,9
GA,White Oak,9
NC,Scaly Mountain,9
MS,Belden,9
NY,Leicester,9
PA,Fannettsburg,9
AR,Omaha,9
IA,Lytton,9
AR,Norman,9
MN,Danvers,9
ID,Shoshone,9
CO,Sanford,9
ND,Epping,9
CA,Poway,9
NY,Sand Lake,9
NC,Harrellsville,9
AR,Goodwin,9
IA,Otley,9
OR,Crabtree,9
IA,Conrad,9
IN,Francesville,9
WY,Moorcroft,9
NY,North Bangor,9
ID,Osburn,9
UT,Smithfield,9
KS,Greensburg,9
PA,Blairs Mills,9
WY,Sundance,9
PA,Belsano,9
MI,Free Soil,9
VA,New Canton,9
TN,Lookout Mountain,9
NY,South Colton,9
MT,Jackson,9
ID,Kooskia,9
IN,Dyer,9
CA,Lakeshore,8
MI,Rochester Hills,8
MA,Newbury,8
TN,Friendship,8
NH,East Hampstead,8
TN,Bloomington Springs,8
PA,Sykesville,8
NM,Cuba,8
IL,Mt Prospect,8
LA,Bunkie,8
OK,Newcastle,8
IL,Niantic,8
IA,Charles City,8
FL,Longboat Key,8
NH,North Stratford,8
VT,Westminster,8
NJ,Lambertville,8
TN,Humboldt,8
NC,Hurdle Mills,8
AL,Stapleton,8
OH,Liberty Township,8
TX,Harlingen,8
NH,Strafford,8
IN,Rising Sun,8
TN,Reliance,8
FL,Riviera Beach,8
KY,Morehead,8
PA,Brookline,8
OH,University Heights,8
NY,Porter Corners,8
PA,Lairdsville,8
TX,Carthage,8
KS,Kanorado,8
TX,Riviera,8
NJ,Bernardsville,8
MN,Wannaska,8
IA,Elkader,8
PA,Cammal,8
IN,Carlisle,8
KY,Horse Cave,8
OH,Pleasantville,8
UT,Hanna,8
TN,Petersburg,8
OH,Versailles,8
GA,Saint Marys,8
ID,Spirit Lake,8
PA,Tarrs,8
CA,Rolling Hills Estates,8
GA,Gillsville,8
NJ,Lincoln Park,8
IA,Treynor,8
GA,Bowman,8
MN,Millville,8
WI,Osceola,8
PA,Laurys Station,8
PA,Washington Crossing,8
MI,Edmore,8
NJ,Ho-Ho-Kus,8
KS,Bucklin,8
OH,Bergholz,8
GA,Statenville,8
PA,Dry Run,8
IN,Monroe City,8
WV,Glenwood,8
MN,Revere,8
TX,Mt Pleasant,8
WV,Fayetteville,8
NJ,Allendale,8
ND,Ellendale,8
KS,Minneola,8
CO,Cheyenne Wells,8
KS,Medicine Lodge,8
MT,Fairfield,8
MT,Neihart,8
ND,Halliday,8
NY,Alexander,8
IN,Saint Meinrad,8
PA,Venetia,8
MO,Neosho,8
VA,Zion Crossroads,8
IA,Humeston,8
NY,Redwood,8
NY,Long Lake,8
IA,Fayette,8
KY,Morgantown,8
CT,Wolcott,8
MA,Pocasset,8
MA,Dover,8
IA,Springville,8
OK,Coweta,8
PA,Prospect,8
GA,Kingston,8
MO,Center,8
MO,Portageville,8
PA,Glen Hope,8
MA,Holliston,8
AL,Taylor,8
ME,Sidney,8
CA,East San Gabriel Valley,8
MA,Teaticket,8
IA,Kensett,8
KY,South Jefferson,8
TX,Troy,8
WI,Port Washington,8
IL,Bradley,8
SC,Jacksonboro,8
MI,Williamsburg,8
WI,Oconto,8
TN,Huntingdon,8
PA,Effort,8
IL,Kinmundy,8
NH,Hillsborough,8
MI,Douglas,8
WI,Athens,8
WI,Rothschild,8
PA,Benezett,8
KY,Munfordville,8
GA,Bishop,8
NY,Kennedy,8
NC,Pantego,8
CA,Knightsen,8
NY,Berlin,8
NH,Cornish,8
OK,Wayne,8
CT,Quaker Hill,8
NH,Wilton,8
TX,Ganado,8
PA,Bolivar,8
MO,Beaufort,8
OK,Calumet,8
NM,Anton Chico,8
NC,Bunn,8
IL,La Grange Park,8
IL,Crest Hill,8
NY,Chateaugay,8
IA,Glenwood,8
KS,Galena,8
CA,Grover Beach,8
NY,Penn Yan,8
TN,Prospect,8
OH,Shelby,8
TN,Orlinda,8
NC,Elk Park,8
FL,Oakland,8
ND,Ray,8
UT,Pine Valley,8
NC,Pine Hall,8
KY,Strunk,8
PA,Spartansburg,8
NC,Milton,8
PA,Newfoundland,8
NY,Brant Lake,8
MI,Brown City,8
MS,Kosciusko,8
PA,Mt Pocono,8
NY,Castile,8
AR,Royal,8
GA,Upatoi,8
IN,Garrett,8
SD,Reva,8
NY,Port Henry,8
MN,Holland,8
NY,Mannsville,8
MT,Polebridge,8
IN,Paragon,8
KS,Rossville,8
PA,Sweet Valley,8
IN,Dana,8
NC,Henrico,8
MD,Deal Island,8
KS,Colwich,8
MT,Kinsey,8
PA,Granville Summit,8
MI,Orleans,8
PA,Lake Lynn,8
NY,Accord,8
UT,Randlett,8
GA,Tybee Island,8
AL,Gordon,8
CO,Pritchett,8
MD,Woodstock,8
VT,Newfane,8
IL,Mt Vernon,8
MA,North Falmouth,8
TX,Queen City,8
FL,Greensboro,8
IN,Larwill,8
DE,Odessa,8
NY,Montauk,8
WI,Hancock,8
PA,Yoe,8
GA,Rockledge,8
WY,Kaycee,8
CA,Deer Park,8
NY,Richford,8
NY,Cheektowaga,8
IA,Holstein,8
AL,Muscadine,8
MO,Bloomsdale,8
WA,Olalla,8
PA,Monessen,8
PA,Fayette City,8
MI,Stanton,8
AL,Center Point,8
IA,Blue Grass,8
TX,Wallis,8
AL,Silverhill,8
KY,Tompkinsville,8
VA,Saltville,8
NJ,Ringwood,8
NY,Napanoch,8
NJ,Hopewell,8
IL,Union,8
MN,Loretto,8
NY,Congers,8
MS,Magnolia,8
MI,Sault Sainte Marie,8
NE,Plattsmouth,8
NC,Fleetwood,8
CA,Ravendale,8
PA,Herminie,8
NY,Gardiner,8
PA,Monroe Township,8
PA,Fenelton,8
NM,Hernandez,8
TX,Lolita,8
CA,Avery,8
GA,Ochlocknee,8
KS,Cherryvale,8
WY,Lingle,8
NC,Alexander,8
NV,Denio,8
IN,Bedford,8
PA,Ohiopyle,8
WV,Red House,8
NJ,Linwood,8
IL,Trenton,8
NC,Lake Waccamaw,8
NE,Walthill,8
ND,Minto,8
VA,Flint Hill,8
IL,Round Lake Park,8
VA,Dyke,8
KS,Sawyer,8
NY,Barton,8
PA,Drifting,8
IA,Coon Rapids,8
AR,Mount Judea,8
MO,St Mary,8
CA,Forest Knolls,8
AR,Prattsville,8
CA,Moraga,8
AR,Mc Gehee,8
NC,Grassy Creek,8
NM,Tularosa,8
OK,Washington,8
MI,Gowen,8
KY,Bloomfield,8
WA,Colville,8
AL,Aliceville,8
MA,Provincetown,8
GA,Rising Fawn,8
AL,Cottonwood,8
KY,Upton,8
RI,Charlestown,8
RI,Foster,8
ID,White Bird,8
ME,Orono,8
OH,Willoughby Hills,8
DE,Montchanin,8
NE,Potter,8
MA,Hadley,8
TX,Ledbetter,8
FL,Marco Island,8
IA,Woodward,8
OH,Genoa,8
AL,Dozier,8
OH,Leetonia,8
CO,Briggsdale,8
TN,Rock Island,8
MA,Belchertown,8
OH,Bellbrook,8
TX,Anahuac,8
NY,Windham,8
CT,Ridgefield,8
PA,Jessup,8
NC,Fountain,8
TN,Watertown,8
PA,Adah,8
CA,Travis AFB,8
NC,Township 1 Charlotte,8
KY,Salyersville,8
TN,Thorn Hill,8
IL,Cisco,8
IL,Oreana,8
SC,Liberty Hill,8
NH,Alton Bay,8
LA,Gibson,8
AL,Chancellor,8
IL,Silvis,8
OH,Macksburg,8
GA,Baldwin,8
GA,Luthersville,8
TX,Mathis,8
GA,Emerson,8
OK,Del City,8
IL,Bluffs,8
GA,Cleveland,8
PA,Byrnedale,8
PA,Secane,8
NE,Columbus,8
NY,Turin,8
FL,Reunion,8
VA,Middlebrook,8
AR,Perry,8
NY,Portville,8
NY,Sagaponack,8
NY,Hornell,8
GA,Patterson,8
WI,Park Falls,8
PA,Sharpsville,8
IA,Mount Vernon,8
TN,Huntland,8
MN,Jenkins,8
WA,Pacific Beach,8
WI,Muskego,8
AL,Flat Rock,8
IN,Hoagland,8
MN,Ormsby,8
NY,Red Creek,8
TX,Stephenville,8
UT,Axtell,8
NY,Marietta,8
PA,Hanover Township,8
GA,Ambrose,8
AL,Forest Home,8
FL,Forest City,8
NY,Sound Beach,8
MI,Almont,8
NC,Marston,8
NV,Silverpeak,8
NY,Arverne,8
TN,Cunningham,8
TX,Bremond,8
NY,Adams Center,8
WV,Asbury,8
TX,Falfurrias,8
MD,Massey,8
CA,La Habra Heights,8
IN,Kouts,8
GA,Hartsfield,8
WI,Baileys Harbor,8
PA,Eagles Mere,8
AL,Spanish Fort,8
AZ,Fort Thomas,8
ID,Lewiston,8
OR,Powers,8
OH,Stryker,8
NC,Currituck,8
AR,Hiwasse,8
CA,Sultana,8
DE,Delmar,8
IN,St Croix,8
PA,Marianna,8
MT,Monarch,8
MN,Finland,8
AR,Fisher,8
OH,Andover,8
IA,Lucas,8
AR,Newark,8
NC,Hobucken,8
MS,Raleigh,8
WY,Lusk,8
AR,Gamaliel,8
MS,Waveland,8
CA,Wendel,8
MT,Simms,8
NE,Harrisburg,8
WV,Mt Hope,8
NY,New Russia,8
IA,Birmingham,8
ID,Mccall,8
NC,Cofield,8
MT,Hysham,8
NC,Newport,8
ID,Richfield,8
ND,Enderlin,8
ID,Tensed,8
CA,Rackerby,8
IA,Mapleton,8
AR,Everton,8
PA,Forest City,8
NY,Saranac Lake,8
ID,Swan Valley,8
NC,Waves,8
OK,Chandler,7
NC,Hallsboro,7
MA,East Weymouth,7
WA,Valleyford,7
TX,Livingston,7
KY,Sadieville,7
MA,Spencer,7
NY,Oyster Bay,7
NE,Madison,7
MO,Stotts City,7
NH,Fitzwilliam,7
AZ,St Johns,7
KY,Versailles,7
TN,Oldfort,7
OH,Loudonville,7
IL,Grant Park,7
TX,Post,7
VT,Bennington,7
AL,Roanoke,7
OK,Seminole,7
OH,Little Hocking,7
PA,Fairhope,7
NJ,Belford,7
NM,Logan,7
IL,Steward,7
AL,Delta,7
MI,Ortonville,7
WI,Iola,7
OH,Cleveland Heights,7
MN,Delavan,7
WA,Ashford,7
TX,Wallisville,7
PA,Richland,7
MD,Rawlings,7
TN,Duck River,7
TN,Bean Station,7
OK,Blanchard,7
MA,Orange,7
TN,Lexington,7
UT,Salem,7
FL,Neptune Beach,7
TX,Flint,7
NY,Preston Hollow,7
IA,Lockridge,7
MN,Elmore,7
IN,Winslow,7
GA,Cataula,7
MO,Robertsville,7
TX,Harrold,7
MA,Granby,7
MI,Franklin,7
OH,New Holland,7
PA,Winburne,7
OK,Stroud,7
NJ,South Orange,7
NY,Nunda,7
KS,Emporia,7
NY,West Seneca,7
MS,Vardaman,7
NJ,Pequannock,7
CT,Canton,7
TX,Castroville,7
VA,Boston,7
NC,Hookerton,7
KS,Winfield,7
PA,Sandy Lake,7
TX,Wink,7
NY,West Kill,7
TN,Byrdstown,7
WA,Warden,7
PA,Cheyney,7
ND,Baldwin,7
WI,Ellison Bay,7
MD,Colora,7
CO,McClave,7
LA,Krotz Springs,7
NY,Aurora,7
MO,Kingston,7
MT,Acton,7
OH,Bowerston,7
ND,Reeder,7
TX,Bells,7
MN,Acoma,7
TN,Old Fort,7
TN,Flintville,7
KS,Wamego,7
PA,Creekside,7
NY,Sherman,7
TX,Haskell,7
TN,Madisonville,7
CA,Kirkwood,7
VA,Irvington,7
MT,Martinsdale,7
GA,Brooks,7
MD,Cecilton,7
MI,Newaygo,7
MT,Martin City,7
UT,Orangeville,7
PA,Jones Mills,7
ND,Hazelton,7
IA,Forest City,7
ID,Sugar City,7
KS,Erie,7
NY,Conklin,7
VT,Alburgh,7
NE,Ames,7
OH,Glouster,7
NE,Shelton,7
OH,Niles,7
NE,Dix,7
OH,South Bloomfield,7
TX,Thrall,7
AL,Henagar,7
OK,Arcadia,7
TX,Claude,7
WI,Custer,7
AR,Saratoga,7
TX,Menard,7
AL,Shorterville,7
OH,East Liberty,7
CA,Anaheim-Santa Ana-Garden Grove,7
LA,Choudrant,7
WA,Steilacoom,7
NH,Andover,7
AL,Waverly,7
PA,East Millsboro,7
NH,Rumney,7
AR,Caddo Gap,7
WA,Black Diamond,7
OH,Homerville,7
OH,North Bend,7
NC,Crumpler,7
KY,Sebree,7
OH,Byesville,7
PA,Hazle Township,7
VA,Saint Paul,7
WI,Brillion,7
AL,Vina,7
GA,Hiawassee,7
FL,Coral Springs-Margate,7
NH,Lempster,7
LA,Kentwood,7
AZ,Luke Air Force Base,7
NY,Old Bethpage,7
NC,Cape Carteret,7
MI,Dafter,7
TN,Camden,7
KY,Park Hills,7
MI,Tecumseh,7
NH,Ossipee,7
MI,Wolverine,7
MA,Rehoboth,7
IL,Montgomery,7
TX,Saginaw,7
IL,Sycamore,7
DE,Rockland,7
NE,Kennard,7
NY,Chadwicks,7
CO,Walsh,7
TX,Coyanosa,7
TX,Adkins,7
NC,Creswell,7
IL,Fox River Grove,7
OH,Mineral City,7
GA,Culloden,7
GA,Lizella,7
PA,Transfer,7
IN,Newburgh,7
IA,Granville,7
VA,Cullen,7
ND,Amidon,7
UT,Henrieville,7
OH,Sheffield Village,7
WV,Keyser,7
ND,Mcclusky,7
OH,Sterling,7
MN,Storden,7
MN,Lengby,7
GA,Norman Park,7
WI,Newton,7
WI,Durand,7
WI,Merrimac,7
TX,Thorndale,7
AR,Humnoke,7
CA,Trowbridge,7
MD,Ridge,7
VA,Cripple Creek,7
VA,Dante,7
IN,Reynolds,7
MO,Bowling Green,7
IN,Linden,7
NM,Farmington,7
OR,Paulina,7
PA,Force,7
NM,Ohkay Owingeh,7
ID,Midvale,7
AR,Sparkman,7
PA,Hop Bottom,7
MT,Brockton,7
NM,Floyd,7
MT,Wisdom,7
ID,Howe,7
NY,North Java,7
KY,West Paducah,7
IA,Jefferson,7
GA,Whitesburg,7
NY,Richfield Springs,7
OK,Stillwater,7
MO,Eagleville,7
OH,Windsor,7
IL,Rio,7
AL,Skipperville,7
AL,Jacksons Gap,7
OH,Uhrichsville,7
NH,Lee,7
GA,Hoboken,7
KY,Cave City,7
KS,Colby,7
KY,Clarkson,7
IA,Wever,7
MD,Dayton,7
RI,Portsmouth,7
MO,Sarcoxie,7
WA,Freeland,7
AL,Thomasville,7
NJ,Stockton,7
NH,Bath,7
IL,Saint Elmo,7
LA,Eunice,7
LA,Calhoun,7
TN,Cumberland City,7
WI,Cameron,7
NY,Glen Aubrey,7
NH,Henniker,7
IL,Thomasboro,7
WA,Davenport,7
LA,Sunset,7
RI,Woonsocket,7
TX,Winfield,7
IL,Gilman,7
ME,Gardiner,7
KY,De Mossville,7
NJ,Point Pleasant Boro,7
NJ,Long Valley,7
NJ,Bay Head,7
ID,Worley,7
MN,Kiester,7
MS,Shannon,7
PA,Fombell,7
FL,Redington Beach,7
AL,Repton,7
WV,Romney,7
AL,Wagarville,7
NY,Darien Center,7
NY,Morrisville,7
MO,Pineville,7
CO,Maybell,7
NH,Deerfield,7
NH,Errol,7
CO,Rollinsville,7
GA,Sugar Hill,7
GA,Sardis,7
FL,Yankeetown,7
WI,Fort Atkinson,7
TX,Holliday,7
MI,Alger,7
MO,Memphis,7
TX,Quitman,7
GA,Cherry Log,7
UT,Woodruff,7
TX,Campbellton,7
TX,Centerville,7
NM,Cimarron,7
CA,Oneals,7
UT,Rockville,7
MT,Boyes,7
NY,Parksville,7
VA,Huntly,7
WI,Ellsworth,7
MT,Hilger,7
MI,Carp Lake,7
NY,Ancramdale,7
MT,Hungry Horse,7
MT,Ulm,7
AR,Farmington,7
PA,Mill Run,7
VA,Millwood,7
MI,Scottville,7
WI,Orfordville,7
PA,Tipton,7
MO,Winfield,7
VA,Pamplin City,7
WA,Anatone,7
OR,Keizer,7
NM,Chaparral,7
MO,Rocky Comfort,7
MO,Ste Genevieve,7
PA,Fryburg,7
TX,Woodville,7
UT,Cannonville,7
ND,Lakota,7
ND,Milnor,7
AR,Tuckerman,7
WI,Mazomanie,7
NE,Wisner,7
CA,Clipper Mills,7
WY,Cody,7
IN,West Baden Springs,7
IA,Sanborn,7
ID,Arimo,7
AR,Wooster,7
NY,Clarksville,7
TX,Princeton,7
CO,Twin Lakes,7
MI,Frankenmuth,7
NH,Newton,7
FL,Indian Shores,7
MS,Vaiden,7
OK,Marietta,7
TX,Brownsville,7
WA,Clayton,7
ME,Howland,7
PA,Glassport,7
MO,Bethany,7
NH,Litchfield,7
TX,Bellevue,7
MA,Douglas,7
IL,Paw Paw,7
OH,Nashport,7
OH,Somerville,7
MS,Mantachie,7
OK,Lawton,7
IL,Erie,7
PA,Conneaut Lake,7
KY,Wilder,7
MA,Swampscott,7
VT,Townshend,7
SC,Glendale,7
MA,Hampden,7
KY,Waddy,7
IL,Streator,7
VT,Sharon,7
MS,Pickens,7
WA,Walla Walla,7
NY,Maine,7
CA,Richgrove,7
GA,Comer,7
WI,Hartland,7
NJ,Augusta,7
NH,Dublin,7
IA,Swan,7
FL,Cooper City,7
NH,Amherst,7
RI,Harrisville,7
MO,Defiance,7
VT,Newport,7
NH,Hancock,7
CA,Monte Sereno,7
IA,Mechanicsville,7
IA,Rudd,7
MO,Benton,7
OH,Albany,7
SC,Startex,7
NY,Newfane,7
TX,Prosper,7
NY,South Fallsburg,7
RI,Wood River Junction,7
VA,Bandy,7
AL,Cropwell,7
OH,Newcomerstown,7
PA,Milesburg,7
NH,Somersworth,7
FL,Kindred,7
AL,Brilliant,7
TX,Whitewright,7
NC,Woodleaf,7
KS,Spring Hill,7
WA,Acme,7
OH,Guysville,7
TX,Midkiff,7
NJ,Keansburg,7
MI,Pinckney,7
NH,Danbury,7
IA,Pomeroy,7
MO,Marthasville,7
WA,Gig Harbor Peninsula,7
NY,Delhi,7
TX,Rhome,7
IA,Norway,7
OR,Beavercreek,7
PA,Sciota,7
OH,Rome,7
NY,Poland,7
IA,Epworth,7
MA,Dennis,7
NY,Unadilla,7
TX,Joshua,7
NE,Cortland,7
NE,Grand Island,7
MI,Saint Helen,7
WI,Wautoma,7
NJ,Verona,7
MI,Marlette,7
GA,Mc Rae Helena,7
CO,Nederland,7
NC,Stanfield,7
MO,Crystal City,7
FL,Babson Park,7
GA,Ocilla,7
MI,Beulah,7
NY,Wilmington,7
NY,Florida,7
NY,Alder Creek,7
AL,Bryant,7
WI,Juneau,7
LA,Boutte,7
GA,Buena Vista,7
VA,Leon,7
AR,Okolona,7
VA,Woolwine,7
MI,Centreville,7
VA,South Prince George,7
MO,Battlefield,7
NM,Taos,7
NJ,Oceanport,7
ID,Grangeville,7
WV,Hinton,7
CO,Gardner,7
MD,Tall Timbers,7
NY,Pine City,7
WI,Sharon,7
PA,Marion Center,7
AR,Pleasant Plains,7
MO,St James,7
MT,Jordan,7
TX,Clarksville,7
MI,Rudyard,7
TX,Tennessee Colony,7
WI,Ladysmith,7
CO,Beulah,7
TX,Talpa,7
GA,Newington,7
MT,Chester,7
AR,Murfreesboro,7
AZ,Shonto,7
MI,Tustin,7
TX,Hamilton,7
IA,New Sharon,7
MO,Macon,7
TX,Idalou,7
MI,Twining,7
TX,Rising Star,7
ND,Arnegard,7
CA,Mt Hamilton,7
TX,Stinnett,7
CA,Sequoia National Park,7
TX,Breckenridge,7
ID,Lenore,7
MI,Edwardsburg,7
PA,Ludlow,7
NY,Stafford,7
NY,Theresa,7
ND,Colfax,7
KS,Newton,7
TN,Delano,7
MT,Plentywood,7
MN,Clements,7
NC,Harbinger,7
MO,Altamont,7
GA,Oglethorpe,7
ND,Carpio,7
IA,Sheldon,7
IA,Readlyn,7
MT,Sunburst,7
PA,Manor,7
MO,Iberia,7
IA,Grand Junction,7
WY,Greybull,7
WY,Shoshoni,7
IN,Milford,7
SD,Wakpala,7
MI,Essexville,7
IN,Williamsport,7
NJ,Wrightstown,6
AL,Prichard,6
TX,Corrigan,6
AL,Daviston,6
NH,Chester,6
NH,Sandown,6
OH,Alpha,6
TN,Summertown,6
KY,Cecilia,6
SC,Mount Carmel,6
TX,Jersey Village,6
TX,Giddings,6
LA,Cheneyville,6
IL,Wayne City,6
GA,Reidsville,6
FL,Matlacha,6
NH,Bethlehem,6
NH,Jefferson,6
NM,Hatch,6
PA,Port Clinton,6
NJ,Byram Township,6
KY,Owingsville,6
TX,San Benito,6
NY,Bowmansville,6
MA,Oakham,6
NY,Island Park,6
TN,Mcminnville,6
TX,El Campo,6
VT,Whitingham,6
NY,Brightwaters,6
PA,Fishertown,6
MO,Gray Summit,6
NH,Lancaster,6
MI,Sterling,6
MA,Feeding Hills,6
AZ,Pinetop,6
GA,Blue Ridge,6
VT,Swanton,6
IN,Chandler,6
WA,Ocean Shores,6
NJ,Villas,6
NY,Lansing,6
TX,Damon,6
MN,Bock,6
IL,National Stock Yards,6
LA,Independence,6
CT,East Berlin,6
TX,Van,6
NY,Setauket,6
NE,Humboldt,6
PA,Crabtree,6
NH,New Boston,6
IA,Toledo,6
MN,Minneota,6
KS,Haysville,6
WA,East Wenatchee,6
OH,Oakwood,6
WI,Solon Springs,6
OH,Kensington,6
IA,Leighton,6
IA,Ashton,6
GA,Portal,6
TN,Dresden,6
IN,Fountaintown,6
WI,Fall Creek,6
KY,Louisville South,6
WV,Washington,6
VA,Fort Blackmore,6
WV,Cairo,6
AR,Hatfield,6
PA,Pleasant Unity,6
MI,Mackinaw City,6
OH,Manchester,6
IN,Cedar Lake,6
WA,Riverside,6
WV,Mt Lookout,6
OH,Senecaville,6
AR,Stephens,6
AR,Jessieville,6
IN,Jonesboro,6
OH,Vincent,6
WV,Buckhannon,6
PA,Springs,6
MI,Marcellus,6
WV,Littleton,6
PA,Dawson,6
PA,Jacobus,6
CA,Stewarts Point,6
MN,Waltham,6
TX,Cresson,6
CO,Eckley,6
IN,Roachdale,6
WV,Kingwood,6
VA,Tyro,6
NM,Chimayo,6
NY,Canisteo,6
CA,Vinton,6
NM,Embudo,6
AR,Helena,6
OH,Oak Hill,6
CA,South El Dorado,6
GA,Keysville,6
AR,Carthage,6
IN,Liberty,6
AR,Wilmot,6
VA,Chincoteague,6
PA,Woolrich,6
AR,Portia,6
VA,Greenbush,6
NE,Shelby,6
TX,Floydada,6
WV,Wardensville,6
VA,Crockett,6
MT,Saint Xavier,6
AL,Hackleburg,6
MI,Hope,6
NC,Alexis,6
UT,Newcastle,6
MT,Coram,6
PA,Jefferson,6
IN,Glenwood,6
KS,Riverton,6
WA,Soap Lake,6
NC,Sunset Beach,6
NJ,Lanoka Harbor,6
NC,Swanquarter,6
OH,Berkey,6
WI,Eleva,6
SD,Keystone,6
LA,Albany,6
TX,Abbott,6
WA,Bainbridge Island,6
MA,East Longmeadow,6
TX,Rio Grande City,6
GA,East Ellijay,6
LA,Frierson,6
NM,Belen,6
NY,Ferndale,6
TN,Rossville,6
AL,Childersburg,6
IL,Hartsburg,6
TN,Ten Mile,6
RI,Coventry,6
MA,Marion,6
WI,Irma,6
AL,Grove Hill,6
IL,Toledo,6
NH,Hampton Falls,6
TN,Greenback,6
NY,Stittville,6
IL,Carbondale,6
IL,La Grange Highlands,6
AL,Randolph,6
MA,Warren,6
IL,Indian Head Park,6
MA,West Townsend,6
TX,Lytle,6
NJ,Wood-Ridge,6
OH,Gibsonburg,6
IL,Buncombe,6
ME,Lincoln,6
IN,Dugger,6
MO,Wildwood,6
IA,Hanlontown,6
MA,Bernardston,6
AL,Chickasaw,6
MS,Chunky,6
AL,Geraldine,6
OH,Londonderry,6
OH,Tiffin,6
LA,Springhill,6
NY,Clarence,6
AL,Phil Campbell,6
FL,Royal Palm Beach-West Jupiter,6
MS,Raymond,6
GA,Musella,6
NY,Locust Valley,6
NY,High Falls,6
NE,Louisville,6
TN,New Market,6
NH,Wolfeboro,6
IA,Maxwell,6
AR,Gillett,6
NC,Archdale,6
PA,Terre Hill,6
MI,Montague,6
AL,Carrollton,6
SC,Sheldon,6
PA,Valencia,6
PA,Andreas,6
MI,Bruce Twp,6
IA,Winfield,6
NJ,Whiting,6
IL,Flossmoor,6
TN,Walland,6
AL,Goodwater,6
VA,King and Queen Court House,6
PA,Karns City,6
GA,Fort Oglethorpe,6
OK,Braman,6
NM,Alamogordo,6
MI,Charlevoix,6
AR,Viola,6
IN,Poland,6
PA,Koppel,6
PA,Sheppton,6
CT,Northford,6
FL,Anna Maria,6
MD,Welcome,6
TX,Bloomburg,6
MT,Brady,6
AR,Dennard,6
GA,Mt Vernon,6
MI,Galien,6
VA,Criders,6
CA,Mccloud,6
MN,Hartland,6
NC,Mt Pleasant,6
PA,Lopez,6
TX,Plains,6
ID,Victor,6
IA,Shenandoah,6
KS,Englewood,6
GA,Woodland,6
AR,Weiner,6
NY,Neversink,6
FL,Cocoa-Rockledge,6
CA,Big Oak Flat,6
ND,Hurdsfield,6
MN,Lucan,6
MD,Quantico,6
IA,Wellsburg,6
DC,Temple Hills,6
MD,Oldtown,6
AR,Oil Trough,6
IA,Albert City,6
NY,Childwold,6
CA,Yosemite National Park,6
KS,Neosho Rapids,6
IA,Hartley,6
GA,Newborn,6
NY,Huguenot,6
NY,Fort Johnson,6
NJ,Gladstone,6
VA,Seaford,6
PA,Intercourse,6
NE,Weeping Water,6
KS,Buffalo,6
MS,Red Banks,6
OH,Yellow Springs,6
AL,Russellville,6
OH,Rittman,6
OH,Ohio City,6
NY,Quogue,6
PA,Shunk,6
CT,Bridgewater,6
WI,Randolph,6
AL,Valley Grande,6
NH,Colebrook,6
IA,Princeton,6
OH,Mineral Ridge,6
IL,Emden,6
MA,Dunstable,6
AL,Newbern,6
AL,Peterman,6
IA,Nora Springs,6
NY,Wheatley Heights,6
NH,Gilmanton,6
OH,Leavittsburg,6
NY,Centerport,6
NY,Sandy Creek,6
PA,Smicksburg,6
IA,Swaledale,6
OH,Forest,6
TX,Fresno,6
NY,Port Ewen,6
NC,Star,6
TN,Washburn,6
MD,District 12 Oxon Hill,6
MN,Boyd,6
NC,Cerro Gordo,6
GA,Rabun Gap,6
AL,Kellyton,6
MD,Hydes,6
TN,Toone,6
FL,Ocean Ridge,6
NY,Morrisonville,6
MO,Tuscumbia,6
TN,Cedar Grove,6
WI,Hertel,6
NC,Barnardsville,6
GA,Young Harris,6
MI,Britton,6
AR,Wabbaseka,6
AZ,Aguila,6
AR,Oden,6
CO,Peetz,6
IN,Vallonia,6
IN,Wadesville,6
TX,Petrolia,6
NY,Gouverneur,6
MO,Cabool,6
PA,Wellersburg,6
IN,Chrisney,6
NC,Deep Gap,6
IN,Owensville,6
IN,St Meinrad,6
NE,Bennet,6
OH,Ney,6
AR,Magazine,6
CA,San Lucas,6
FL,Felda,6
TN,Luttrell,6
KS,Benedict,6
MT,Bearcreek,6
MD,Secretary,6
MD,Port Tobacco,6
MT,Kremlin,6
CT,Woodstock Valley,6
PA,Ardara,6
PA,Friendsville,6
AR,Ola,6
ID,Orofino,6
IA,Olin,6
IN,Kingman,6
PA,New Eagle,6
ID,Craigmont,6
PA,Wind Ridge,6
NY,East Durham,6
SD,Platte,6
OK,Ryan,6
WI,Hilbert,6
OH,Raymond,6
TN,Evensville,6
GA,Ty Ty,6
NE,Chappell,6
RI,Bristol,6
AZ,Red Rock,6
AL,Wadley,6
ME,Clinton,6
OK,Talala,6
OK,Mulhall,6
AL,Sardis,6
OH,Portsmouth,6
KY,Burna,6
GA,Matthews,6
OH,Woodville,6
NE,Alda,6
KY,Cold Spring,6
TX,Henderson,6
FL,Captiva,6
SC,Sullivans Island,6
WI,Hatley,6
MI,Gobles,6
PA,Elmhurst Township,6
MO,Saint Robert,6
TX,Buffalo,6
KY,Gilbertsville,6
OH,Lodi,6
MA,Chatham,6
OH,New Vienna,6
AL,Sheffield,6
AL,Deer Park,6
PA,Fort Hill,6
WA,Rosalia,6
PA,Ramey,6
MD,Rock Hall,6
WI,Black Earth,6
NH,Stoddard,6
TX,Raymondville,6
AL,Emelle,6
OH,Frankfort,6
TX,Howe,6
IL,Livingston,6
TX,Burkburnett,6
IA,Belmond,6
IL,Hanna City,6
NC,Bahama,6
MA,Harwich Port,6
IA,Central City,6
WI,Random Lake,6
TN,Sewanee,6
PA,Spring Brook Township,6
PA,Mt Wolf,6
IL,Tilton,6
TN,Vonore,6
TX,Amherst,6
OK,Henryetta,6
MI,Pentwater,6
PA,Rural Valley,6
IN,Russiaville,6
NJ,Plainsboro,6
WA,Reardan,6
ID,Naples,6
NJ,Clayton,6
IA,Winterset,6
NY,Stamford,6
WA,Seaview,6
OH,New Matamoras,6
OH,Lowell,6
NC,Murfreesboro,6
NY,Schenevus,6
FL,Placida,6
PA,Jamison,6
NM,Los Lunas,6
MN,Breckenridge,6
WI,Greenleaf,6
NY,Alfred Station,6
AL,Five Points,6
NE,Beatrice,6
GA,Aragon,6
CA,Meadow Valley,6
WI,Thorp,6
IA,Calamus,6
PA,Salix,6
IA,Hospers,6
NY,Comstock,6
ID,Plummer,6
AL,Pine Hill,6
PA,Zionsville,6
MO,Camdenton,6
NC,Nags Head,6
MO,Pilot Grove,6
PA,Buffalo Mills,6
NY,Kendall,6
TX,Smithville,6
MO,Eldon,6
WI,Whitehall,6
NE,Wahoo,6
VT,Williamstown,6
PA,Gilberton,6
NY,Little Valley,6
GA,Waleska,6
GA,Pavo,6
AL,Flomaton,6
MI,Negaunee,6
FL,Palm Beach,6
UT,Antimony,6
WY,Jackson,6
OK,Nichols Hills,6
NC,Township 12 Paw Creek,6
IA,Alden,6
TX,Runge,6
GA,Marblehill,6
WV,Lesage,6
NY,Wainscott,6
WV,Worthington,6
CO,Mosca,6
MD,Faulkner,6
IN,Orland,6
ND,Keene,6
ND,Wing,6
NM,Jamestown,6
GA,Centerville,6
OH,Jefferson,6
NY,Upton,6
MN,Upsala,6
TN,Moss,6
AR,Almyra,6
WV,Mount Lookout,6
AR,Wesley,6
AR,Pangburn,6
WV,New Creek,6
WV,Huttonsville,6
MD,Glenarden,6
NC,Gerton,6
NC,Leasburg,6
NY,Clymer,6
MT,Edgar,6
ID,Juliaetta,6
VA,Crozier,6
MD,Pomfret,6
AR,Black Oak,6
SD,Parkston,6
MO,New Haven,6
WV,Osage,6
TX,Hemphill,6
NY,Thornwood,6
MN,Calumet,6
AR,McCrory,6
PA,Shippingport,6
MS,Gloster,6
MD,BWI Airport,6
TX,Chillicothe,6
VA,Atlantic,6
IN,Deputy,6
LA,Stonewall,6
WV,Farmington,6
AR,Bee Branch,6
IA,Sabula,6
NY,Wellsville,6
WV,Holden,6
ID,Mackay,6
TX,Archer City,6
CA,Canyondam,6
GA,Rochelle,6
WV,Augusta,6
NJ,Laurel Springs,6
KS,Arlington,6
TX,Weimar,6
NM,Dexter,6
ND,Cooperstown,6
VA,Mc Dowell,6
NY,Edmeston,6
IN,Patoka,6
AR,Center Ridge,6
NE,Spencer,6
MO,Vienna,6
NM,Ranchos de Taos,6
IN,Rossville,6
MI,Sears,6
ND,Verona,6
AR,Cleveland,6
ND,Kenmare,6
NC,Eastover,6
IA,Lansing,6
NY,Perry,6
IA,Remsen,6
IN,Wawaka,6
KS,Valley Center,6
IA,Amana,6
MI,Jerome,6
IA,Mount Ayr,6
VT,North Hartland,6
NJ,Port Monmouth,5
VT,South Royalton,5
TX,Inez,5
OH,Ripley,5
TX,Shamrock,5
OK,Pauls Valley,5
OK,Cleveland,5
OH,Zanesfield,5
NJ,Kinnelon,5
MA,Hopedale,5
KY,Union,5
IN,Bristow,5
PA,California,5
IL,Mounds,5
NJ,Caldwell,5
KY,California,5
TN,Bluff City,5
WI,Cedar Grove,5
MD,Stevenson,5
AL,Safford,5
MO,Matthews,5
WI,Marathon,5
MA,Maynard,5
MO,New London,5
OH,Beloit,5
CO,Castle Pines,5
ME,Topsham,5
CT,Sterling,5
VA,Barren Springs,5
MI,Frederic,5
PA,Penllyn,5
NH,Center Harbor,5
MA,Leicester,5
MD,Sandy Spring,5
FL,Lake Park,5
GA,Hull,5
FL,Pahokee,5
MA,North Easton,5
NJ,North Arlington,5
MA,Mendon,5
GA,Mc Intyre,5
CO,Northeast Jefferson,5
WI,Rice Lake,5
NJ,Princeton Junction,5
PA,Clarksville,5
TX,Spring Branch,5
AL,Malvern,5
TN,Covington,5
NE,Scottsbluff,5
IN,Highland,5
NY,Margaretville,5
MO,Leasburg,5
VA,Kents Store,5
MI,Sturgis,5
IN,Ladoga,5
NE,Mead,5
GA,Axson,5
IA,Aurelia,5
PA,Harwick,5
KS,Ottawa,5
VA,Assawoman,5
AR,Havana,5
CO,Alma,5
ND,Portal,5
KY,Bardwell,5
MI,Cadillac,5
ND,Norwich,5
MI,Harrisville,5
KY,Ekron,5
ID,Viola,5
WI,Granton,5
PA,Pipersville,5
TX,Hawley,5
ND,Strasburg,5
WA,Waitsburg,5
AR,Scranton,5
NY,Cohocton,5
KY,Owenton,5
OH,New Weston,5
MO,Essex,5
LA,Lockport,5
FL,Long Key,5
KY,Lancaster,5
GA,Dillard,5
NC,Mayodan,5
CA,Grimes,5
TN,Rickman,5
WI,Turtle Lake,5
NC,Ernul,5
GA,Tate,5
NC,South Mills,5
WV,Aurora,5
NM,Portales,5
CO,Simla,5
NE,Rising City,5
NM,Tierra Amarilla,5
IA,Washington,5
WY,Belle Fourche,5
PA,Heilwood,5
NY,Haines Falls,5
KS,Silver Lake,5
ND,Surrey,5
VA,Big Rock,5
MI,Ishpeming,5
VA,Mitchells,5
PA,Scott Township,5
VA,Somerset,5
NC,Mc Grady,5
MS,Leland,5
NH,Shelburne,5
KS,Phillipsburg,5
VT,Bethel,5
LA,District F,5
CA,Alleghany,5
KY,Salvisa,5
TX,Sterling City,5
MA,Sherborn,5
OH,Deerfield,5
KY,Clinton,5
OH,Toronto,5
VT,Londonderry,5
KY,Smithfield,5
KY,Ghent,5
IA,Harlan,5
TN,Alamo,5
KY,Highland Heights,5
GA,Irwinton,5
RI,West Kingston,5
KS,Peck,5
NY,Franklin,5
FL,Lake Suzy,5
MS,Rienzi,5
WI,Brooklyn,5
TN,Clifton,5
LA,Arabi,5
NY,Piermont,5
CA,Hyampom,5
AL,Jacksonville,5
OH,Winchester,5
MD,District 18 Seat Pleasant,5
TX,Loraine,5
VA,Brightwood,5
MO,Princeton,5
WA,Pateros,5
TX,Crossroads,5
FL,Salem,5
TN,Lobelville,5
MN,Waldorf,5
MO,Tipton,5
WI,Waldo,5
NE,South Sioux City,5
WA,Elk,5
MO,Weldon Spring,5
IA,Winthrop,5
WI,Lena,5
NM,Derry,5
WI,Antigo,5
MI,Elwell,5
IA,Nemaha,5
MO,Nixa,5
MN,Gully,5
NH,Center Ossipee,5
IL,Carpentersville,5
MS,Lawrence,5
SC,Shaw Afb,5
AL,Sweet Water,5
CA,Sheep Ranch,5
OH,Trenton,5
GA,Wadley,5
MO,Greenwood,5
NY,Speonk,5
AL,Millport,5
TN,Palmyra,5
MO,Ellisville,5
WA,North Whidbey Island,5
IA,Bernard,5
WY,Cokeville,5
NJ,Township Of Washington,5
MO,Martinsburg,5
IA,Gowrie,5
MO,Amazonia,5
MO,Anderson,5
WY,Lander,5
TX,Early,5
OH,Scott,5
WV,Rainelle,5
IA,Wheatland,5
MN,Darfur,5
GA,Mitchell,5
ND,Page,5
AR,Ravenden,5
AL,Dawson,5
NY,Wellsburg,5
WV,Reedy,5
SD,Beresford,5
AR,Hector,5
WV,Thornton,5
NC,Lake Junaluska,5
IA,Montour,5
NE,Bridgeport,5
ND,Sawyer,5
MI,Vanderbilt,5
ND,Petersburg,5
SD,Deadwood,5
MD,Fruitland,5
OR,Crawfordsville,5
NE,Bayard,5
MT,Brockway,5
VA,St Stephens Church,5
PA,New Philadelphia,5
NE,Neligh,5
CA,Amador City,5
PA,Cassville,5
MO,Goodman,5
NY,Dryden,5
ID,Middleton,5
IA,Hudson,5
AR,Parkdale,5
NM,Bloomfield,5
IA,Marquette,5
IL,New Haven,5
NC,Salvo,5
NE,Humphrey,5
CA,Ono,5
ND,Leonard,5
MO,Perry,5
NY,Constableville,5
IA,Bussey,5
IA,Mc Gregor,5
MS,Union Church,5
NY,Colton,5
ME,Dayton,5
ME,Ogunquit,5
NJ,Dorchester,5
MS,Walls,5
OH,Portage,5
AL,Anderson,5
LA,Natchitoches,5
OH,Petersburg,5
NY,Mt Sinai,5
OK,Beggs,5
FL,Arcadia West,5
WA,Rock Island,5
VA,Ebony,5
IL,Marquette Heights,5
AL,Beatrice,5
OH,Mc Arthur,5
IA,Harpers Ferry,5
TX,Albany,5
WI,Marion,5
OH,Shiloh,5
NY,Clintondale,5
NM,Estancia,5
OR,Midland,5
AL,Louisville,5
WI,Monroe,5
PA,Darragh,5
IA,West Burlington,5
AL,Uniontown,5
WA,Benton City,5
IA,Postville,5
VT,Saint Johnsbury,5
NY,Hurley,5
VA,Bermuda,5
AR,Bassett,5
PA,Hookstown,5
MA,Great Barrington,5
WI,Cobb,5
NJ,Seaside Park,5
IN,Akron,5
OH,Waynesburg,5
TX,Nixon,5
NY,New Berlin,5
NJ,Kenvil,5
GA,Roopville,5
NJ,Harrington Park,5
TX,Memphis,5
PA,West Salisbury,5
ND,Grafton,5
TX,Oakhurst,5
IN,Van Buren,5
NJ,Lindenwold,5
MN,Comfrey,5
OR,Tolovana Park,5
WV,Elizabeth,5
WA,Tonasket,5
CA,Mi-Wuk Village,5
PA,Clarks Mills,5
WV,Mannington,5
TX,De Leon,5
NC,Camp Lejeune,5
KY,Maceo,5
WV,Franklin,5
WV,Gandeeville,5
MN,Gonvick,5
TX,Canadian,5
NY,Acra,5
CO,Telluride,5
PA,Coolspring,5
AR,De Queen,5
OH,Hopewell,5
MT,Lindsay,5
WI,Superior city,5
MO,Dudley,5
IA,West Point,5
NY,Cuddebackville,5
TN,Palmer,5
NY,Broad Channel,5
PA,Upper Black Eddy,5
IA,Schaller,5
WV,Ronceverte,5
CA,Cudahy,5
MT,Fishtail,5
ND,Gackle,5
MT,De Borgia,5
ND,Braddock,5
VA,Pittsville,5
WV,Glen Morgan,5
NY,Verona Beach,5
ND,Alamo,5
CT,Cobalt,5
CT,Milldale,5
PA,Vanderbilt,5
AR,Kirby,5
MO,Knob Noster,5
AR,Maysville,5
KS,Saint Marys,5
ME,Farmingdale,5
TX,Jacksonville,5
PA,Anita,5
TN,Grandview,5
PA,Lakewood,5
IL,Freeport,5
NH,Center Sandwich,5
OH,North Bloomfield,5
OK,Hydro,5
MO,Oak Ridge,5
TX,Barksdale,5
NC,Glade Valley,5
TX,Denison,5
OH,East Palestine,5
OH,Wilkesville,5
OH,New Lexington,5
PA,Industry,5
MO,Ashland,5
PA,East Brady,5
KY,Central City,5
IL,Franklin Grove,5
TX,Sheppard AFB,5
OH,Mt Orab,5
PA,Leck Kill,5
NH,Temple,5
IL,Cave-in-Rock,5
IA,Earling,5
WA,Fircrest,5
NJ,Mountain Lakes,5
OH,Bloomingdale,5
ME,Old Town,5
MN,Cedar,5
TX,Montalba,5
OK,Weleetka,5
WA,Burien,5
IL,Moro,5
TX,Hondo,5
PA,Ralston,5
MI,Kinross,5
PA,Home,5
OH,Sugar Grove,5
MO,Pattonsburg,5
NJ,Neshanic Station,5
WI,Eland,5
OH,Strasburg,5
OH,Howard,5
MN,Lewisville,5
PA,Yukon,5
IL,Chillicothe,5
NC,St. Marys,5
WA,Packwood,5
WI,Tigerton,5
OK,Skiatook,5
OH,Seaman,5
KY,West Point,5
IN,Waterloo,5
OH,Orwell,5
NH,Troy,5
IN,Atlanta,5
KY,Calvert City,5
NH,Alexandria,5
FL,Kinard,5
MA,Winchendon,5
OH,Lakeview,5
OH,Salesville,5
IA,New London,5
MN,Bethel,5
MI,Grawn,5
OH,Camp Dennison,5
MD,Bel Alton,5
IA,Farley,5
WA,Humptulips,5
IA,Massena,5
NJ,Closter,5
NH,Hinsdale,5
PA,South Abington Township,5
NC,Landis,5
IL,Johnston City,5
IA,Manson,5
TX,Killeen,5
MI,East Tawas,5
NY,Elizabethtown,5
TX,Mabank,5
WI,Curtiss,5
MN,Trail,5
WI,Hales Corners,5
NY,Granite Springs,5
NM,Encino,5
NJ,Spring Lake,5
KY,Danville,5
IA,Fort Madison,5
MS,Pontotoc,5
IL,Hartford,5
OH,Rawson,5
IN,New Paris,5
WI,New Franken,5
OH,Spencer,5
CO,Matheson,5
AL,Frisco City,5
IA,Salem,5
NY,Southold,5
WA,Toutle,5
IA,Keystone,5
TX,Mckinney,5
MI,Coleman,5
NY,Cochecton,5
WI,Peshtigo,5
CT,Weston,5
NE,Pickrell,5
TN,Elmwood,5
NJ,Dumont,5
NY,Chaffee,5
AZ,Claypool,5
MA,East Freetown,5
SC,Daniel Island,5
WI,Bristol,5
OK,Inola,5
IA,Colo,5
UT,Oakley,5
NY,Glen Cove,5
TX,Liverpool,5
WA,Cashmere,5
KY,Beattyville,5
IA,Decorah,5
TX,Channing,5
OH,West Milton,5
PA,Alverton,5
WI,Green Lake,5
OR,Elmira,5
NC,Conway,5
SC,Isle Of Palms,5
MN,Marine on Saint Croix,5
UT,Ivins,5
IN,Oaktown,5
WI,Friendship,5
FL,Mexico Beach,5
IN,Arlington,5
NJ,Corbin City,5
NY,East Williston,5
VA,Jewell Ridge,5
WI,Grand View,5
AL,Bear Creek,5
NY,Bolivar,5
TN,Tullahoma,5
NY,Berne,5
TX,Brenham,5
TX,Leonard,5
FL,Holmes Beach,5
NE,Hampton,5
WA,Mica,5
MS,Myrtle,5
IA,Eagle Grove,5
MN,Essig,5
IA,Hazleton,5
VA,Cleveland,5
MI,Freeland,5
MI,Fremont,5
MN,Donnelly,5
MI,Merrill,5
MI,Chesterfield,5
AR,Parkin,5
NE,Eagle,5
CT,Washington,5
ID,Buhl,5
TX,Chilton,5
MO,Cape Fair,5
NJ,Mount Tabor,5
MS,Utica,5
TX,Springlake,5
ID,Blanchard,5
WV,Salt Rock,5
ND,Parshall,5
WV,Duck,5
UT,Bryce Canyon City,5
MO,Mt Vernon,5
NE,Angora,5
SC,Longcreek,5
KS,St Marys,5
FL,Earleton,5
WI,Wausaukee,5
CA,Lake Sherwood,5
TX,Whitehouse,5
IL,Millstadt,5
IA,Eldon,5
CA,Travis Air Force Base,5
CT,Bethlehem,5
WV,Waverly,5
ND,Voltaire,5
TX,Zephyr,5
MN,Gatzke,5
ND,Powers Lake,5
MT,Colstrip,5
MT,Bainville,5
ND,Kindred,5
WV,Riverton,5
TX,Langtry,5
WI,Ashland,5
NE,West Point,5
MN,Holdingford,5
GA,Uvalda,5
MT,Ashland,5
MT,Olive,5
VA,Reva,5
AR,Prairie Grove,5
IL,Shabbona,5
ND,Fairfield,5
WI,Cedarburg,5
TN,South Fulton,5
MT,Geraldine,5
TX,Galena Park,5
WI,Brule,5
MI,Manchester,5
GA,Jacksonville,5
UT,Elsinore,5
GA,Byromville,5
KY,Pineville,5
PA,Shawville,5
PA,East Springfield,5
UT,Circleville,5
IA,Rose Hill,5
AR,Mansfield,5
KY,Monticello,5
TX,Sweeny,5
PA,West Hazleton,5
NY,Loch Sheldrake,5
ND,Rugby,5
VA,Rockbridge Baths,5
NM,Tatum,5
PA,Foxburg,5
AR,Altus,5
PA,Yardley,5
KY,Marion,5
KS,Maize,5
ND,Montpelier,5
ND,Niagara,5
MI,Menominee,5
ID,Cambridge,5
KY,Worthville,5
KS,Fort Scott,5
AZ,Dennehotso,5
KY,Bardstown,5
VA,Shipman,5
KS,Lebo,5
NE,Plymouth,5
MO,Forsyth,5
IA,Armstrong,5
IN,Holton,5
IA,Hampton,5
MO,Syracuse,5
KS,Arcadia,5
NE,Crete,5
IA,Afton,5
NY,East Meredith,5
ND,Crary,5
ID,Carey,5
ND,Kulm,5
PA,South Gibson,5
NC,Horse Shoe,5
MT,Proctor,5
WV,Little Birch,5
LA,Princeton,5
NY,South Wales,5
AL,Whatley,5
KY,Campbellsville,5
AR,Swifton,5
IN,Decker,5
AR,Pencil Bluff,5
GA,Bristol,5
MN,Lake Benton,5
AL,Lineville,5
IL,Bonfield,4
IA,Hopkinton,4
MA,Medfield,4
MA,Scituate,4
AL,Rainbow City,4
CA,Hood,4
PA,Bear Lake,4
IL,Hebron,4
IL,Hudson,4
TX,Gladewater,4
OK,Okmulgee,4
CO,Yoder,4
IL,Ullin,4
OH,St Marys,4
NC,Green Mountain,4
OH,Trotwood,4
AL,Pisgah,4
WA,Vader,4
AL,Faunsdale,4
OH,Weston,4
GA,Mineral Bluff,4
OH,Saint Louisville,4
NE,Clarkson,4
TN,Somerville,4
OH,Georgetown,4
MA,Holden,4
TN,Mooresburg,4
TX,Gilmer,4
OH,Nevada,4
MA,Clinton,4
DC,Naval Anacost Annex,4
KY,Butler,4
AL,Morris,4
NY,Bloomville,4
CT,West Simsbury,4
PA,Antrim,4
NY,Saint Johnsville,4
IA,Guttenberg,4
IN,Middletown,4
NY,Canandaigua,4
IL,Virden,4
TN,Drummonds,4
IA,Farmersburg,4
WI,Mellen,4
NV,Lamoille,4
WA,Ford,4
NY,Gowanda,4
TN,Leoma,4
LA,Tickfaw,4
NE,Union,4
WI,Norwalk,4
PA,Cecil,4
NH,Brookline,4
LA,Cut Off,4
TX,Winnsboro,4
WA,Mccleary,4
KY,Sturgis,4
NC,Otto,4
KS,Goddard,4
IL,Davis Junction,4
NE,Jackson,4
NY,Williamson,4
OH,Fairlawn,4
MI,Breckenridge,4
GA,Rocky Face,4
NY,Greenfield Park,4
CT,Gaylordsville,4
TN,Tallassee,4
WI,Jefferson,4
GA,Broxton,4
NY,Basom,4
MI,Benzonia,4
CO,Black Forest-Peyton,4
NH,Chocorua,4
IA,Agency,4
WV,Terra Alta,4
TX,McLean,4
MI,Lake,4
AR,Sherrill,4
MI,Morley,4
NV,Paradise Valley,4
TN,Mt Pleasant,4
KS,Hutchinson,4
IN,Farmersburg,4
IL,Walworth,4
IN,Bluffton,4
MS,Dundee,4
KS,Allen,4
IN,Eckerty,4
WA,Amanda Park,4
IN,Upland,4
NC,Semora,4
MI,Gladstone,4
KS,Garnett,4
WY,Parkman,4
WV,Mount Storm,4
VA,Meadows Of Dan,4
MT,Radersburg,4
OH,Aberdeen,4
TX,La Pryor,4
SD,Wall,4
KS,McPherson,4
IN,Thayer,4
MO,Burlington Junction,4
WV,Le Roy,4
TX,Sheppard Afb,4
ID,Hagerman,4
MI,Vandalia,4
TN,Pall Mall,4
GA,Morganton,4
MN,Mizpah,4
TX,Muenster,4
MO,Williamstown,4
NJ,Mt Tabor,4
NE,Adams,4
TN,Belvidere,4
GA,Martin,4
CA,Coloma,4
VA,Piankatank,4
ID,Melba,4
ND,Moffit,4
WI,Lancaster,4
TX,Madisonville,4
ND,Hannaford,4
TN,Trimble,4
MT,Ingomar,4
CA,El Macero,4
IN,Solsberry,4
NE,Wayne,4
WV,Winifrede,4
ND,Ashley,4
WV,Grassy Meadows,4
MO,Highlandville,4
NM,Newkirk,4
NE,Wilber,4
IA,Radcliffe,4
NJ,Mine Hill,4
IN,Avoca,4
VA,Laneview,4
VA,Newsoms,4
KY,Pembroke,4
MT,Musselshell,4
MO,Licking,4
GA,Surrency,4
WA,Plymouth,4
ID,Kamiah,4
TN,Lancing,4
MI,Grant,4
AL,Thomaston,4
NJ,Bradley Beach,4
IA,Orchard,4
NY,Leeds,4
IA,Saint Ansgar,4
KY,Glencoe,4
NE,Brainard,4
MO,Stanberry,4
NY,Davenport Center,4
MO,California,4
MS,Satartia,4
NE,Craig,4
GA,Arlington,4
NE,Unadilla,4
CA,East Shasta,4
WI,Arkdale,4
WI,Brodhead,4
MI,Augusta,4
CO,Ophir,4
TX,Saltillo,4
NY,Holland,4
WI,Leopolis,4
IN,Danville,4
TX,Roosevelt,4
TX,Bruceville,4
OH,Mendon,4
OH,Lewistown,4
IA,Rhodes,4
WA,Centerville,4
IL,Poplar Grove,4
LA,Larose,4
PA,Lemont Furnace,4
GA,Wrens,4
TN,Henning,4
TN,Westport,4
KS,Wilson,4
NH,Gilmanton Iron Works,4
VA,Laurel Fork,4
MA,Upton,4
OH,Pleasant City,4
AL,Alpine,4
IA,Merrill,4
MI,Lachine,4
IL,Roxana,4
IA,Crawfordsville,4
OH,Lithopolis,4
MA,Sagamore Beach,4
KS,Paola,4
NY,Boiceville,4
ME,Hallowell,4
IL,East Carondelet,4
ME,Palmyra,4
WI,Abrams,4
TX,Harper,4
NH,Nottingham,4
CA,Kensington,4
MA,Athol,4
LA,Church Point,4
NH,Marlow,4
FL,Redington Shores,4
WA,Silverlake,4
OH,Mount Victory,4
OK,Glenpool,4
NY,East Rockaway,4
AL,Shelby,4
PA,New Hope,4
FL,East Marion,4
VT,Lyndonville,4
WI,Viroqua,4
OH,Shaker Heights,4
ME,Woolwich,4
WA,Kenmore,4
IL,Geff,4
NH,Claremont,4
TX,Corinth,4
CA,East Rancho Dominguez,4
TN,Beersheba Springs,4
WA,Snoqualmie Pass,4
WI,Rosholt,4
AZ,Alpine,4
MN,Culver,4
PA,Wernersville,4
NJ,Leesburg,4
GA,Attapulgus,4
ME,Smyrna Mills,4
MO,Foley,4
NM,Bluewater,4
IA,Martelle,4
NY,Prattsville,4
IL,Hillsboro,4
NY,Falconer,4
MD,Georgetown,4
NJ,Park Ridge,4
NY,Oxford,4
TN,Linden,4
IA,Lawton,4
GA,Clermont,4
ME,Houlton,4
MD,Wittman,4
KY,Louisville Airport,4
MD,Rohrersville,4
NC,Purlear,4
FL,Valparaiso,4
CT,Rockfall,4
NY,Washingtonville,4
TX,Elm Mott,4
WA,Port Hadlock,4
TX,Whitesboro,4
MI,Chesaning,4
MN,Stanchfield,4
WI,Stoddard,4
IA,Jolley,4
MO,Clayton,4
MS,Pope,4
IN,Keystone,4
IA,Hubbard,4
WV,Cameron,4
MO,Pomona,4
WV,Maidsville,4
IL,St Jacob,4
KY,Livingston,4
PA,Pleasant Mount,4
CA,Fields Landing,4
MO,Maryville,4
NY,Cayuta,4
NE,Peru,4
UT,Spring City,4
MD,Fishing Creek,4
MS,Flora,4
MI,Manistique,4
NY,King Ferry,4
FL,Boca Ciega,4
MI,Hersey,4
MN,Hendricks,4
AR,Lepanto,4
PA,Monroe,4
PA,Lake City,4
CT,Wauregan,4
TN,Gleason,4
TX,San Saba,4
TX,Bogata,4
AR,Oark,4
CO,Redvale,4
PA,Cowansville,4
NY,Altmar,4
PA,Limestone,4
TX,New Waverly,4
PA,Harveys Lake,4
AR,Romance,4
PA,Armbrust,4
MD,St Michaels,4
AR,Griffithville,4
TX,Perryton,4
TX,Gruver,4
IA,State Center,4
AR,Compton,4
ID,Council,4
WV,Shenandoah Junction,4
TX,Mart,4
DE,Bethel,4
WI,Rubicon,4
IL,East Alton,4
PA,Lanse,4
PA,Hegins,4
GA,Nahunta,4
FL,Highland City,4
MT,Fort Harrison,4
AR,Bradley,4
PA,Beach Lake,4
MN,Dovray,4
TX,West Columbia,4
NH,Chatham,4
KY,Germantown,4
CA,Sierra Madre,4
ND,Martin,4
NC,Macon,4
IA,Lakota,4
VA,Red House,4
MI,Nashville,4
TN,Lynnville,4
MI,Ironwood,4
WA,Mesa,4
ID,Rupert,4
MN,Two Harbors,4
NY,Meridale,4
WV,Elk Garden,4
ND,Stirum,4
IA,Rockwell,4
MS,Union,4
TX,Bivins,4
ID,Murtaugh,4
WA,Northport,4
MD,Saint Leonard,4
IA,Estherville,4
GA,Morgan,4
IN,Fairbanks,4
MS,Tishomingo,4
NM,Dixon,4
MI,Richland,4
AR,Solgohachia,4
MI,Kewadin,4
ID,May,4
IA,Sioux Rapids,4
TX,Grapeland,4
NE,Roca,4
NY,Wolcott,4
PA,Hawthorn,4
OH,Kenton,4
NH,Albany,4
CA,Beaumont,4
NJ,Hopatcong,4
IN,Markle,4
AL,Forkland,4
VT,Randolph Center,4
LA,Berwick,4
IA,Welton,4
MD,Churchton,4
PA,Pocono Pines,4
IL,Gilson,4
OH,Clarington,4
NY,Boston,4
WI,Kimberly,4
MS,Beaumont,4
MA,Rutland,4
OH,Covington,4
OH,Coolville,4
KY,Leitchfield,4
NY,Montour Falls,4
TX,Mingus,4
AZ,Arlington,4
CA,Bieber,4
TX,Slaton,4
DE,Delaware City,4
KS,Ellsworth,4
TX,Woodway,4
OH,Rayland,4
IL,Swansea,4
VA,Nellysford,4
NV,Gabbs,4
IA,Rockwell City,4
PA,Rockledge,4
MI,Emmett,4
NH,Gorham,4
PA,Masontown,4
TX,Ralls,4
MN,Bloomington,4
IA,Masonville,4
MO,Lamar,4
IL,Calumet Park,4
MI,Levering,4
NM,White Sands Missile Range,4
MD,Savage,4
IL,Olympia Fields,4
MI,Thompsonville,4
MS,Como,4
TX,Saint Jo,4
LA,Keatchie,4
NY,Forestville,4
IA,Maurice,4
TX,Meadows Place,4
FL,Baldwin,4
KS,Neodesha,4
NH,Groveton,4
NC,Como,4
IL,Red Bud,4
OK,Tatums,4
KY,Orlando,4
KS,Johnson,4
GA,Dewy Rose,4
AR,Grannis,4
WI,Rudolph,4
KS,Milton,4
PA,Fleming,4
MS,Scobey,4
MS,Cary,4
TX,Yorktown,4
PA,Vowinckel,4
ND,Walcott,4
MT,Olney,4
SD,Vale,4
VA,Hustle,4
PA,Shartlesville,4
NC,Westfield,4
KS,Sedan,4
VA,Keene,4
IA,Glidden,4
AR,McNeil,4
NC,Dillsboro,4
AR,Cord,4
UT,Lyman,4
PA,Muir,4
OH,South Solon,4
NY,Newfield,4
VA,Water View,4
PA,Indian Head,4
GA,Bowdon,4
NY,Bethel,4
NY,West Park,4
NY,Kenoza Lake,4
KS,Riley,4
IA,Collins,4
PA,Marble,4
KS,Montezuma,4
GA,Morven,4
PA,Mineral Springs,4
ID,Tetonia,4
AL,Linden,4
TN,Lupton City,4
ND,Elgin,4
OR,Manzanita,4
MT,Nye,4
ID,Spalding,4
PA,Paupack,4
TN,Enville,4
PA,Darlington,4
PA,Skippack,4
MD,Aquasco,4
NY,Felts Mills,4
IN,Pennville,4
MI,Brockway,4
ID,Rogerson,4
ND,Burlington,4
NY,Fort Drum,4
MT,Coffee Creek,4
VA,Singers Glen,4
GA,Toomsboro,4
MI,Hancock,4
IN,Mays,4
ND,Lidgerwood,4
AZ,Kykotsmovi Village,4
VT,Roxbury,4
VA,Basye,4
IN,Earl Park,4
FL,Upper Keys,4
PA,Crown,4
ND,Michigan,4
MN,Kerrick,4
PA,Riegelsville,4
IA,Pocahontas,4
IN,Shirley,4
IA,Scranton,4
MD,Port Republic,4
NM,Jemez Springs,4
VA,Selma,4
IA,Marcus,4
NY,Ellenburg Depot,4
NY,Calcium,4
NY,Chaumont,4
ME,South China,4
CT,Montville,4
WI,Coon Valley,4
OK,Muskogee,4
IA,Perry,4
IA,Doon,4
MI,Lake Orion,4
IN,Avilla,4
TX,Goldsmith,4
IN,Ellettsville,4
VT,Stowe,4
TN,Ripley,4
SC,Folly Beach,4
NH,Alstead,4
FL,Jacksonville West,4
NM,Bard,4
MI,Kalkaska,4
IA,Pleasantville,4
NE,Ceresco,4
MA,Sagamore,4
IA,Watkins,4
CT,Ivoryton,4
PA,Boiling Springs,4
WA,Pe Ell,4
KY,Dayton,4
TN,Martin,4
OH,Lowellville,4
IL,Argenta,4
IL,McLean,4
IN,Fortville,4
NJ,Chatsworth,4
MI,Washington,4
TX,Robstown,4
NH,Warren,4
TX,Trent,4
IL,Venice,4
UT,Richmond,4
WI,Blue Mounds,4
NH,Springfield,4
MI,Saint Charles,4
NY,Afton,4
NY,Mumford,4
WI,Nelson,4
TX,Port Arthur,4
OH,Delphos,4
ME,Naples,4
RI,Greenville,4
WI,Fitchburg,4
GA,Jakin,4
MA,South Deerfield,4
NH,Greenfield,4
WA,Skokomish Nation,4
WI,Whitelaw,4
MA,Groveland,4
IL,Alexander,4
SC,Una,4
LA,Simsboro,4
PA,Furlong,4
IA,Rock Valley,4
NC,Trenton,4
KY,Maysville,4
MS,Monticello,4
KS,Hays,4
ME,Oxford,4
IL,Centralia,4
TX,Childress,4
TX,Canyon,4
TX,Hamshire,4
TX,Snyder,4
FL,Hernando Beach,4
AR,Barling,4
KY,Coxs Creek,4
IA,Mediapolis,4
IL,Wood River,4
IA,Eldora,4
MO,Hamilton,4
OH,Mount Orab,4
CA,Wallace,4
MA,Monson,4
PA,Wyoming,4
NH,Bradford,4
OH,Brookfield,4
IL,Ludlow,4
PA,Salunga,4
CO,West Adams,4
OH,Harpster,4
MI,Metamora,4
MO,Moscow Mills,4
TN,Newbern,4
GA,Wrightsville,4
ME,Eddington,4
WI,Spencer,4
NJ,Wallington,4
NC,Bullock,4
IL,Godfrey,4
WI,Amherst Junction,4
TX,Dublin,4
TX,Rule,4
WI,Kewaskum,4
IL,Bethalto,4
KY,Mayfield,4
MD,Point Of Rocks,4
IL,Williamsfield,4
MO,Ewing,4
TX,Willow Park,4
MS,New Augusta,4
NE,Offutt AFB,4
NE,Arlington,4
LA,Vacherie,4
IN,Bunker Hill,4
UT,Hinckley,4
NJ,Stirling,4
WI,Readstown,4
LA,Robert,4
TN,Bell Buckle,4
GA,Danielsville,4
AZ,White Hills,4
WA,Usk,4
AZ,Benson,4
OH,Pemberville,4
NH,Pittsfield,4
TX,Vega,4
CO,Indian Hills,4
AZ,Carefree,4
OK,Vian,4
PA,Jefferson Township,4
LA,Deridder,4
MO,Valles Mines,4
LA,Milton,4
SC,Wadmalaw Island,4
UT,Mayfield,4
MN,Wykoff,4
NM,Corona,4
MA,Barnstable,4
AL,Seminole,4
TN,Taft,4
OH,Addyston,4
IL,Hometown,4
TX,Plantersville,4
CO,Lake City,4
NY,Savannah,4
FL,Apalachicola,4
NY,Otego,4
TX,Hale Center,4
TX,Horizon City,4
GA,Waynesville,4
OK,Tecumseh,4
PA,Klingerstown,4
KY,Melbourne,4
MI,Honor,4
NJ,Hewitt,4
TN,Crawford,4
WI,Deerbrook,4
PA,Ottsville,4
MS,Mount Olive,4
IA,Solon,4
MO,Hermann,4
OH,Glenford,4
WV,Delbarton,4
MT,Decker,4
SD,Newell,4
AR,Marshall,4
MI,Blissfield,4
MI,Eau Claire,4
MS,Sherman,4
WY,Tie Siding,4
WV,Hernshaw,4
IA,Corning,4
OH,Bradner,4
KS,Elk Falls,4
NV,Bunkerville,4
NY,Constantia,4
KS,Windom,4
WI,Vesper,4
WV,Lookout,4
IL,Indian Creek,4
AR,Hackett,4
MO,New Bloomfield,4
KS,St George,4
IA,Bellevue,4
AR,McGehee,4
NC,Margarettsville,4
WA,Oak Bay-Port Ludlow,4
PA,Schaefferstown,4
IL,Pleasant Prairie,4
TN,Puryear,4
WV,Thomas,4
UT,Leamington,4
AR,Deer,4
KY,Summer Shade,4
MO,Union Star,4
NJ,Sea Girt,4
IA,Manning,4
IN,New Salisbury,4
GA,Haddock,4
AR,Bauxite,4
MD,Friendship,4
WV,Summit Point,4
KY,Stearns,4
AR,Ash Flat,4
AR,Paris,4
NY,Garnerville,4
NY,Salisbury Mills,4
OH,Shade,4
GA,The Rock,4
TN,Normandy,4
VA,Pilot,4
WI,Boscobel,4
MD,Berwyn Heights,4
MS,Saltillo,4
PA,Glen Richey,4
NE,Stapleton,4
MD,Fort Meade,4
WV,Philippi,4
PA,York New Salem,4
PA,Jennerstown,4
IA,Albion,4
GA,Naylor,4
VA,Sedley,4
NC,Mt Ulla,4
WV,Williamson,4
WV,Proctor,4
PA,German Twp,4
OH,Morral,4
MN,Roosevelt,4
TN,Monroe,4
WV,Rowlesburg,4
IA,Alta,4
AR,Bonnerdale,4
TX,Byers,4
TN,Santa Fe,4
PA,Zion Grove,4
CA,Twain Harte-Tuolumne City,4
IA,Lineville,4
TX,Iola,4
CA,Wilsonia,4
IA,Fremont,4
AR,Rosie,4
TN,Whitesburg,4
NJ,Upper,4
IA,Dysart,4
MS,Meadville,4
MO,Jerome,4
WI,Jim Falls,4
CT,North Granby,4
TX,Groves,4
TX,Moulton,4
WI,Bryant,4
WA,Addy,4
AR,Bigelow,4
OK,Walters,4
PA,Collingdale,4
MD,Libertytown,4
ND,Drake,4
MT,Hingham,4
KS,Alta Vista,4
CT,Redding,4
CO,Karval,4
NY,Strykersville,4
DE,St Georges,4
VA,New Castle,4
IA,New Market,4
VA,Belspring,4
PA,Penn,4
PA,Crosby,4
ND,Churchs Ferry,4
AR,Louann,4
IA,Worthington,4
IL,Mc Leansboro,4
AR,Grady,4
PA,Wapwallopen,4
NC,Kure Beach,4
ND,Taylor,4
NM,Cerrillos,4
WY,Jeffrey City,4
TN,Briceville,4
ND,Fortuna,4
MT,Harlowton,4
KS,Ingalls,4
IL,Breese,4
NY,Laurens,4
VA,Mc Clure,4
KS,Randolph,4
PA,Mount Holly Springs,4
NC,Balsam Grove,4
IA,Dayton,4
ID,Corral,4
TN,Woodlawn,4
IN,Topeka,4
AR,Brockwell,4
ND,Wishek,4
MO,Versailles,4
TN,Fort Campbell,4
FL,Bagdad,4
NE,De Witt,4
MI,Waldron,4
MO,Vichy,4
ID,Newdale,4
NM,Grenville,4
IN,Palmyra,4
MI,Champion,4
NM,Jemez Pueblo,4
NE,Norfolk,4
MO,Clarksburg,4
PA,Pittsfield,4
NE,Dorchester,4
IA,Arlington,4
NE,Table Rock,4
PA,Allison,4
NM,Costilla,4
IN,Syracuse,4
NY,Cazenovia,4
OH,Ottawa,4
WA,Fairfield,4
IN,Darlington,4
IN,Andrews,4
NY,Walworth,4
IN,Nashville,4
IL,Alto Pass,4
MI,Hemlock,4
IN,French Lick,4
MI,Marion,4
CA,North Mono,4
ME,Ellsworth,4
WA,Klickitat,3
OH,Creston,3
IA,Parkersburg,3
TN,Readyville,3
OH,St Paris,3
NM,Mescalero,3
NE,Mullen,3
OK,Eufaula,3
OH,Killbuck,3
OK,Sallisaw,3
KY,Radcliff,3
IL,Sparta,3
NJ,Beach Haven,3
IL,Dawson,3
OH,Edgerton,3
IN,New Washington,3
KY,Vine Grove,3
OK,McLoud,3
OK,Randlett,3
WI,Glenbeulah,3
OK,Thackerville,3
PA,Calvin,3
MA,South Hadley,3
IL,Smithboro,3
MS,Waynesboro,3
OK,McAlester,3
WA,La Center,3
NV,Empire,3
AL,Bankston,3
UT,North Davis,3
MA,Shelburne Falls,3
SD,Brookings,3
NH,Woodsville,3
NY,West Edmeston,3
OK,Overbrook,3
CA,Lucerne Valley,3
NH,Langdon,3
MI,Sebewaing,3
IL,Humboldt,3
NY,La Fargeville,3
WA,Lacrosse,3
NH,Suncook,3
OH,North Lawrence,3
CO,Paonia,3
OH,Fayetteville,3
PA,Kempton,3
WI,Colby,3
TX,Mineral Wells,3
MD,Springdale,3
TX,San Augustine,3
MI,Grosse Pointe,3
OK,Chelsea,3
TN,Bolivar,3
WA,Seattle East,3
ME,Trenton,3
AR,Garland City,3
MO,Charleston,3
WI,Mineral Point,3
NH,Lyndeborough,3
AZ,Mammoth,3
CO,Timnath,3
NY,Hinsdale,3
MI,White Lake,3
IL,Winnebago,3
IA,Keokuk,3
CA,Playa Del Rey,3
NH,Dunbarton,3
IA,Lenox,3
WI,Maribel,3
NY,Manchester,3
MI,West Bloomfield,3
NE,Beemer,3
WI,Holmen,3
NE,Randolph,3
NY,Sherburne,3
NY,Sodus,3
NC,Lansing,3
FL,North Redington Beach,3
MI,Oxford,3
WA,Fairchild Air Force Base,3
VT,Middlebury,3
PA,Alburtis,3
WI,Manawa,3
WI,Prairie du Sac,3
PA,Cooksburg,3
TX,Fritch,3
TN,Doyle,3
OH,Walhonding,3
TN,Savannah,3
IN,Ossian,3
WI,Kingston,3
PA,East Norriton,3
FL,Aripeka,3
NY,Pine Valley,3
WV,Poca,3
WI,Cambria,3
TX,Sabinal,3
WI,Bruce,3
MT,Moccasin,3
IL,Polo,3
WI,Adams,3
WI,Valders,3
FL,Saint Marks,3
MN,Elrosa,3
AR,Umpire,3
WI,Three Lakes,3
VA,Horntown,3
WV,Hico,3
NM,Dulce,3
AR,Mt Judea,3
MI,Gould City,3
MO,Louisiana,3
CO,Austin,3
TX,Eagle Lake,3
WA,South Yakima,3
ND,Grenora,3
MO,Stewartsville,3
PA,Beaverdale,3
MO,Stark City,3
MS,Prentiss,3
TN,McKenzie,3
MT,Winifred,3
ND,Forman,3
UT,Junction,3
MO,Van Buren,3
AR,Washington,3
IA,Dawson,3
CA,Rutherford,3
NE,Dawson,3
WV,Buffalo,3
WI,New Richmond,3
MD,District 24 Braddock,3
CO,Pierce,3
KS,Cherokee,3
AZ,North Rim,3
CT,Union,3
MT,Carter,3
MS,Perkinston,3
WV,Metz,3
IL,Bannockburn,3
KS,Rush Center,3
ME,Clifton,3
NC,Fair Bluff,3
WV,Flemington,3
IN,Manilla,3
PA,Muse,3
ND,Tuttle,3
NY,Silver Springs,3
NE,Kenesaw,3
ND,Cannon Ball,3
KY,Hardinsburg,3
ID,Bellevue,3
AR,Beech Grove,3
ND,Northwood,3
ND,Cogswell,3
NM,Arrey,3
MS,Pinola,3
IA,Harper,3
MI,North Branch,3
GA,Chester,3
MS,Calhoun City,3
IA,Ruthven,3
ND,Rutland,3
TX,Knox City,3
NY,Youngsville,3
MO,Wyaconda,3
WV,Mason,3
KS,Cimarron,3
MI,Mulliken,3
UT,West Bountiful,3
IA,Braddyville,3
IL,Lanark,3
LA,Saint Francisville,3
IN,Paoli,3
IN,Kempton,3
IN,Cayuga,3
ID,Franklin,3
KY,Corinth,3
OH,Malta,3
NE,Oxford,3
OH,Apple Creek,3
IA,Villisca,3
KY,Hartford,3
IL,North Utica,3
PA,Stump Creek,3
MA,East Brookfield,3
NC,Crossnore,3
OH,Gnadenhutten,3
IA,Ute,3
MA,Millis,3
NH,Newport,3
ID,Pinehurst,3
MA,Lenox,3
FL,Jacksonville East,3
OH,Masury,3
TX,Paige,3
TX,Granger,3
CT,Scotland,3
TX,Devine,3
MA,Ashburnham,3
PA,Lansford,3
AL,Hurtsboro,3
IL,East Hazel Crest,3
OH,New Waterford,3
OK,Webbers Falls,3
WA,Selah,3
IA,Portsmouth,3
NC,Colerain,3
NY,Clyde,3
NY,Fillmore,3
PA,Bendersville,3
WA,Darrington,3
NC,Emerald Isle,3
OH,Dunkirk,3
DE,Yorklyn,3
NY,Laurel,3
OH,Milford Center,3
OK,Checotah,3
KY,Wickliffe,3
NM,Lake Arthur,3
IL,Thawville,3
CO,Branson,3
TN,Henderson,3
OK,Wagoner,3
IA,Stanwood,3
NY,Westdale,3
TX,Windthorst,3
VT,Jamaica,3
DE,Saint Georges,3
OH,Willowick,3
OR,Fall Creek,3
WI,Little Suamico,3
IA,Plainfield,3
ID,Mccammon,3
GA,Midville,3
NY,East Otto,3
NH,Madbury,3
TX,Comstock,3
NH,Gilsum,3
NE,Hastings,3
NJ,Norwood,3
IL,Lake In The Hills,3
NC,Kitty Hawk,3
MA,Marshfield,3
NY,West Sayville,3
RI,Central Falls,3
IA,Carson,3
ME,Lebanon,3
MO,Gower,3
ME,New Portland,3
NJ,Pitman,3
PA,Blue Ridge Summit,3
MA,South Hamilton,3
OK,Oologah,3
NY,Appleton,3
NY,East Schodack,3
NY,West Chazy,3
MI,Romeo,3
NJ,Pine Hill,3
WV,Purgitsville,3
IL,Wonder Lake,3
IA,Orange City,3
LA,Golden Meadow,3
CO,Elbert,3
MS,Mccomb,3
IL,Mossville,3
PA,Throop,3
IA,Orient,3
NM,Mora,3
NY,Inlet,3
WI,Auburndale,3
VA,Long Island,3
AL,Indian Springs,3
PA,Rose Valley,3
ID,Grand View,3
MI,New Era,3
AL,Ashland,3
IA,Bouton,3
MI,Paris,3
PA,Springboro,3
MN,Oklee,3
PA,Aspinwall,3
MD,District 17 Chillum,3
NC,Stumpy Point,3
NY,Clarence Center,3
OK,Paoli,3
PA,Wilkinsburg,3
WA,Mansfield,3
MA,Holland,3
MI,East Leroy,3
MN,Walters,3
PA,Wilmerding,3
CA,Witter Springs,3
WV,Fairview,3
PA,Elrama,3
GA,Mershon,3
CO,Arapahoe,3
IA,Argyle,3
MD,Buckeystown,3
MI,Clayton,3
ID,Moore,3
NE,Prague,3
MS,Heidelberg,3
VA,Sandy Hook,3
NM,Lamy,3
WI,Ephraim,3
CA,Tehama,3
WI,Albany,3
CA,Edison,3
WV,Independence,3
TN,Wartburg,3
MO,Nevada,3
PA,Acosta,3
OH,Mt Perry,3
ND,Glenburn,3
IN,Oolitic,3
UT,Trenton,3
IA,Nichols,3
AR,Gassville,3
IN,Pleasant Lake,3
NE,Pierce,3
WA,Roosevelt,3
MT,Fortine,3
CO,Crested Butte,3
WI,Somerset,3
WI,Amery,3
NY,Downsville,3
IA,Hastings,3
MD,Loveville,3
IA,Cresco,3
OR,Scotts Mills,3
WV,Seneca Rocks,3
TX,Graham,3
PA,Valley View,3
MO,Walnut Shade,3
GA,Wray,3
TN,Allons,3
KY,Foster,3
NY,Winthrop,3
NY,Fallsburg,3
AR,Amagon,3
IA,Linden,3
UT,Hildale,3
ND,Wyndmere,3
LA,Saint Landry,3
MI,North Street,3
ID,Kendrick,3
AZ,Sahuarita,3
NY,Clark Mills,3
IA,Montrose,3
MO,Watson,3
IA,Letts,3
TN,Lutts,3
ND,Blanchard,3
OH,Midland,3
NM,San Jose,3
NY,Bardonia,3
IA,Earlville,3
NM,Isleta,3
NE,Lodgepole,3
IA,Wapello,3
WV,Moorefield,3
IA,Everly,3
ME,Richmond,3
OK,Harrah,3
GA,Marshallville,3
WI,Pelican Lake,3
NY,Dolgeville,3
ME,Sandy River Plt,3
OK,Chickasha,3
PA,Grindstone,3
PA,Eagleville,3
MO,Pleasant Hill,3
TX,Mullin,3
NC,House Creek,3
NC,Carolina Beach,3
TX,Kingsbury,3
MA,Marblehead,3
OH,Republic,3
MA,Blackstone,3
MO,Barnett,3
WI,Chetek,3
IL,Waggoner,3
OH,Monclova,3
TN,Ethridge,3
ME,Farmington,3
MI,Lakeview,3
UT,Mendon,3
WI,Sauk City,3
WI,Schofield,3
UT,Lynndyl,3
ME,Cumberland Center,3
GA,Rocky Ford,3
KS,Goodland,3
TX,Simms,3
NY,Wayland,3
RI,Hope,3
TX,Mercedes,3
OH,Woodstock,3
OH,Amanda,3
FL,Winter Garden-Ocoee,3
MI,Otter Lake,3
MS,Coffeeville,3
MA,North Dighton,3
NC,Cedar Mountain,3
WI,Galesville,3
PA,Laurelton,3
TX,Coleman,3
MI,Tawas City,3
TX,Lipan,3
VT,Milton,3
PA,Exeter,3
NY,Phoenicia,3
OH,Glenmont,3
TX,Gonzales,3
MA,Leverett,3
MA,South Chatham,3
IA,Slater,3
GA,Taylorsville,3
NJ,New Milford,3
WA,Wapato,3
NY,Vermontville,3
MA,Montague,3
IN,Flat Rock,3
IL,Mount Carroll,3
NE,Tecumseh,3
NM,Alto,3
NY,Harpersfield,3
TX,Tilden,3
OH,Perry,3
MN,Taopi,3
PA,Peckville,3
TX,Farwell,3
AL,Lillian,3
TN,Mascot,3
WI,Deer Park,3
WI,Monticello,3
OH,Whitehouse,3
OR,East Linn,3
WI,Reedsburg,3
GA,Donalsonville,3
MO,Henley,3
WI,Markesan,3
TN,Clarkrange,3
CO,Wild Horse,3
TX,Catarina,3
WI,Prairie Du Sac,3
NY,Hastings,3
TX,La Ward,3
OH,Munroe Falls,3
WV,Petersburg,3
WV,Glen Daniel,3
PA,Morann,3
WV,Elkins,3
MT,Saco,3
GA,Arnoldsville,3
PA,Germansville,3
AR,St Paul,3
MD,Bivalve,3
GA,Mauk,3
NY,Angelica,3
WI,Avalon,3
OH,East Fultonham,3
TN,Bradyville,3
TX,Trenton,3
ND,Nome,3
MD,Chaptico,3
MN,Fort Ripley city,3
NC,Swansboro,3
MO,Houstonia,3
WV,Petroleum,3
ID,Marsing,3
AR,Delight,3
KS,Norwich,3
WI,Sister Bay,3
AR,Lincoln,3
NY,East Bethany,3
NY,Clemons,3
MI,Mesick,3
PA,Sharon,3
IA,Malvern,3
IA,Sigourney,3
IN,Colfax,3
WI,Webster,3
NE,Orchard,3
NY,Scottsburg,3
PA,Ford City,3
ID,McCall,3
NY,Sloansville,3
ND,Anamoose,3
MO,Reeds,3
TN,Auburntown,3
IA,Traer,3
KS,Hanston,3
NY,Lanesville,3
PA,Pleasantville,3
ND,McVille,3
WV,London,3
KY,New Haven,3
TN,Williamsport,3
NM,Springer,3
WA,Palouse,3
AR,El Paso,3
ND,Rolla,3
GA,Willacoochee,3
CA,Mount Hermon,3
NE,Oconto,3
ND,Leeds,3
ID,Genesee,3
TN,Big Rock,3
WA,Wilbur,3
MT,Oilmont,3
WA,Nespelem,3
CO,Coaldale,3
ME,Wilton,3
NY,Palenville,3
OR,Adair Village,3
ND,Lansford,3
MT,Lambert,3
NE,Loup City,3
KS,Almena,3
KS,Norton,3
ME,Charleston,3
IN,Sulphur,3
IL,Carrollton,3
ME,North Penobscot,3
ME,Winthrop,3
AR,Colt,3
WY,Riverton,3
ID,Desmet,3
ME,Burnham,3
ME,Dedham,3
MI,Ossineke,3
TX,Gatesville,3
OH,Kimbolton,3
MA,Vineyard Haven,3
KY,Dry Ridge,3
MA,Boylston,3
NH,Bennington,3
MA,Southwick,3
IL,St Anne,3
NH,East Kingston,3
PA,Lower Merion,3
KY,Rineyville,3
OH,Martin,3
TX,Streetman,3
OK,Springer,3
NM,Hagerman,3
OK,Tonkawa,3
AZ,Greer,3
AL,Jones,3
PA,McSherrystown,3
TX,Lorena,3
TX,Waelder,3
VT,Essex Junction,3
MS,Mt Olive,3
ME,Standish,3
NH,Richmond,3
NM,Cedar Crest,3
NH,Holderness,3
OH,Bidwell,3
IL,Keenes,3
MI,Casnovia,3
MD,District 2,3
OH,Prospect,3
ME,Belfast,3
VA,Rose Hill,3
ME,Windham,3
MS,Michigan City,3
WI,Ringle,3
MS,Redwood,3
MI,Ludington,3
WI,Oxford,3
NJ,South Brunswick,3
NY,South Dayton,3
SC,Mt Carmel,3
KS,Cassoday,3
MA,Acushnet,3
IA,Rembrandt,3
NH,Salisbury,3
NY,Burt,3
NY,Sea Cliff,3
WI,Barneveld,3
WA,Thornton,3
IL,Tolono,3
RI,Shannock,3
MI,Mayville,3
NY,Bloomfield,3
TN,Medon,3
WI,Bowler,3
MA,Paxton,3
MO,Hallsville,3
TX,Beeville,3
KY,Eastview,3
PA,Pitman,3
OH,Rock Creek,3
TX,Louise,3
TX,La Feria,3
NH,Pembroke,3
MA,Essex,3
MS,Coahoma,3
OH,Newport,3
TX,Coahoma,3
IL,North Pekin,3
GA,Hortense,3
AL,Pansey,3
TX,Garden City,3
LA,La Place,3
OR,Dorena,3
LA,Sibley,3
WI,Salem,3
WI,Eldorado,3
IA,Meriden,3
TX,Pollok,3
MD,District 9,3
NY,Masonville,3
MN,Mendota,3
OH,Cumberland,3
NC,Manns Harbor,3
NC,Pinehurst,3
TX,Godley,3
NH,Nelson,3
MO,Carterville,3
WI,Luxemburg,3
VT,Randolph,3
CO,Joes,3
VT,Newport Center,3
TX,Watauga,3
MI,Norton Shores,3
NH,Greens,3
WA,Brier,3
UT,Wales,3
NH,Farmington,3
OH,Harrod,3
NH,Hebron,3
VT,North Troy,3
MO,Labadie,3
LA,Farmerville,3
TX,Bacliff,3
IA,Charlotte,3
OK,Wynnewood,3
NC,Locust,3
IL,Gladstone,3
DC,Takoma Park,3
MA,Whitinsville,3
TN,Hampshire,3
IA,Larrabee,3
AZ,Tacna,3
NY,Newark,3
MS,Pachuta,3
NJ,Franklin Park,3
NY,Conewango Valley,3
NM,Angel Fire,3
CT,Taftville,3
SC,Isle of Palms,3
MD,District 6 Spauldings,3
TN,Mountain City,3
WI,Stanley,3
WI,Strum,3
PA,Steelton,3
NC,Spindale,3
NY,Cadyville,3
VA,Appalachia,3
NY,Gainesville,3
NC,Cramerton,3
WI,Neosho,3
PA,Bakerstown,3
WI,Hayward,3
MI,Owosso,3
CO,Rush,3
MO,Westphalia,3
NY,Roxbury,3
CT,Easton,3
NE,Sutherland,3
MI,Yale,3
KY,Williamstown,3
NJ,Frenchtown,3
NE,Merna,3
TX,Sulphur Springs,3
IA,Goose Lake,3
MN,Henriette,3
MS,Walnut,3
AL,Stockton,3
TX,London,3
IL,Metamora,3
IL,Petersburg,3
NJ,East Newark,3
MS,Blue Mountain,3
IA,Goldfield,3
TX,Newcastle,3
MA,New Salem,3
AZ,Peach Springs,3
TX,Cibolo,3
IN,Sharpsville,3
VA,Newtown,3
CO,Idalia,3
MO,Fairfax,3
AR,Paron,3
OR,Fields,3
NY,Westtown,3
NE,Yutan,3
AR,Gillham,3
MN,Talmoon,3
VA,Fort Lee,3
PA,Riverside,3
IL,Bristol,3
UT,Mt Carmel,3
PA,Concord,3
WI,Mindoro,3
KY,Irvine,3
MS,Belzoni,3
WV,Eglon,3
TN,Whitleyville,3
ID,Ashton,3
OH,College Corner,3
FL,River Ranch,3
GA,Tarrytown,3
IL,Harmon,3
MA,Sheffield,3
PA,Valley Forge,3
PA,Clarksburg,3
DE,Bethany Beach,3
MI,Atlas,3
GA,Warwick,3
TX,Pilot Point,3
CA,Mt Aukum,3
IL,New Athens,3
IN,Montgomery,3
CA,Elmira,3
ND,Fort Rice,3
WI,Fountain City,3
IL,Mt Olive,3
MI,Saint Louis,3
KS,Severy,3
IN,Marshall,3
MS,Tunica,3
WI,North Prairie,3
PA,Cokeburg,3
FL,Harmony,3
MI,Herron,3
WV,East Bank,3
FL,Patrick Air Force Base,3
TX,Bloomington,3
IN,Gentryville,3
MO,Benton City,3
WI,Egg Harbor,3
IA,Bryant,3
TX,Hobson,3
CA,Hume,3
UT,Duck Creek Village,3
TN,Springville,3
TX,Seadrift,3
NM,Melrose,3
NC,Penrose,3
ID,Potlatch,3
VA,Port Haywood,3
NM,Silver City,3
KS,Abilene,3
MO,Kaiser,3
TN,Counce,3
NV,McGill,3
AR,Wilson,3
KY,Farmington,3
GA,Winterville,3
ND,Bowbells,3
IA,Leon,3
TN,Spencer,3
PA,Hermitage,3
SC,Langley,3
IA,Waukon,3
AR,Edgemont,3
TN,Talbott,3
WI,Bear Creek,3
OH,Shadyside,3
KY,Fort Campbell,3
VA,Low Moor,3
CT,East Killingly,3
CO,Two Buttes,3
AL,Mount Olive,3
AZ,Nutrioso,3
AR,Lexa,3
WV,Julian,3
NE,Genoa,3
FL,Palmdale,3
TX,Springtown,3
NE,McCook,3
MS,Lena,3
WV,Rock,3
GA,Iron City,3
MT,Heron,3
IA,Fort Atkinson,3
CA,Scott Bar,3
ND,White Earth,3
WV,Hansford,3
ND,Lehr,3
VA,Ceres,3
MO,Hollister,3
NY,Bridgewater,3
NC,Belvidere,3
ID,Driggs,3
KS,Chetopa,3
UT,Goshen,3
MD,Dameron,3
WI,Siren,3
CO,Parshall,3
ND,Marmarth,3
IA,Buckingham,3
IA,Randalia,3
TN,Saltillo,3
MD,Lineboro,3
IA,Miles,3
AR,Strawberry,3
WV,Gormania,3
MD,McHenry,3
NY,Minetto,3
MI,Leroy,3
MD,Kitzmiller,3
PA,Cedar Run,3
IA,Hartford,3
MS,Benton,3
MS,Durant,3
IA,Garner,3
NY,Alcove,3
LA,Branch,3
IA,Fredericksburg,3
MT,Opheim,3
MT,Rapelje,3
PA,Dayton,3
ND,New Leipzig,3
PA,Sugar Run,3
KY,Allensville,3
AR,Mc Crory,3
AL,Dauphin Island,3
MN,Grand Marais,3
LA,Ville Platte,3
NY,Paul Smiths,3
NE,Laurel,3
MT,Denton,3
MN,Ortonville,3
CA,North Coastal,3
MI,Lanse,3
PA,Mt Morris,3
NY,Madison,3
TN,Chapel Hill,3
SD,Madison,3
SD,Mitchell,3
NE,Osceola,3
NY,Thiells,3
WI,Marshfield,3
ID,Hauser,3
ME,Bath,3
ID,Kimberly,3
OH,Alledonia,3
OR,Bly,3
PA,Jeffersonville,3
ME,Turner,3
NY,Barryville,3
MD,Marbury,3
NY,Addison,3
WI,Pittsville,3
WI,Weyerhaeuser,3
WI,Genoa,3
LA,District 4,3
OH,Gettysburg,2
MO,Lone Jack,2
KS,Wellington,2
OH,Buckeye Lake,2
TX,Summerfield,2
OH,Russells Point,2
AZ,Pinetop-Lakeside,2
NJ,Richwood,2
TX,Bishop,2
IN,Moores Hill,2
NH,Wentworth,2
AL,Empire,2
IL,Elizabeth,2
OK,Muldrow,2
TX,Kemp,2
NH,Sullivan,2
WI,Monona,2
ME,Lisbon,2
NH,Mont Vernon,2
IL,Armington,2
GA,Tignall,2
IA,Griswold,2
IL,Macomb,2
IL,Sigel,2
WA,Roslyn,2
VT,North Ferrisburgh,2
PA,Larimer,2
NH,Milan,2
AZ,Leupp,2
TX,Los Fresnos,2
KY,Clay City,2
WA,Wenatchee,2
WA,Ocean Park,2
PA,Kossuth,2
TN,Saulsbury,2
KY,Columbia,2
TX,Wingate,2
MA,Cheshire,2
SD,Aberdeen,2
KY,Scottsville,2
LA,Grand Cane,2
OH,Wellsville,2
ME,Buckfield,2
TX,Marathon,2
WA,Grayland,2
MI,Boyne City,2
IL,Galena,2
OK,Weatherford,2
ME,Lisbon Falls,2
ME,Bar Harbor,2
OH,Laura,2
NY,Gilboa,2
MS,Iuka,2
AR,Monette,2
IL,Fairfield,2
IL,Carterville,2
CA,San Fernando Valley,2
NH,Rollinsford,2
ME,Brewer,2
NY,Chemung,2
WI,Okauchee,2
MA,Haydenville,2
TX,Big Wells,2
TX,Flower Mound,2
TX,Caldwell,2
IL,Lena,2
OK,Meeker,2
KY,Falls Of Rough,2
NH,Goshen,2
NM,Hanover,2
NY,Frewsburg,2
UT,Santa Clara,2
NH,Union,2
AL,Chatom,2
NC,Manteo,2
MA,Rochdale,2
TX,Whitney,2
TX,Three Rivers,2
CT,Bantam,2
AL,Magnolia Springs,2
IA,Guthrie Center,2
VT,Guilford,2
PA,Quecreek,2
WA,Twisp,2
OK,Big Cabin,2
OH,Avon Lake,2
MO,Farmington,2
WI,Hazel Green,2
TX,Tornillo,2
NY,West Haverstraw,2
LA,Chalmette,2
NH,Madison,2
NH,Weare,2
OH,South Euclid,2
GA,White Plains,2
MD,Burkittsville,2
TX,Ysleta Del Sur Pueblo,2
DC,Oxon Hill,2
IL,Northlake,2
KY,New Concord,2
IL,Newark,2
IL,South Pekin,2
TX,Northwest Travis,2
CT,Baltic,2
IL,Merrionette Park,2
TX,Bulverde,2
MO,Portage des Sioux,2
KY,Southgate,2
NJ,Milford,2
IA,Greenville,2
NJ,Hardwick,2
PA,Bellevue,2
NY,East Concord,2
MA,Sandisfield,2
NM,Aztec,2
VT,West Dover,2
CO,Central City,2
WI,De Soto,2
MO,Glencoe,2
LA,Cotton Valley,2
WA,Washtucna,2
NY,Upper Jay,2
IA,Janesville,2
KS,Linwood,2
MS,Leakesville,2
TX,Sinton,2
PA,Erwinna,2
TX,Yantis,2
KS,Coolidge,2
CO,Anton,2
MN,Redlake,2
CO,Amherst,2
FL,St Marks,2
WV,Wana,2
MI,Lake Leelanau,2
CA,Hornitos,2
MN,Dilworth,2
MN,Euclid,2
AR,Flippin,2
WV,Harts,2
TX,Palacios,2
WI,Prentice,2
WV,Fort Gay,2
OH,Middleport,2
NE,Davey,2
IA,Wellman,2
IL,Kane,2
GA,Harrison,2
PA,Washingtonville,2
WI,Redgranite,2
PA,New Salem Borough,2
AR,Emerson,2
ND,McLeod,2
MO,Uniontown,2
MO,Fillmore,2
WA,Coulee City,2
CA,Jolon,2
MO,Atlanta,2
AR,Portland,2
IL,Norris City,2
PA,New Buffalo,2
FL,Bay Pines,2
PA,Brisbin,2
CO,Collbran,2
IL,Savanna,2
PA,Ringgold,2
MN,Marble,2
ND,Ruso,2
CO,Victor,2
WI,Potosi,2
MO,Lowry City,2
OH,Rushville,2
WV,Millwood,2
CA,Paskenta,2
ID,Winchester,2
ND,Hunter,2
MN,Kathio,2
MN,De Graff,2
TX,Bonham,2
FL,Holder,2
TX,Sunset,2
AR,Tumbling Shoals,2
WV,Smoot,2
ND,Carson,2
MD,Valley Lee,2
NE,Howells,2
MN,Upper Red Lake,2
ND,Rhame,2
SC,Shaw AFB,2
MO,Arbyrd,2
TN,Riddleton,2
IN,Montezuma,2
NE,Lyons,2
NC,Siloam,2
PA,Beccaria,2
MO,Belle,2
KS,Fowler,2
NM,Williamsburg,2
ND,Garrison,2
FL,Tierra Verde,2
NC,Edward,2
OR,Hammond,2
FL,Pace,2
MT,Cooke City,2
AR,Wilmar,2
NM,Kirtland,2
NM,La Joya,2
AR,Houston,2
ID,Hope,2
ND,Rogers,2
PA,New Derry,2
PA,Kennerdell,2
MO,Pleasant Hope,2
DE,Ocean View,2
NE,Arcadia,2
MT,Bynum,2
MN,Jasper,2
ND,Oberon,2
MO,Cardwell,2
IA,Auburn,2
MO,Lewistown,2
AR,Natural Dam,2
CA,East Kern,2
TX,Industry,2
ND,Wolford,2
TN,Williston,2
MN,Clearbrook,2
NY,Canaseraga,2
NE,Du Bois,2
KS,Bern,2
IA,Paullina,2
LA,Singer,2
IA,Seymour,2
NC,Camden,2
TN,Trezevant,2
WI,Antioch,2
MO,Harrisburg,2
WY,Dubois,2
AR,Ozone,2
ND,Ryder,2
MD,Still Pond,2
WV,Glenville,2
MD,Royal Oak,2
IN,Bruceville,2
PA,Quakake,2
MA,Ware,2
FL,Richland,2
NE,Bassett,2
WY,Moran,2
LA,French Settlement,2
VT,New Haven,2
ME,Vassalboro,2
NY,De Kalb Junction,2
OK,Lexington,2
OH,Dorset,2
WI,Mount Calvary,2
MS,Ackerman,2
WY,Etna,2
MO,Kirksville,2
IN,Star City,2
WI,Dorchester,2
NH,Jackson,2
NE,Grant,2
ND,Fredonia,2
MI,Hickory Corners,2
MI,Orchard Lake,2
TN,Townsend,2
IA,Grand River,2
WA,Greenbank,2
GA,Stockton,2
ME,Eliot,2
NY,Harrisville,2
MI,Hale,2
MO,Augusta,2
CT,East Hartland,2
GA,Garfield,2
MA,Lanesborough,2
TX,Buna,2
UT,Bingham Canyon,2
IL,Virginia,2
TN,Pigeon Forge,2
IL,Meredosia,2
IL,Mt Carmel,2
LA,Franklin,2
LA,Forest Hill,2
MA,Huntington,2
AL,Woodland,2
NH,Rye,2
OH,Middle Point,2
OH,Franklin Furnace,2
OH,Bradford,2
AL,Spruce Pine,2
OH,Smithville,2
IN,Unionville,2
OK,Hinton,2
NJ,Fort Dix,2
OH,Richmond Dale,2
MS,Marks,2
ME,Glenburn,2
MA,Princeton,2
IA,Lisbon,2
VT,Barnet,2
PA,Ashley,2
MD,Fawn Grove,2
WI,Wilton,2
KS,Scranton,2
MO,Smithville,2
WA,Grays River,2
GA,Canon,2
WI,Cadott,2
NH,Surry,2
NV,Panaca,2
MA,Shirley,2
MA,Amherst,2
OH,Dresden,2
AL,Ward,2
ME,Bridgton,2
ME,New Sweden,2
NH,Danville,2
VT,South Newfane,2
ME,Bryant Pond,2
MS,University,2
MA,Easthampton,2
NE,Dodge,2
MO,Marston,2
NY,Edgewood,2
MS,Bentonia,2
NJ,Garwood,2
TX,Rocksprings,2
TX,De Kalb,2
NJ,Haledon,2
OH,Saint Marys,2
NJ,West Caldwell,2
ME,Codyville Plt,2
TX,Atlanta,2
TX,Somerset,2
OK,Hulbert,2
MN,Pipestone,2
KS,Baldwin City,2
RI,Rumford,2
OK,Cushing,2
ME,Warren,2
ME,Denmark,2
VA,Hiltons,2
MI,Birmingham,2
IL,Lovejoy,2
OH,Danville,2
VT,Shoreham,2
MD,District 14,2
VT,Cuttingsville,2
IL,Kingston,2
KS,Cottonwood Falls,2
TX,Kingsville,2
TX,Moore,2
MA,Shutesbury,2
IL,Monmouth,2
OK,Mangum,2
PA,Nanticoke,2
WI,Bloomer,2
TN,Brighton,2
OK,Mannford,2
PA,Lawrence,2
MI,Moran,2
NM,Cloudcroft,2
IL,Sleepy Hollow,2
WA,Republic,2
AL,Kimberly,2
TX,Johnson City,2
WI,Mayville,2
IA,Mingo,2
NY,Rockaway Beach,2
MO,Jasper,2
IL,Johnsburg,2
PA,Clifton Township,2
MS,Tylertown,2
MI,Elmira,2
DE,Dewey Beach,2
NY,Orient,2
FL,South Daytona,2
NY,Saranac,2
NY,Modena,2
CO,Yellow Jacket,2
PA,Rockhill Furnace,2
CO,Hooper,2
SD,Cherry Creek,2
TN,Michie,2
ND,Aneta,2
PA,Renfrew,2
AR,Watson,2
PA,Stevensville,2
TX,Detroit,2
TX,Goodrich,2
ND,Upham,2
MO,Willow Springs,2
PA,Parkhill,2
TX,Vancourt,2
OH,Reno,2
AR,Desha,2
IN,Owensburg,2
NM,Nara Visa,2
IN,Culver,2
PA,Shanksville,2
CA,Victor,2
TX,Anson,2
NE,Mason City,2
WV,Maxwelton,2
PA,Nelson,2
ND,Saint Anthony,2
NY,Hamden,2
AR,Marvell,2
AZ,Second Mesa,2
MO,Dexter,2
OH,Conesville,2
MT,Ethridge,2
ND,Kramer,2
MT,Inverness,2
WI,Saxon,2
WI,Aniwa,2
WI,Campbellsport,2
MO,Spokane,2
NE,Blue Springs,2
ND,Hope,2
AR,Blevins,2
MI,Engadine,2
NY,Sharon Springs,2
NC,Prospect Hill,2
MI,Dowling,2
WY,Farson,2
AR,Fox,2
IA,Harcourt,2
KS,Ford,2
DC,Hyattsville,2
MO,Fremont,2
CA,Fort Bidwell,2
AR,Centerton,2
MD,Clearwater Beach,2
NJ,Allenhurst,2
GA,Weston,2
ND,Underwood,2
IA,Wall Lake,2
KS,Spivey,2
TX,Trinity,2
OH,Norton,2
MN,Herman,2
MT,Fort Peck,2
TX,Round Top,2
NY,Adams,2
AR,Melbourne,2
SC,Shaw Air Force Base,2
NE,Silver Creek,2
IA,Bradgate,2
ME,Dresden,2
MO,Half Way,2
IA,Onslow,2
NJ,Avon By the Sea,2
NY,Bliss,2
MO,Miller,2
MO,Middletown,2
NY,Hoffmeister,2
WY,Albin,2
ND,Arthur,2
IA,Walford,2
DE,Woodside,2
PA,Normalville,2
NC,Southern Pines,2
IA,Elberon,2
WA,Omak,2
NY,Northville,2
MT,Ringling,2
ND,Napoleon,2
KY,Lost Creek,2
MN,Kinney,2
ND,Fessenden,2
KY,Mt Sterling,2
AR,Pleasant Grove,2
GA,Screven,2
WY,Basin,2
NY,Union Springs,2
WY,Beulah,2
NM,Holman,2
WA,Uniontown,2
TN,Trenton,2
NY,Sackets Harbor,2
MS,Bay Springs,2
IA,Keota,2
MS,Golden,2
CA,West Colusa,2
ND,Glenfield,2
NE,Mclean,2
IA,Laurel,2
MO,Novinger,2
MS,Dennis,2
VA,Etlan,2
PA,Carlton,2
WA,Colton,2
MN,Hardwick,2
TN,Lascassas,2
NM,Chama,2
PA,Milmont Park,2
OR,Portland West,2
MN,Sciota,2
KS,Matfield Green,2
WI,Prairie du Chien,2
VT,Thetford Center,2
VT,Brookfield,2
MI,Jasper,2
MI,Rose City,2
NC,Kelly,2
ME,Casco,2
NY,Natural Bridge,2
NY,Keene,2
MI,White Cloud,2
WI,Gillett,2
IN,Switz City,2
NM,Ojo Caliente,2
MI,East Jordan,2
WI,Chili,2
ID,Challis,2
GA,Helen,2
KS,Wakeeney,2
WI,Highland,2
MS,Bude,2
OK,Blackwell,2
GA,Lakeland,2
ID,Leadore,2
WI,Mountain,2
NM,Vallecitos,2
WI,Birnamwood,2
MI,Fairview,2
CT,Lisbon,2
TX,Llano,2
AL,Fort Davis,2
OH,Hopedale,2
NH,Plainfield,2
OH,Rockford,2
OK,Perry,2
MI,Freeport,2
TX,Bartlett,2
TX,Bridge City,2
NH,Center Tuftonboro,2
IL,East St. Louis,2
NH,Twin Mountain,2
PA,Nesquehoning,2
MO,Hawk Point,2
NY,Peconic,2
NH,Newbury,2
TX,Nederland,2
WA,East Whatcom,2
OH,Cardington,2
PA,Colver,2
OH,Kingston,2
MI,Wales,2
WA,Westport,2
KY,Fort Knox,2
IN,Bourbon,2
VT,Shelburne,2
OK,Caddo,2
WA,Port Gamble,2
TN,Paris,2
PA,Wallaceton,2
OH,West Union,2
AL,Gainesville,2
TX,Kennard,2
NY,Ocean Beach,2
TN,Bybee,2
GA,Ray City,2
MI,Richmond,2
OH,Hartville,2
WI,North Freedom,2
MI,Walled Lake,2
NJ,Mendham,2
NH,Barnstead,2
ID,Roberts,2
OH,Paris,2
OK,Okarche,2
IN,Hope,2
MA,Dalton,2
IA,Oakland,2
MO,Liberal,2
IN,Laketon,2
NY,West Valley,2
ME,North Yarmouth,2
VT,Bristol,2
VT,Plainfield,2
TX,Abernathy,2
VT,Brandon,2
OH,Bremen,2
TX,Itasca,2
IL,Alpha,2
ME,Arundel,2
IL,Avon,2
VT,Highgate Center,2
OR,Northwest Clackamas,2
IL,El Paso,2
TX,Keene,2
NE,Nickerson,2
VT,South Londonderry,2
AL,Dixons Mills,2
NH,Piermont,2
ME,Harmony,2
VT,Pownal,2
MA,Cherry Valley,2
VT,Shaftsbury,2
LA,Pierre Part,2
TX,Encino,2
WA,Normandy Park,2
MI,Walker,2
NJ,Gibbsboro,2
PA,Elton,2
KS,Clearwater,2
IL,Hennepin,2
IA,Clarinda,2
NJ,Upper Saddle River,2
VT,Wardsboro,2
PA,Petrolia,2
PA,East Liberty,2
FL,Parkland,2
NY,Lawtons,2
NY,Berkshire,2
GA,Leary,2
AL,Sylvania,2
GA,Knoxville,2
MA,Dennis Port,2
NJ,Belle Mead,2
TX,Weinert,2
MN,Clontarf,2
NY,Cassadaga,2
MI,Hart,2
LA,Coushatta,2
NY,Williamsville,2
OH,Saint Paris,2
NY,Mayville,2
OK,Okemah,2
TN,Troy,2
PA,Dupont,2
IL,Leland,2
WA,Coulee Dam,2
MD,Mount Savage,2
NJ,Manville,2
CA,Hidden Hills,2
NJ,Ocean Grove,2
NY,Findley Lake,2
NY,Maryland,2
NJ,Woodland Park,2
IN,Whiting,2
TX,Benbrook,2
MO,Meramec,2
TX,La Joya,2
PA,Crafton,2
PA,Cuddy,2
ND,Dodge,2
MO,Urich,2
AR,Pettigrew,2
TN,Greenfield,2
NC,Roxobel,2
NY,Chazy,2
MI,Mio,2
WY,Torrington,2
KS,Lansing,2
IA,Renwick,2
FL,Ave Maria,2
TN,Middleton,2
NE,Bertrand,2
NJ,Three Bridges,2
KS,Brookville,2
TX,Ravenna,2
MI,Palmyra,2
PA,Holbrook,2
IA,Imogene,2
IL,White Hall,2
TN,Buena Vista,2
MO,Rush Hill,2
ND,Amenia,2
PA,Loysburg,2
CO,Vernon,2
WA,North Bonneville,2
AR,Summers,2
TX,Seminole,2
WV,Brandywine,2
PA,Chalkhill,2
TX,Chappell Hill,2
TX,North Zulch,2
PA,Hartleton,2
PA,Brush Valley,2
CO,Lewis,2
TX,Freer,2
MN,Campbell,2
AR,Glencoe,2
PA,Kent,2
WY,Bondurant,2
AL,Arlington,2
WY,Yoder,2
KS,Olsburg,2
GA,Allenhurst,2
IA,Lake View,2
KS,Westmoreland,2
NE,Beaver City,2
AR,Little Rock Air Force Base,2
NV,Valmy,2
CO,Dacono,2
VA,Woodberry Forest,2
PA,Montour,2
MO,Moberly,2
ID,Nezperce,2
MI,Ceresco,2
NY,Mellenville,2
OH,Terrace Park,2
CT,Weatogue,2
WI,Wheeler,2
NM,Maxwell,2
GA,Damascus,2
PA,Analomink,2
ID,Kingston,2
WI,Princeton,2
IA,Luzerne,2
WY,Hawk Springs,2
TX,Granbury,2
MD,Patuxent River,2
MT,Paradise,2
AR,Norfork,2
MT,Birney,2
AR,Richland,2
PA,Hereford,2
NE,Weston,2
UT,Hyrum,2
TN,Dixon Springs,2
AR,Clarendon,2
MT,Plevna,2
WV,Mount Nebo,2
TX,Dell City,2
IA,Richland,2
IL,Chester,2
NM,Tohatchi,2
ND,Pekin,2
TN,Mulberry,2
ND,Dunn Center,2
TN,Clairfield,2
PA,Covington Township,2
TN,Vanleer,2
WV,Hambleton,2
NC,Ferguson,2
TX,Gary,2
PA,Cabot,2
NY,Lewis,2
WV,Linn,2
MO,Reeds Spring,2
ID,Wilder,2
NY,South Otselic,2
WV,Smithers,2
NM,Des Moines,2
MT,Highwood,2
NY,Morris,2
SD,Geddes,2
IN,Freetown,2
AR,Rosston,2
PA,Hartstown,2
NM,Los Alamos,2
KS,Haviland,2
KS,Long Island,2
WV,Meadow Bridge,2
MN,Edgerton,2
IA,Dickens,2
MS,Centreville,2
AR,Saint Joe,2
ND,South Heart,2
IA,Ridgeway,2
CA,Lake Tahoe,2
WV,Wallback,2
ME,Mechanic Falls,2
WI,Fredonia,2
ID,Cocolalla,2
NY,Brooktondale,2
MI,Holton,2
MI,Barton City,2
WI,Barton,2
ID,Pollock,2
NH,Randolph,2
MD,Mc Henry,2
TN,Atwood,2
VT,Guildhall,2
NY,Burke,2
ID,Deary,2
IN,Wingate,2
CO,Cope,2
OH,Brilliant,2
ME,Wiscasset,2
NC,Wrightsville Beach,2
PA,Newry,2
NE,Coleridge,2
WI,Berlin,2
TX,Paducah,2
IL,Momence,2
MA,North Truro,2
MA,Medway,2
AL,Kennedy,2
OH,Curtice,2
IN,Borden,2
MA,Southbridge,2
IA,Moorland,2
MA,Indian Orchard,2
AL,Toxey,2
IA,Woodburn,2
KY,Lawrenceburg,2
AL,Red Bay,2
VT,Weston,2
NY,Stanley,2
IL,Rutland,2
TX,Linn,2
TX,Dumas,2
MI,Algonac,2
MD,Westernport,2
PA,Mount Washington,2
MI,Kimball,2
OH,Hanoverton,2
NH,East Wakefield,2
TN,Church Hill,2
PA,Franklintown,2
NY,North Bay,2
OK,Enid,2
WA,Fox Island,2
MS,Ovett,2
MI,Eastpointe,2
IL,Wyanet,2
IN,Monticello,2
KS,Chanute,2
OK,Fort Gibson,2
AL,Florala,2
OH,Conover,2
NY,Hagaman,2
MA,Grafton,2
TX,Penitas,2
FL,Lauderdale By The Sea,2
IA,La Motte,2
AL,Mulga,2
TX,Jasper,2
VT,East Montpelier,2
OH,Caledonia,2
ME,Oakfield,2
TN,Munford,2
IL,Lawndale,2
NY,Lakewood,2
IL,Auburn,2
MA,North Brookfield,2
MO,Wooldridge,2
VT,Vernon,2
IL,Fenton,2
MS,Soso,2
NH,Ashuelot,2
VA,Fort Eustis,2
OH,Fulton,2
MD,Fairmount Heights,2
OH,Concord Twp,2
NH,New Durham,2
TX,Alto,2
PA,Summit Hill,2
NH,Kensington,2
OH,Antwerp,2
TX,Quanah,2
IL,Grand Ridge,2
RI,Greene,2
IN,Osceola,2
IL,Eureka,2
LA,Delhi,2
NH,Lisbon,2
KY,Cromwell,2
OH,Waynesfield,2
OH,Olmsted Twp,2
TX,Fayetteville,2
LA,Donaldsonville,2
OH,Fostoria,2
NH,Newmarket,2
MA,Northfield,2
ME,South Paris,2
ME,Medway,2
OH,Pleasant Plain,2
AL,Bayou La Batre,2
TX,Mountain Home,2
GA,Lindale,2
IL,Orion,2
WA,West Richland,2
VT,Ripton,2
IL,Saint Jacob,2
AL,Dolomite,2
WA,Carbonado,2
VT,Vergennes,2
PA,Gulph Mills,2
OH,Union,2
LA,Patterson,2
OR,Jasper,2
IA,Camanche,2
OH,Lakeville,2
WA,Lakebay,2
GA,Plainville,2
WA,Wilkeson,2
WA,Evans,2
TN,Rives,2
UT,Emery,2
NJ,Mount Arlington,2
IN,Converse,2
TX,Rusk,2
KY,Turners Station,2
VT,Fairlee,2
NH,Acworth,2
VT,Bondville,2
NJ,Sandyston,2
NH,Freedom,2
NY,East Marion,2
TX,Lumberton,2
NY,Narrowsburg,2
UT,Central Valley,2
GA,Colbert,2
NY,Jeffersonville,2
WA,Cougar,2
NY,Elba,2
LA,Violet,2
AL,Lake View,2
IL,Rockton,2
NY,West Hurley,2
CA,Sherwood Forest,2
TX,Sudan,2
LA,Amite,2
OK,Elgin,2
TX,Burnet,2
AZ,Peeples Valley,2
MO,Chillicothe,2
GA,Omaha,2
AL,Fruitdale,2
NE,Carroll,2
NJ,Haworth,2
WI,Crivitz,2
OH,Minster,2
PA,Oswayo,2
MS,Mc Carley,2
AL,Trenton,2
MI,Millersburg,2
LA,Homer,2
WA,Algona,2
MA,Windsor,2
MO,Leslie,2
VT,Morrisville,2
NH,Tamworth,2
TX,Zavalla,2
IL,Sheridan,2
IA,Moville,2
TX,Harker Heights,2
VT,West Charleston,2
TX,Ozona,2
NJ,Monmouth Beach,2
OH,Bay Village,2
TX,Daingerfield,2
IL,Roodhouse,2
MO,Silex,2
TX,Alice,2
WI,Horicon,2
VA,Three Chopt,2
AL,Higdon,2
FL,West Brevard,2
LA,Livonia,2
IL,Putnam,2
IA,Greeley,2
VT,Underhill,2
MD,Sharpsburg,2
NJ,Old Tappan,2
MS,Lyon,2
LA,Maurice,2
VT,Island Pond,2
VT,Hyde Park,2
WA,Zillah,2
TX,Barstow,2
MO,Fredericktown,2
WI,Colgate,2
CO,Arlington,2
VT,Jeffersonville,2
KS,Mulvane,2
VA,Glen Lyn,2
TX,Bertram,2
NJ,Gillette,2
RI,Chepachet,2
NC,Hobgood,2
CA,Canyon Lake,2
KS,Carbondale,2
IN,Pierceton,2
IL,Eldorado,2
VA,Bee,2
NH,Francestown,2
TX,Van Alstyne,2
MS,Shaw,2
PA,Penn Hills,2
NM,Clovis,2
NY,Esopus,2
OH,Leesburg,2
MO,New Cambria,2
KS,Liberal,2
PA,McEwensville,2
WY,Rolling Hills,2
NJ,Picatinny Arsenal,2
WI,Trego,2
WV,Belleville,2
NE,Winside,2
NY,Atlantic Beach,2
MO,El Dorado Springs,2
PA,Venango,2
IA,Odebolt,2
TN,Burlison,2
PA,Thompson,2
WV,Newburg,2
TX,Olton,2
MO,Archie,2
TX,Colmesneil,2
VA,Virginia State University,2
PA,Starrucca,2
WV,Ansted,2
NY,Little Genesee,2
IN,Kewanna,2
WV,New Martinsville,2
WV,Moundsville,2
TX,Toyah,2
PA,Primos,2
IA,Mt Ayr,2
NC,Bennett,2
IA,Rock Rapids,2
IN,Heltonville,2
TX,Hamlin,2
CO,Palmer Lake,2
MO,Holliday,2
PA,Rillton,2
MS,Foxworth,2
TX,Roxton,2
TX,Shiner,2
IL,Rapids City,2
IL,Rockbridge,2
CT,Salisbury,2
WA,Springdale,2
OH,Burgoon,2
TX,Hidalgo,2
NY,Copenhagen,2
KY,Stanton,2
WV,Maysville,2
TX,Mason,2
IN,Cedar Grove,2
TX,Randolph,2
KS,Nickerson,2
IN,Redkey,2
TX,Calvert,2
PA,Hyde,2
VA,Nora,2
AR,Tichnor,2
OH,Dexter City,2
WY,Smoot,2
WA,Grandview,2
TN,Lynchburg,2
WV,Birch River,2
MO,Hunnewell,2
AL,Houston,2
OR,Milton-Freewater,2
PA,Starlight,2
MN,Lutsen,2
CO,Mc Coy,2
TX,Briggs,2
IL,Waltonville,2
PA,New Baltimore,2
PA,North Washington,2
PA,Ellsworth,2
TX,Milano,2
ND,Jud,2
VA,Dugspur,2
AL,Gilbertown,2
ND,Flasher,2
CO,Lucerne,2
OH,Portland,2
IN,Wheeler,2
IL,Forreston,2
MS,Aberdeen,2
PA,Westmoreland City,2
TX,Megargel,2
MN,Nashua,2
CA,Weimar,2
IN,Mariah Hill,2
AL,Coffeeville,2
VA,Hudgins,2
MT,Stockett,2
WI,Merrillan,2
IA,Elma,2
SD,New Underwood,2
MD,Tilghman,2
WV,Davis,2
TX,Deport,2
TX,Center,2
PA,Brackenridge,2
MO,Callao,2
MT,Ramsay,2
WV,Glen Jean,2
CA,Sunset Beach,2
MI,Rodney,2
CA,Stirling City,2
KS,Rago,2
MI,Fenwick,2
TX,Concan,2
PA,Mt Bethel,2
TN,Parrottsville,2
ND,Sheyenne,2
CA,Miranda,2
MO,Collins,2
CA,Willow Creek-Hoopa Valley,2
NY,Wellesley Island,2
WI,Grantsburg,2
MT,Kevin,2
MI,Mackinaw,2
MT,Heart Butte,2
KS,Maple Hill,2
TN,Whiteside,2
NE,Rogers,2
NE,Ashton,2
CA,Campo Seco,2
AZ,Wikieup,2
KY,Pendleton,2
WV,Bartow,2
NY,Cowlesville,2
ND,Dunseith,2
ND,Denhoff,2
NC,Bayboro,2
OH,Gahanna,2
FL,Indialantic-Melbourne Beach,2
IA,Allison,2
CO,Almont,2
MO,Park Hills,2
TN,Pleasant Shade,2
PA,Seneca,2
PA,Cooperstown,2
PA,Cranesville,2
TN,Shady Valley,2
ND,Scranton,2
MO,Lexington,2
CA,Forks Of Salmon,2
MS,Rose Hill,2
KS,Columbus,2
FL,Eaton Park,2
ND,New Rockford,2
ND,Alfred,2
SD,Valley Springs,2
NM,El Prado,2
ND,Geneseo,2
PA,Hunlock Creek,2
DE,Wyoming,2
GA,Pitts,2
NV,Gerlach,2
IA,Strawberry Point,2
FL,Estero Island,2
ND,Park River,2
MT,Forest Grove,2
IN,La Crosse,2
VA,White Plains,2
IA,Searsboro,2
AR,Scotland,2
TN,Pleasantville,2
ND,Lamoure,2
NE,Inman,2
DE,Viola,2
ID,Teton,2
PA,Bessemer,2
MN,Leonard,2
KS,Formoso,2
NC,McGrady,2
PA,East Smithfield,2
TN,Duff,2
UT,Hyde Park,2
MN,Ceylon,2
KS,Netawaka,2
NE,Ansley,2
AR,Hattieville,2
LA,Lillie,2
MN,Wheaton,2
TN,Indian Mound,2
PA,Townville,2
KY,Morganfield,2
ND,Mercer,2
ND,Coleharbor,2
IA,Audubon,2
ND,Binford,2
NY,Bernhards Bay,2
IA,Columbia,2
IN,Tell City,2
WV,Parsons,2
IN,Roann,2
NM,Ponderosa,2
NC,Longwood,2
NE,Blue Hill,2
IL,Lenzburg,2
NC,Merritt,2
KS,Oakley,2
UT,Genola,2
AR,Saffell,2
PA,Slovan,2
MD,Beallsville,2
SD,Iroquois,2
PA,Seanor,2
KS,Turon,2
MD,Brownsville,2
PA,Rector,2
MO,Green Castle,2
MA,North Adams,2
MO,Ravenwood,2
WA,Trout Lake,2
NE,Bladen,2
AR,Banks,2
MS,Quitman,2
PA,Utica,2
NY,Newark Valley,2
TN,Chestnut Mound,2
PA,Snydertown,2
AL,Mc Intosh,2
WV,Mathias,2
ME,Belgrade,2
ME,Kingfield,2
NY,Belleville,2
NJ,Deal,2
VT,Lunenburg,2
MI,Covington,2
PA,Hilltown,2
NY,Wyoming,2
NH,Intervale,2
MN,New Trier,2
ME,Amherst,2
IA,Defiance,2
LA,Campti,2
IN,Scipio,2
NY,Ellenburg Center,2
WI,Westby,2
ME,Fryeburg,2
NY,Clayton,2
NY,Bloomingdale,2
IL,Tennessee,2
IA,Osage,2
OK,Anadarko,2
WA,Garfield,2
IN,Vevay,2
IL,Mason City,2
TX,Rosanky,2
MI,Sagola,2
WV,Northfork,2
VT,Hartland,2
ME,West Enfield,2
GA,Ranger,2
MI,Frankfort,2
NE,Belden,2
NE,Alliance,2
IN,Wheatfield,2
IN,New Ross,2
WI,Marinette,2
IN,Lucerne,2
NY,Dickinson Center,2
GA,Bartow,2
ME,Monticello,2
NH,Pinkhams,2
OH,Big Prairie,2
OH,Scio,2
WY,Baggs,2
NY,Glenford,2
ID,Lucile,2
WA,Beverly,2
NY,Springfield Center,2
MI,Stockbridge,2
WI,Cuba City,2
AR,Higginson,2
MI,Suttons Bay,2
AL,Vandiver,1
TX,Riesel,1
OH,Crooksville,1
PA,Troutville,1
NE,Halsey,1
MI,Ira,1
NM,Pecos,1
OH,Freeport,1
PA,Macungie,1
TX,Somerville,1
TX,Mt Enterprise,1
IL,Sadorus,1
IL,Lee,1
PA,White Deer,1
OH,Cheshire,1
IL,Philo,1
NH,Center Conway,1
OH,Haviland,1
MD,St Leonard,1
WA,Suquamish,1
PA,Smokerun,1
PA,Le Raysville,1
OH,Laurelville,1
IL,Atkinson,1
LA,Robeline,1
OK,Smithville,1
NJ,Delanco,1
IL,Mazon,1
MO,Canton,1
KY,Lebanon,1
OH,Jenera,1
AL,New Market,1
MI,Ray,1
OH,Greenfield,1
PA,Cherryville,1
TX,Port Isabel,1
IL,Pleasant Plains,1
CT,North Branford,1
TN,Milan,1
PA,Brandamore,1
MA,Washington,1
OH,Wayne,1
IA,Boxholm,1
KS,Caldwell,1
IL,Cullom,1
AL,Jachin,1
KS,Morland,1
WI,Kewaunee,1
WI,Ridgeway,1
TX,Etoile,1
KY,Drakesboro,1
CO,Louviers,1
ME,Industry,1
WV,Camden on Gauley,1
WI,Reedsville,1
IA,Galva,1
OK,Lone Grove,1
OH,Green Springs,1
IL,Forrest,1
TX,Red Rock,1
MO,Catawissa,1
WI,Hustisford,1
AL,Hatchechubbee,1
ME,Wales,1
AL,Estillfork,1
VT,Washington,1
TX,Wells,1
TX,Pyote,1
ME,Gorham,1
IA,Middletown,1
LA,Springfield,1
WI,Scandinavia,1
TX,Collinsville,1
KY,Rush,1
TX,Wolfforth,1
MS,Woodville,1
VT,North Montpelier,1
MI,Stanwood,1
OK,Noble,1
WI,Arcadia,1
MA,Williamsburg,1
WV,Crab Orchard,1
VA,Davenport,1
ME,Livermore Falls,1
TX,Burkeville,1
OH,Shreve,1
ME,Corinna,1
IL,Compton,1
OH,Williston,1
OH,Spencerville,1
IL,Mount Sterling,1
WA,Clarkston,1
RI,Manville,1
NH,Benton,1
VT,West Halifax,1
IL,Pana,1
TX,Hudson Oaks,1
MO,Houston,1
MO,Senath,1
WI,Stratford,1
NY,Mineville,1
VA,Fries,1
AL,Valhermoso Springs,1
KY,Woodburn,1
NH,Stark,1
MI,Clawson,1
IL,Mount Morris,1
KY,Ryland Heights,1
IL,Concord,1
NC,Hoffman,1
VT,Northfield,1
OK,Wheatland,1
GA,Alston,1
MA,West Dennis,1
KS,Iola,1
KS,Ellis,1
KS,Brewster,1
TX,Willow City,1
TN,Oakfield,1
MI,Luzerne,1
OK,Jennings,1
IL,Ringwood,1
CO,Snyder,1
CO,Virginia Dale,1
WI,Saint Germain,1
IL,Sparland,1
WI,Fairchild,1
CO,Hasty,1
NC,Whispering Pines,1
TX,Camp Wood,1
NJ,Dorothy,1
WI,Catawba,1
OK,Drumright,1
NY,Warnerville,1
OK,Locust Grove,1
IN,Monroe,1
PA,Falls,1
PA,Russellton,1
WI,Laona,1
TX,Huntington,1
MS,Houston,1
IA,Cumberland,1
NC,Mc Adenville,1
PA,West Finley,1
NY,Medusa,1
NY,Olcott,1
SC,West Columbia-Cayce,1
VA,Green Spring,1
LA,Bastrop,1
TN,District 21,1
NE,Saint Paul,1
IA,Lohrville,1
IA,Fonda,1
AZ,Eden,1
VT,North Clarendon,1
OK,Pryor,1
MA,Conway,1
LA,Franklinton,1
WV,Chester,1
GA,Murrayville,1
IN,Bicknell,1
IL,Kenney,1
WI,Boyd,1
PA,Maple Glen,1
CA,South Santa Clara Valley,1
MI,Empire,1
VT,North Bennington,1
IA,Kimballton,1
OH,Russia,1
LA,Wilson,1
IN,Macy,1
PA,Morris Run,1
VA,Happy Creek,1
MS,Scooba,1
TX,Boling,1
MD,District 1,1
KY,Southeast Jefferson,1
IL,East Dundee,1
MI,Bear Lake,1
SC,Waccamaw Neck,1
TX,San Antonio North,1
TX,Brookeland,1
WV,Eleanor,1
NY,Lake Huntington,1
MN,Naytahwaush,1
ND,Noonan,1
CA,Proberta,1
WA,Touchet,1
TX,Kendleton,1
TX,Rainbow,1
MO,Morrisville,1
WV,Rupert,1
ND,Ross,1
FL,Suwannee,1
TN,Halls,1
SC,Mayo,1
LA,New Roads,1
TX,May,1
CA,Surfside,1
KS,Wright,1
PA,Oliveburg,1
WV,Alderson,1
MO,Forest City,1
TX,Dawn,1
WV,Meadow Creek,1
OH,Malvern,1
ND,Goodrich,1
WV,Harrisville,1
NE,Salem,1
PA,Bowmanstown,1
PA,West Pittston,1
KY,Adairville,1
OH,McClure,1
SC,Gifford,1
IN,Hillsboro,1
MT,Glen,1
UT,Bicknell,1
GA,Coolidge,1
LA,St Martinville,1
KS,Offerle,1
NY,Speculator,1
MI,Riley,1
TX,Normanna,1
OK,Colcord,1
SC,Vaucluse,1
WV,Arnoldsburg,1
IL,Hodgkins,1
NM,Salem,1
MS,Cedarbluff,1
PA,Sturgeon,1
KS,Mound Valley,1
WV,St Marys,1
IA,Westfield,1
IN,Napoleon,1
KS,Wathena,1
GA,Rhine,1
MO,Crane,1
CA,Flournoy,1
MI,Twin Lake,1
OK,Leon,1
WV,Reedsville,1
WI,Prairie Du Chien,1
IA,Sac City,1
OH,Pioneer,1
KY,Fordsville,1
ND,Kintyre,1
DC,Chevy Chase,1
CA,Iowa Hill,1
ND,Forbes,1
IN,Boswell,1
AR,Blue Mountain,1
NY,North Greece,1
FL,Reddick-McIntosh,1
IA,Grundy Center,1
ND,Minot AFB,1
ND,Adams,1
SC,Peak,1
NE,Oakdale,1
MT,Brusett,1
DE,Kenton,1
ID,Bancroft,1
WV,Glasgow,1
MT,Crane,1
TN,Winfield,1
NM,Clayton,1
MO,Lockwood,1
IA,Elgin,1
ME,Jay,1
TX,Horseshoe Bay,1
IA,Lamont,1
IA,Harvey,1
AR,State University,1
IA,Blakesburg,1
MT,Galata,1
TN,Sherwood,1
PA,Gwynedd,1
MI,Remus,1
KS,Fall River,1
IA,Saint Olaf,1
MT,Pryor,1
NE,Martell,1
TX,Buckholts,1
KY,Stamping Ground,1
MT,Malmstrom AFB,1
NM,La Mesa,1
MS,Ripley,1
UT,Laketown,1
ND,Edinburg,1
UT,Randolph,1
NM,Trementina,1
ND,Mott,1
NM,McAlister,1
AR,West Helena,1
MO,Sedalia,1
TX,River Oaks,1
NM,Rociada,1
IL,West Brooklyn,1
ME,Dixfield,1
OH,Garfield Heights,1
MO,Osborn,1
MO,Paris,1
PA,Trexlertown,1
IL,Park Forest,1
PA,Kintnersville,1
CA,West Santa Cruz,1
MI,Burt,1
ME,Harrison,1
ID,Preston,1
OH,Walnut Hills,1
ME,Chelsea,1
WI,Trevor,1
NE,Superior,1
VT,Manchester Center,1
WY,Alcova,1
MN,Schroeder,1
WI,Glen Flora,1
TX,Dickens,1
OK,Asher,1
KY,Campton,1
ID,Gooding,1
NH,Bartlett,1
KS,Dorrance,1
VT,Bridport,1
MO,Elmo,1
SD,Spencer,1
MI,Carney,1
OK,Nowata,1
NH,Hanover,1
TN,Mc Kenzie,1
VT,Arlington,1
VT,Wolcott,1
VT,Ascutney,1
WI,Spooner,1
WV,Victor,1
KS,Assaria,1
MS,Clarksdale,1
MI,Lawton,1
WA,Nooksack,1
UT,American Fork-Pleasant Grove,1
ME,New Vineyard,1
ME,Pittston,1
ME,Stoneham,1
GA,Bridgeboro,1
IA,Russell,1
IA,Greenfield,1
MA,West Brookfield,1
IL,Sandwich,1
TX,Silsbee,1
GA,Denton,1
LA,Starks,1
OH,Zaleski,1
KY,Rochester,1
MO,Bucklin,1
NH,Charlestown,1
PA,Indianola,1
TX,Lockney,1
NH,Hopkinton,1
KY,Silver Grove,1
RI,Narragansett,1
IL,Herscher,1
TX,Tenaha,1
KS,Raymond,1
LA,Olla,1
MO,New Franklin,1
OH,Collins,1
KY,Rockport,1
NM,Cleveland,1
SC,Charleston Afb,1
LA,Paulina,1
PA,Jackson,1
NH,Roxbury,1
ME,Newport,1
TX,Brownfield,1
RI,Bradford,1
MO,Carrollton,1
VT,East Dover,1
MI,Oakley,1
AZ,Hayden,1
NJ,Stafford,1
AL,Leroy,1
IN,Brook,1
OH,McDermott,1
CO,Evans,1
IL,Tamms,1
KY,Guston,1
MI,Atlanta,1
WI,Palmyra,1
VT,Orleans,1
LA,Iota,1
IL,Rockdale,1
GA,Clayton,1
WV,Freeman,1
KY,Mount Washington,1
GA,Jewell,1
OK,Cordell,1
MA,Rockport,1
NJ,Port Norris,1
SD,Langford,1
LA,Lake Providence,1
OK,Stigler,1
NH,Etna,1
TX,Wilson,1
OH,Shawnee,1
ME,New Sharon,1
TX,Pointblank,1
PA,Shavertown,1
MO,Seymour,1
VT,West Townshend,1
NY,Olmstedville,1
SD,Milbank,1
ME,Mattamiscontis Twp,1
ME,Wayne,1
VT,Readsboro,1
NH,Newington,1
AL,Fruithurst,1
ME,Washington,1
TX,Melvin,1
GA,Ellerslie,1
NY,Remsenburg,1
IL,Dahlgren,1
IL,Cabery,1
MO,Golden City,1
IL,Marissa,1
NY,Cottekill,1
IL,Kirkland,1
WI,Almond,1
OH,West Portsmouth,1
VT,Dummerston,1
OK,Carney,1
OH,Racine,1
MN,Thief River Falls,1
IL,Oregon,1
PA,Upper Gwynedd,1
CO,Cedaredge,1
WA,Longbranch,1
IL,Kincaid,1
NY,Rouses Point,1
NH,Grafton,1
IA,Stanhope,1
TN,District 1,1
NM,Hillsboro,1
TX,Hebbronville,1
AL,Ranburne,1
NJ,Northvale,1
IN,Pike,1
PA,Chicora,1
NE,Walton,1
KS,Kechi,1
NH,Sharon,1
MI,Lewiston,1
MA,Northbridge,1
NY,Dundee,1
WA,Ilwaco,1
PA,Grand Valley,1
PA,Queen,1
MA,Florence,1
NY,Greenwood Lake,1
IL,Bull Valley,1
TX,Kountze,1
KS,Independence,1
MI,Arcadia,1
WI,Hillsboro,1
MA,Ashfield,1
MS,Macon,1
WI,Freedom,1
TX,Lyford,1
DE,Elsmere,1
WI,Withee,1
IL,Springerton,1
IL,Jerseyville,1
IN,Bath,1
NY,Freedom,1
MA,Nahant,1
MI,Port Hope,1
VA,Saint Charles,1
NH,Greenville,1
PA,Girardville,1
IA,Humboldt,1
NY,Circleville,1
KY,Smiths Grove,1
OK,Gotebo,1
NM,Mayhill,1
AL,Clopton,1
TX,Earth,1
TX,Cookville,1
CO,Tabernash,1
IA,Gibson,1
OH,Quincy,1
NY,Lido Beach,1
WI,Cable,1
PA,Swissvale,1
IN,Lawrence,1
MA,Ashley Falls,1
IN,Mooreland,1
NY,Cattaraugus,1
MO,Middle Brook,1
PA,Conneautville,1
PA,Blawnox,1
OK,Rose,1
AZ,Hotevilla,1
PA,Boyers,1
IL,South Barrington,1
MA,Carlisle,1
NE,Brock,1
MO,Centerview,1
AL,Mount Hope,1
NE,Nemaha,1
VA,Check,1
MO,Fletcher,1
KY,Crofton,1
IL,Milledgeville,1
IL,Lynwood,1
KY,Hillsboro,1
NJ,Longport,1
AL,Millry,1
VT,Berlin,1
IA,Carter Lake,1
TN,Rockvale,1
NE,Geneva,1
MS,Indianola,1
OH,South Bloomingville,1
NY,Lyons,1
SC,Atlantic Beach,1
NC,Hobbsville,1
MO,Richwoods,1
NY,Otisville,1
WI,Kronenwetter,1
NY,Palmyra,1
MD,Sunderland,1
IL,Lacon,1
IL,Canton,1
NY,Hemlock,1
TX,Knott,1
OR,Lorane,1
IN,Galveston,1
OH,Holgate,1
MA,Williamstown,1
WY,Ranchester,1
IL,Parkersburg,1
NY,North Rose,1
GA,Rentz,1
WI,Brunswick,1
WI,Cascade,1
NY,Big Indian,1
IL,Kewanee,1
IA,Larchwood,1
PA,Fairchance,1
NY,Essex,1
OK,Ramona,1
OH,Newburgh Heights,1
MS,Carson,1
OH,Sherwood,1
MI,Perrinton,1
WI,Poy Sippi,1
CA,Olema,1
WI,Viola,1
GA,Rayle,1
MO,Randolph,1
NE,Murdock,1
WV,Raysal,1
PA,Penns Creek,1
ID,Salmon,1
FL,Mango,1
FL,St. Pete Beach,1
WV,Boomer,1
SC,Sardinia,1
SD,Buffalo,1
OH,Deshler,1
MO,Taylor,1
OH,East Rochester,1
PA,Glen Lyon,1
WV,Windsor Heights,1
NE,Crofton,1
MO,Butler,1
NY,Swan Lake,1
ID,Gibbonsville,1
MD,District 7,1
WV,Ranger,1
TX,Brashear,1
WV,Mt Storm,1
MT,Clyde Park,1
SD,Sturgis,1
TN,Bradford,1
LA,Roseland,1
IN,St Paul,1
MT,Ekalaka,1
MO,Norwood,1
PA,Tamiment,1
SD,Edgemont,1
WV,Pratt,1
NY,Woodbourne,1
ND,Sutton,1
OH,Beaverdam,1
TX,Woodsboro,1
KS,Howard,1
PA,Sipesville,1
OH,Poland,1
WV,Renick,1
TN,Walling,1
WV,Gauley Bridge,1
FL,Hurlburt Field,1
IA,Rowan,1
WV,Cottageville,1
MO,Rich Hill,1
MT,Baker,1
WA,Entiat,1
KS,Bloom,1
OH,Gratis,1
NY,West Burlington,1
MN,Redby,1
MO,Aldrich,1
TN,Alexandria,1
OH,East Sparta,1
MO,Dixon,1
GA,Girard,1
SD,Wolsey,1
PA,Mc Connellstown,1
OK,Wewoka,1
LA,Gilliam,1
PA,Alverda,1
WA,McKenna,1
IA,Deep River,1
TN,Sharps Chapel,1
KY,Smithland,1
PA,Ebervale,1
IA,Exira,1
MA,Baldwinville,1
KS,La Crosse,1
PA,Luzerne,1
WA,Cinebar,1
MT,Medicine Lake,1
FL,Panama City Beaches,1
CA,Red Mountain,1
ND,Fingal,1
NE,Wakefield,1
ND,Sheldon,1
ND,Chaseley,1
ID,Oldtown,1
IA,Brighton,1
MO,Ava,1
IA,Thompson,1
AZ,Young,1
FL,Chokoloskee,1
WV,Kermit,1
MO,Ridgedale,1
WV,Gilbert,1
NJ,Fort Monmouth,1
KS,Kingman,1
ND,Finley,1
WA,Walla Walla-College Place,1
NY,Altona,1
NE,Phillips,1
IA,Lost Nation,1
PA,Blanchard,1
CA,Tejon Ranch,1
MT,Antelope,1
NE,Emerson,1
NY,Lindley,1
ND,Dazey,1
TN,Ridgely,1
SD,Springfield,1
OK,Hennepin,1
ID,Homedale,1
NC,Coinjock,1
NE,Oneill,1
LA,Dubberly,1
AR,Dell,1
NY,Philmont,1
NM,Milan,1
NY,Blue Mountain Lake,1
VT,North Pownal,1
WV,Coalton,1
PA,Clarington,1
DC,Fairmount Heights,1
MS,Vossburg,1
LA,Belle Rose,1
MT,Bloomfield,1
NV,Mc Gill,1
ME,Easton,1
NY,Wells,1
VT,Bridgewater Corners,1
TX,Tolar,1
WI,Eagle River,1
NM,Bent,1
NY,Keene Valley,1
ME,Porter,1
IL,Cairo,1
NH,Bretton Woods,1
WI,Two Rivers,1
AR,Township 9,1
LA,Grand Isle,1
ME,West Paris,1
VA,Catoctin,1
SD,Rapid City,1
MO,Palmyra,1
MI,Wakefield,1
MI,Escanaba,1
SD,Fairfax,1
AR,Stamps,1
ME,Manchester,1
ME,Sedgwick,1
NY,Genoa,1
MS,Silver Creek,1
MI,Wellston,1
MI,Garden,1
NY,Black River,1
VT,Peru,1
VT,East Dorset,1
MI,Springfield,1
KY,Hagerhill,1
CT,Plymouth,1
TX,Gordonville,1
VT,Sheldon,1
ME,Upton,1
MS,Mound Bayou,1
KS,Hesston,1
TN,Dellrose,1
NY,Woodhull,1
NE,Arapahoe,1
VT,Richford,1
MI,Marenisco,1
CO,Minturn-Red Cliff,1
ME,Lee,1
GA,Avera,1
MD,Aberdeen Proving Ground,1
NE,Ainsworth,1
OK,Heavener,1
WI,New Auburn,1
SD,Lake Andes,1
ID,Lapwai,1
OK,Prague,1
NJ,Berlin township,1
WY,Midwest,1
IN,Parker City,1
WI,Wales,1
MO,Meadville,1
IA,Milford,1
WI,Eastman,1
NM,Velarde,1
NY,Easton,1
ME,Bridgewater,1
AR,Bluff City,1
GA,Gibson,1
SD,White River,1
KS,Kinsley,1
SD,Lemmon,1
NY,Pond Eddy,1
TX,Munday,1
AL,Fulton,1
NM,Garfield,1
OH,Cable,1
LA,Grambling,1
IN,Cutler,1
CT,Mashantucket,1
VA,Bent Mountain,1
KY,Parkers Lake,1
IL,Pecatonica,1
GA,Leslie,1
OH,Lakeside-Marblehead,1
AL,Franklin,1
IL,Payson,1
OH,Sandyville,1
IA,Ionia,1
ME,Hiram,1
OH,Bainbridge,1
LA,Gueydan,1
IA,Ackley,1
OH,Dillonvale,1
OK,Sayre,1
KY,Harrodsburg,1
GA,Suches,1
KY,Gray,1
KY,Pikeville,1
AL,Ider,1
MS,Inverness,1
MS,Cleveland,1
OH,Hooven,1
LA,Anacoco,1
MS,Smithdale,1
KY,Bronston,1
IL,Villa Ridge,1
TX,Frankston,1
OH,Ada,1
NY,Glenwood Landing,1
WI,Sobieski,1
IL,Henry,1
IN,Denver,1
NH,Carroll,1
OK,Maysville,1
TX,Nevada,1
OH,Williamstown,1
NY,Ray Brook,1
IN,Frankton,1
TX,Palmview,1
TX,Robinson,1
KY,Prestonsburg,1
MA,Cummington,1
WA,Creston,1
IL,Topeka,1
KS,Le Roy,1
NH,Orford,1
TX,Natalia,1
LA,Kinder,1
IN,Otisco,1
WI,Wauzeka,1
OR,Marcola,1
MA,Charlemont,1
TX,Crane,1
NY,West Oneonta,1
WI,Elm Grove,1
IL,Wataga,1
NJ,River Vale,1
VA,Rives,1
PA,South Sterling,1
KY,Milton,1
IL,Rosiclare,1
MA,Cataumet,1
OH,Fresno,1
WI,Belmont,1
ME,Crawford,1
MA,Erving,1
KY,Science Hill,1
NE,Bruning,1
IL,Dewey,1
ME,Crystal,1
SC,Lowndesville,1
ME,Somerville,1
MO,Frankford,1
WA,Long Beach,1
WI,Oakfield,1
ME,Greene,1
MI,Hesperia,1
NY,Mayfield,1
FL,Hillsboro Beach,1
VT,Franklin,1
VT,Grand Isle,1
PA,Coral,1
TX,Lincoln,1
NE,Benkelman,1
OH,Clarksville,1
WI,Albion,1
IL,Amboy,1
WV,Ivydale,1
NY,Cornwall On Hudson,1
IA,Sumner,1
NY,Grahamsville,1
VT,Bradford,1
VT,East Thetford,1
OH,Elida,1
VA,Fairlawn,1
LA,Abbeville,1
OK,Oklahoma City Northwest,1
VT,Barton,1
IL,Elmwood,1
NY,Hogansburg,1
NY,Piseco,1
TX,Mc Dade,1
NJ,Alpha,1
TX,Driftwood,1
TX,Fulshear,1
MS,Banner,1
MD,District 2 Frederick,1
MI,River Rouge,1
MS,Nettleton,1
WY,Meeteetse,1
NY,Mooers Forks,1
LA,Morse,1
IL,Princeville,1
MS,Porterville,1
NJ,Long Beach Township,1
NJ,Emerson,1
TX,Bowie,1
VT,Barre,1
IL,Magnolia,1
MD,Oxford,1
FL,Wimauma-Riverview,1
MA,Otis,1
MA,Granville,1
TX,Eola,1
LA,Cameron,1
NC,Almond,1
OH,West Lafayette,1
SD,Vivian,1
LA,Folsom,1
LA,Bernice,1
IA,Boyden,1
NC,Atlantic,1
WA,City Of Spokane Valley,1
IL,Carmi,1
CO,Eckert,1
IL,Prophetstown,1
NE,Curtis,1
NE,Holstein,1
IL,Shelbyville,1
NY,Bayville,1
IA,Mallard,1
MA,Barre,1
MI,Mecosta,1
OK,Oklahoma City Southwest,1
KS,Garden Plain,1
IL,Mount Carmel,1
IA,Van Meter,1
MD,Mcdaniel,1
LA,Oscar,1
WI,Sussex,1
MI,Lathrup Village,1
NY,Livonia,1
MS,Preston,1
OK,Ripley,1
TX,Refugio,1
KS,Levant,1
NJ,Essex Fells,1
IA,Riceville,1
VA,Dungannon,1
GA,Roswell-Alpharetta,1
NH,Wilmot,1
MO,Curryville,1
TX,Overton,1
IL,Prairie City,1
IA,Hancock,1
IL,Inverness,1
PA,Dilliner,1
CT,Eastford,1
NM,La Luz,1
NM,Miami,1
MI,Watertown,1
WV,Lyburn,1
AR,Pindall,1
MO,Laclede,1
KS,Washington,1
MI,Manton,1
TX,Wolfe City,1
MO,Meta,1
SC,McClellanville,1
IA,Moravia,1
TN,Obion,1
WV,Blacksville,1
IL,Rich,1
MS,Isola,1
WV,Paw Paw,1
PA,St Benedict,1
IL,Golf,1
MO,Asbury,1
AR,Columbus,1
TX,Gustine,1
IA,Red Oak,1
GA,Carlton,1
WI,Dalton,1
IN,Kingsbury,1
WA,Okanogan,1
NE,Ord,1
CA,Villa Grande,1
AR,Jasper,1
KS,Mullinville,1
IA,Little Rock,1
IA,Gilbert,1
MI,Caro,1
OH,Miamitown,1
PA,Lecontes Mills,1
NE,Creighton,1
OH,Phillipsburg,1
GA,Shellman,1
MO,Trimble,1
WV,Foster,1
NM,San Juan Pueblo,1
TX,Tioga,1
SD,Piedmont,1
AR,Cave Springs,1
MS,Rolling Fork,1
SC,Daufuskie Island,1
TX,Iredell,1
NE,David City,1
UT,Oak City,1
TN,Hilham,1
WV,Durbin,1
IA,Prescott,1
WV,Lindside,1
KY,Burkesville,1
MT,Melville,1
TX,McGregor,1
WV,Deep Water,1
NE,Broadwater,1
MN,Sartell,1
TX,Talco,1
AL,Section,1
SD,White Lake,1
KY,Reynolds Station,1
MT,Dodson,1
MO,Branson,1
ND,Maxbass,1
NE,Ewing,1
ND,Cathay,1
NE,Dakota City,1
KY,Olaton,1
IL,Baldwin,1
FL,Nobleton,1
KS,Wakarusa,1
VA,Bruington,1
PA,Morgan,1
TN,Turtletown,1
KS,Belleville,1
PA,Burnside,1
NE,Red Cloud,1
KY,Corydon,1
NE,Page,1
KS,Dennis,1
TN,McEwen,1
IA,Hawarden,1
KS,Williamsburg,1
WV,Nettie,1
ND,Fairmount,1
KY,Dixon,1
PA,West Brandywine,1
WA,Quinault,1
OK,Quapaw,1
NJ,Dennisville,1
MT,Richey,1
MO,Deepwater,1
NJ,Windsor,1
ID,Aberdeen,1
IA,Honey Creek,1
PA,Laporte,1
IA,Thayer,1
NE,Willow Island,1
NM,Taiban,1
TX,Strawn,1
PA,Whiteford,1
MO,Winona,1
MO,Shelbina,1
KY,Cynthiana,1
IA,Nashua,1
ND,Selfridge,1
IN,Etna Green,1
NE,Platte Center,1
MS,Hermanville,1
ND,Karlsruhe,1
RI,Middletown,1
TN,Graysville,1
NE,Stromsburg,1
OH,Mount Healthy,1
TX,Big Sandy,1
ME,Ebeemee Twp,1
ME,West Gardiner,1
ME,Monson,1
ME,Carrabassett Valley,1
TX,Boyd,1
PA,Chesterbrook,1
VT,Concord,1
DE,Camden,1
NJ,Kingston,1
OK,Perkins,1
IL,Omaha,1
MS,State Line,1
IL,Mc Clure,1
ME,Patten,1
CA,Palos Verdes Estates,1
NE,Wolbach,1
ME,Ashland,1
ME,Leeds,1
ME,Mercer,1
IA,Melvin,1
IL,Christopher,1
CA,Russian River-Sonoma Coast,1
MI,Athens,1
GA,Waverly Hall,1
IL,Emington,1
WI,Seymour,1
TX,Stockdale,1
ME,Machias,1
MN,Laketown,1
IA,Mc Clelland,1
ME,Canaan,1
AR,Roe,1
LA,Pelican,1
ME,Mars Hill,1
WI,Lublin,1
UT,Provo-Orem,1
LA,District 3,1
ME,Eustis,1
ME,Topsfield,1
WA,Hunters,1
KS,Garfield,1
LA,Killona,1
TN,Guys,1
LA,Mamou,1
MO,Blue Eye,1
TX,Richland Springs,1
TX,Sullivan City,1
PA,De Lancey,1
TX,Marfa,1
OK,Clinton,1
IN,Worthington,1
OR,Obrien,1
TX,Elkhart,1
TN,Oakland,1
PA,West Elizabeth,1
VT,Norwich,1
OH,Thurston,1
IL,Ridott,1
OH,New Haven,1
OH,Ansonia,1
AZ,Window Rock,1
TN,Reagan,1
MI,Burr Oak,1
IL,Stone Park,1
IL,McClure,1
UT,Glenwood,1
TX,Teague,1
TX,Pipe Creek,1
OH,Malinta,1
OK,Warner,1
WA,Joint Base Lewis Mcchord,1
GA,Gracewood,1
OH,Clifton,1
KY,Nortonville,1
TX,Odem,1
TX,Maxwell,1
KY,Graham,1
OK,Calera,1
NC,Blounts Creek,1
AL,Mt Vernon,1
AL,Crane Hill,1
IL,Carrier Mills,1
GA,Bowersville,1
OK,Adair,1
AL,Orrville,1
MO,Warrensburg,1
IL,Rankin,1
IL,Warrensburg,1
VT,Grafton,1
TN,Union City,1
IL,Rossville,1
PA,Wall,1
MS,Itta Bena,1
TX,Odonnell,1
WA,Wahkiacus,1
ME,Livermore,1
TX,Winters,1
MI,Onsted,1
OH,Belle Valley,1
OH,Alvada,1
IL,Harrisburg,1
MO,Bismarck,1
KY,Dawson Springs,1
OK,Kiefer,1
OH,West Mansfield,1
OH,Fort Recovery,1
NH,North Conway,1
OH,Willard,1
AR,Bethel Heights,1
NH,Mirror Lake,1
KY,Mc Kee,1
VT,Derby Line,1
CA,Birds Lndg,1
OH,Holmesville,1
IL,Hoyleton,1
PA,Immaculata,1
OH,Vaughnsville,1
MI,Bitely,1
OH,Copley,1
AL,Pine Apple,1
OK,Tuttle,1
TX,Rio Vista,1
TX,Fluvanna,1
IL,Freeburg,1
KY,Fulton,1
NH,Effingham,1
NY,Breezy Point,1
MI,Harbor Springs,1
OH,Ontario,1
PA,Buena Vista,1
MA,Hanscom Afb,1
TX,George West,1
IL,Potomac,1
NH,Sugar Hill,1
KY,Whitley City,1
PA,Eddystone,1
MA,West Harwich,1
WI,Trempealeau,1
KS,Saint Francis,1
KY,Busy,1
LA,Plain Dealing,1
IA,Jewell,1
MI,Channing,1
KY,Robards,1
OH,Arcadia,1
RI,Rockville,1
OH,Bristolville,1
OK,Porter,1
OK,Fort Sill,1
KY,Hazel,1
IL,Windsor,1
TX,Richards,1
OH,Stoutsville,1
MI,Berkley,1
KS,Lyndon,1
MO,Hartsburg,1
VT,Wallingford,1
NY,Yorkshire,1
TX,Ponder,1
OK,Oktaha,1
NY,West Leyden,1
NH,Fremont,1
VT,Pittsford,1
VT,Stratton,1
IL,Cottage Hills,1
TX,Beckville,1
NH,Dalton,1
MD,District 5 Dublin,1
IL,Morrison,1
NY,Eaton,1
MD,Ingleside,1
UT,Millville,1
GA,Fort Gaines,1
OH,Reedsville,1
WA,Edwall,1
TX,Garrison,1
VT,Marshfield,1
GA,Mount Vernon,1
TX,Tatum,1
VT,Charlotte,1
NY,Claryville,1
KY,Worthington,1
IN,Center,1
NY,Mooers,1
MS,Okolona,1
IA,George,1
NY,Davenport,1
MA,Montgomery,1
IL,Madison,1
WI,Saint Croix Falls,1
OH,Berlin Center,1
NH,Berlin,1
MN,Vergas,1
KY,Glasgow,1
KS,Russell,1
MD,Shady Side,1
KS,Berryton,1
VA,Elk Creek,1
WI,Williams Bay,1
IN,Wheatland,1
VT,Wells,1
VT,Salisbury,1
ME,Durham,1
NY,Stratford,1
NY,Brainard,1
IL,Rochester,1
KY,Alvaton,1
WA,Granger,1
ME,Blue Hill,1
ME,Raymond,1
NH,South Hampton,1
OK,Wilson,1
IL,Trivoli,1
NH,Pittsburg,1
MI,Elsie,1
KS,Osawatomie,1
OH,Struthers,1
TX,Jourdanton,1
VA,Brookland,1
ME,Bradley,1
KS,Auburn,1
IA,Ocheyedan,1
MA,Worthington,1
VT,South Hero,1
IL,Chatham,1
KY,Park City,1
GA,Fort Gordon,1
MO,Milo,1
GA,Dexter,1
MI,Munising,1
OH,Wharton,1
ME,Orland,1
TX,Anton,1
OH,Beallsville,1
WI,Howard,1
ME,Skowhegan,1
NH,South Acworth,1
NJ,Califon,1
PA,Mont Alto,1
NY,Bayside Hills,1
WI,Kiel,1
NC,Pendleton,1
VT,East Fairfield,1
IL,Ela,1
NY,Shushan,1
NY,Schuyler Falls,1
NC,Zionville,1
OH,Fayette,1
NM,Los Ranchos,1
NM,Placitas,1
WI,Beldenville,1
MI,Watersmeet,1
RI,Oakland,1
OK,Hugo,1
MA,Berkshire,1
NH,Waterville Valley,1
IL,Leaf River,1
WI,Rio,1
TN,Eagleville,1
IN,Urbana,1
VA,Columbia,1
NH,Hill,1
NY,Athol,1
NE,Belvidere,1
TX,Skidmore,1
NY,Shelter Island,1
LA,Logansport,1
IL,Mc Nabb,1
CA,Oceanside-Escondido,1
LA,Bienville,1
TN,Whiteville,1
IA,Cushing,1
KS,Sedgwick,1
MI,Houghton,1
MS,Falkner,1
IL,Easton,1
WI,Eden,1
IA,Garnavillo,1
MO,Maysville,1
TX,Knippa,1
IA,Alleman,1
TX,Orange Grove,1
MA,Florida,1
NE,Herman,1
NM,Mesilla Park,1
KS,Bunker Hill,1
MS,Cruger,1
WI,Mason,1
TX,Farmersville,1
OH,Houston,1
MI,Grosse Pointe Park,1
KS,Bentley,1
IL,Chapin,1
OH,Yorkshire,1
VT,Ludlow,1
AL,Adger,1
KY,Bedford,1
IN,Merom,1
OK,Kellyville,1
MS,Stennis Space Center,1
MA,Petersham,1
MI,Bailey,1
MI,Lakeport,1
NJ,Cookstown,1
WI,Clear Lake,1
MS,Greenwood,1
VA,Locust Dale,1
IA,Le Grand,1
AL,Lisman,1
FL,Union Park,1
WI,Boulder Junction,1
MI,Grosse Pointe Farms,1
WI,Hubertus,1
WA,Brewster,1
IA,Webster,1
NE,Culbertson,1
NC,Buxton,1
OH,Plymouth,1
PA,Wyomissing,1
NY,East Atlantic Beach,1
PA,Fountainville,1
TX,Kingsland,1
IN,Royal Center,1
MA,South Grafton,1
WI,Neshkoro,1
MI,Hamburg,1
OH,Magnetic Springs,1
DE,Millville,1
TX,Rio Hondo,1
MN,Correll,1
TN,Crump,1
TX,Valley View,1
TX,Cedar Park-Liberty Hill,1
NC,Spencer,1
TX,Cuero,1
NY,Long Eddy,1
IL,Bushnell,1
NJ,Pittstown,1
WA,Tekoa,1
MO,Owensville,1
DC,Bolling Afb,1
KY,Madisonville,1
IA,Lovilia,1
OK,Glencoe,1
GA,Pineview,1
MI,Woodland,1
KY,Hyden,1
IN,Butler,1
NJ,Lawrenceville,1
OK,Miami,1
IL,Reynolds,1
WI,Iron Ridge,1
MD,North Beach,1
OH,Dennison,1
NC,Ivanhoe,1
IL,Newton,1
MS,Liberty,1
MO,Annada,1
NY,Moriah,1
NE,Wausa,1
TX,Rosebud,1
AL,Tuskegee Institute,1
TX,Jermyn,1
MO,Lake Ozark,1
WA,Union Gap,1
MO,Potosi,1
IA,Tingley,1
KY,Brownsville,1
NC,Knotts Island,1
IL,Strasburg,1
PA,Pitcairn,1
NC,Township 6 Clear Creek,1
IN,Kirklin,1
AL,Detroit,1
TX,Southwest Dallas,1
NY,Oakfield,1
MS,Ashland,1
LA,Paradis,1
OH,Fowler,1
LA,Haynesville,1
IN,Harrison,1
NE,Nehawka,1
MA,Gilbertville,1
TX,Gunter,1
IA,Macedonia,1
IL,Crescent City,1
LA,Florien,1
PA,Lyndora,1
TX,Santa Elena,1
NV,Smith Valley,1
OH,Perrysville,1
NJ,West Collingswood Heights,1
FL,Palm River-Gibsonton,1
VT,Orwell,1
CT,Riverton,1
MA,Jefferson,1
NY,Pine Island,1
MA,Westhampton,1
WA,Ephrata,1
NJ,New Egypt,1
OR,Portland East,1
PA,Coburn,1
IN,Winona Lake,1
MN,Rheiderland,1
TN,Gadsden,1
IL,Warren,1
OH,Rossburg,1
TX,San Isidro,1
NY,Maybrook,1
NY,Norwich,1
IL,Mineral,1
OH,Croton,1
IN,Summitville,1
NE,Saint Helena,1
NY,Gates,1
WA,College Place,1
MO,Mountain Grove,1
TN,District 19,1
KY,Slaughters,1
OK,Billings,1
IN,Boggstown,1
IL,River Grove,1
NH,Deering,1
NJ,North Middletown,1
WI,Butler,1
LA,Simmesport,1
NY,South Plymouth,1
NC,Granite Quarry,1
TX,Lavon,1
OK,Poteau,1
NJ,Rockleigh,1
NE,Clarks,1
WI,Cross Plains,1
WA,Waterville,1
TX,Canyon Lake,1
OK,Mounds,1
IL,Calumet,1
NJ,Cresskill,1
KS,South Haven,1
NY,Summit,1
WV,Follansbee,1
WV,Cabins,1
NY,Mount Upton,1
KS,Liberty,1
TX,Gail,1
WV,Man,1
AR,Combs,1
MI,Corunna,1
WV,Davisville,1
WV,Liberty,1
MS,Cedar Bluff,1
WI,Pickett,1
IL,Ladd,1
PA,Pocono Manor,1
MI,Atlantic Mine,1
ID,Holbrook,1
AR,Madison,1
NM,Ocate,1
WV,Masontown,1
KS,Dwight,1
FL,Homeland,1
IA,Dedham,1
MO,Lesterville,1
KY,Water Valley,1
KY,Booneville,1
NE,Hoskins,1
WV,Gerrardstown,1
NJ,Moonachie,1
PA,South Heights,1
IN,Hartford City,1
PA,Damascus,1
LA,Meraux,1
TN,Quebeck,1
MO,Old Appleton,1
KY,Pine Knot,1
WV,Lerona,1
ND,Wildrose,1
WI,Maiden Rock,1
MO,Thayer,1
WA,Yarrow Point,1
OK,Roland,1
WV,Falling Rock,1
MD,Orchard Beach,1
NE,Lawrence,1
OH,Silver Lake,1
SD,Black Hawk,1
PA,Tyler Hill,1
NM,Picacho,1
IL,Grafton,1
PA,Emigsville,1
CA,Navarro,1
WA,Pomeroy,1
ND,Saint Michael,1
WV,Miami,1
AR,Rudy,1
OH,Luckey,1
WI,Radisson,1
AR,Marble Falls,1
NY,Big Flats,1
DC,Washington Navy Yard,1
NE,Max,1
WV,Palestine,1
NC,Icard,1
WV,Heaters,1
PA,Middleport,1
KS,Andover,1
WV,McMechen,1
OH,Kings Mills,1
WV,Hometown,1
TX,Kempner,1
NE,Edison,1
WV,Horner,1
AR,Charleston,1
ND,Beach,1
PA,Unionville,1
TN,Surgoinsville,1
PA,South Hills,1
VA,Speedwell,1
OH,West Manchester,1
WV,Harman,1
AR,Arkansas City,1
MN,Eitzen,1
IA,Mt Vernon,1
NE,Champion,1
FL,Lighthouse Point,1
MD,Mt Rainier,1
TN,Granville,1
GA,Sale City,1
KS,Princeton,1
NE,Malcolm,1
TN,Alpine,1
CA,Bryn Mawr,1
CO,Eldorado Springs,1
ND,Columbus,1
WV,Mill Creek,1
MI,Eckerman,1
MO,Eugene,1
WI,Ixonia,1
CA,McCloud-Medicine Lake,1
IL,Waverly,1
OH,Beavercreek Township,1
NE,Chapman,1
PA,Spraggs,1
AR,Moscow,1
CA,Robbins,1
ND,Courtenay,1
WA,Moxee,1
KY,Edmonton,1
KS,Satanta,1
PA,Mt Gretna,1
ND,Hazen,1
AR,Augusta,1
SD,Box Elder,1
NY,Moriah Center,1
MO,Chestnutridge,1
NC,Stella,1
MT,Sand Springs,1
OH,Wheelersburg,1
WY,Afton,1
WV,Ellenboro,1
WA,Malo,1
IA,Pilot Mound,1
FL,Deer Island,1
FL,Wausau,1
MO,Cosby,1
NM,Nageezi,1
WV,Layland,1
ND,Saint Thomas,1
VA,Fort A P Hill,1
GA,Clyo,1
OH,Robertsville,1
KS,Blue Rapids,1
MT,Silver Gate,1
ND,Washburn,1
IN,Union Mills,1
MD,Galesville,1
TX,Garwood,1
PA,Belmont Hills,1
MD,Tyaskin,1
CA,Windsor Hills,1
DE,Houston,1
PA,Star Junction,1
WA,Curlew,1
TX,Bellville,1
MT,Scobey,1
MN,East Grand Forks,1
AR,Marianna,1
KY,Catlettsburg,1
PA,Glasgow,1
SD,Montrose,1
MD,District 13,1
MT,Raymond,1
WA,Harrington,1
NE,Valparaiso,1
MT,Mc Leod,1
ND,Regent,1
TX,Port O Connor,1
KY,Magnolia,1
ND,Monango,1
OR,Milwaukie,1
CA,West Sierra,1
NY,Morristown,1
WI,Bristol town,1
TN,Cowan,1
ND,Penn,1
IA,Luxemburg,1
ND,Zeeland,1
ND,Minnewaukan,1
ID,Medimont,1
KY,Augusta,1
NM,Willard,1
PA,Wilburton,1
MN,Shorewood,1
UT,Riverside,1
IL,Fulton,1
GA,Allentown,1
NV,Walker Lake,1
WY,Alpine,1
AR,Ogden,1
NY,Lowman,1
ND,Palermo,1
KY,Dover,1
PA,Granville,1
NV,Beatty,1
ID,Greenleaf,1
MO,Halfway,1
IA,Algona,1
CA,Central Coast,1
NY,West Camp,1
PA,Russell,1
OH,Bessemer,1
ND,Streeter,1
NE,Bartlett,1
VA,Catawba,1
NE,Stella,1
MD,District 6 Northern,1
IA,Bedford,1
NM,San Patricio,1
PA,Dunmore,1
PA,Saint Benedict,1
IA,Wyoming,1
AR,Mountain Pine,1
MT,Vida,1
NE,Pawnee City,1
NE,Hubbard,1
MO,Weaubleau,1
ND,Mohall,1
IA,Lake Park,1
ND,Center,1
MT,Richland,1
NY,North Collins,1
NJ,Wenonah,1
ND,Wimbledon,1
WI,Houlton,1
SC,Charleston AFB,1
AZ,Fountain Hills,1
NY,Rock Stream,1
IA,Clarence,1
KY,Beaver Dam,1
ND,Belcourt,1
MS,Roxie,1
IA,Sutherland,1
TX,Pantego,1
MI,Pleasant Ridge,1
IA,Logan,1
NE,Creston,1
NM,Carrizozo,1
ND,Barney,1
MT,Alder,1
MN,Round Lake,1
NC,Cedar Point,1
ND,Maddock,1
IN,Springport,1
KS,Eastborough,1
WV,Leon,1
MO,Lonedell,1
TX,Olmito,1
OH,Warrensville Heights,1
WA,Wishram,1
OH,Seven Hills,1
ND,Bottineau,1
ND,Sykeston,1
NH,Wentworths Location,1
PA,Clintonville,1
WI,Pound,1
MI,Irons,1
WA,Vashon Island,1
OK,Midwest City,1
MI,Newberry,1
WY,Daniel,1
PA,Richboro,1
VT,Irasburg,1
WI,Springbrook,1
SD,Batesland,1
MO,Grandin,1
WY,Boulder,1
MO,La Monte,1
MN,Browns Valley,1
OK,Byars,1
ME,Oakland,1
AR,Burdette,1
NY,South Cairo,1
VT,Derby,1
SD,Freeman,1
NM,Valmora,1
ME,Bingham,1
ME,Columbia Falls,1
KY,Slade,1
AR,Harvey,1
MI,Houghton Lake Heights,1
SD,Belle Fourche,1
MI,Union City,1
NY,Jasper,1
OR,Williams,1
VT,Burlington,1
WA,Metaline Falls,1
WI,Conrath,1
ME,New Limerick,1
SD,Jefferson,1
KY,Russell,1
WI,Livingston,1
NY,Jewett,1
SD,Bridgewater,1
VT,Stockbridge,1
NM,Fort Sumner,1
GA,Fargo,1
NE,Litchfield,1
OK,Erick,1
WI,Elroy,1
NY,Sterling,1
CT,Kent,1
WI,Phillips,1
ID,Ketchum,1
KY,Oakland,1
UT,Lewiston,1
WI,La Farge,1
ID,Donnelly,1
VT,Canaan,1
TN,Red Boiling Springs,1
MO,Fordland,1
ME,Limington,1
NY,Lyndonville,1
ID,Lowman,1
NH,Croydon,1
MD,Fork,1
MS,Lauderdale,1
NE,Chester,1
IN,Saint Croix,1
ME,Hancock,1
NY,Lake Placid,1
SD,Selby,1
ME,Peru,1
NE,Arnold,1
ME,Eagle Lake,1
KS,Ness City,1
TN,Sharon,1
MS,Fayette,1
NH,Canaan,1
IA,Fairbank,1
NE,Brewster,1
AR,Smackover,1
NM,Eagle Nest,1
OR,Diamond,1
SD,Arlington,1
WI,Genoa City,1
GA,Rebecca,1
LA,Hahnville,1
LA,Jeanerette,1
IL,Milford,1
ID,Stanley,1
ID,Sweet,1
MD,District 1 Abingdon,1
PA,Bradford township,1
MI,Au Gres,1
OK,Alva,1
WI,Amberg,1
